
# Number fields downloaded from the LMFDB on 02 June 2026.
# Search link: https://www.lmfdb.org/NumberField/?degree=4&signature=(4,0)&galois_group=C4&field_is=gal&sort_order=rd
# Query "{'degree': 4, 'galois_label': '4T1', 'r2': 0, 'is_galois': True}" returned 11147 fields, sorted by root discriminant.

# Each entry in the following data list has the form:
#    [Label, Polynomial, Discriminant, Root discriminant, Galois group, Class group]
# For more details, see the definitions at the bottom of the file.



"4.4.1125.1"	[1, 4, -4, -1, 1]	1125	5.79146092644	"4T1"	[]
"4.4.2000.1"	[5, 0, -5, 0, 1]	2000	6.68740304976	"4T1"	[]
"4.4.2048.1"	[2, 0, -4, 0, 1]	2048	6.72717132203	"4T1"	[]
"4.4.4913.1"	[1, 1, -6, -1, 1]	4913	8.37214402859	"4T1"	[]
"4.4.6125.1"	[11, 9, -9, -1, 1]	6125	8.84660269327	"4T1"	[]
"4.4.8000.1"	[20, 0, -10, 0, 1]	8000	9.45741609003	"4T1"	[]
"4.4.15125.1"	[31, 14, -14, -1, 1]	15125	11.089803369	"4T1"	[]
"4.4.18432.1"	[18, 0, -12, 0, 1]	18432	11.651802521	"4T1"	[]
"4.4.19773.1"	[3, -9, -11, -1, 1]	19773	11.8581828179	"4T1"	[]
"4.4.35152.1"	[13, 0, -13, 0, 1]	35152	13.692650084	"4T1"	[]
"4.4.45125.1"	[101, 24, -24, -1, 1]	45125	14.5748570443	"4T1"	[]
"4.4.51200.1"	[50, 0, -20, 0, 1]	51200	15.0424123723	"4T1"	[2]
"4.4.66125.1"	[151, 29, -29, -1, 1]	66125	16.0358291776	"4T1"	[]
"4.4.68921.1"	[-4, -18, -15, -1, 1]	68921	16.2027187143	"4T1"	[]
"4.4.72000.1"	[180, 0, -30, 0, 1]	72000	16.3807251763	"4T1"	[2]
"4.4.100352.1"	[98, 0, -28, 0, 1]	100352	17.798422345	"4T1"	[]
"4.4.107653.1"	[29, -22, -24, -1, 1]	107653	18.1136734559	"4T1"	[]
"4.4.120125.1"	[281, 39, -39, -1, 1]	120125	18.6169421902	"4T1"	[]
"4.4.122825.1"	[86, 1, -23, -1, 1]	122825	18.7206831654	"4T1"	[2]
"4.4.140608.1"	[52, 0, -26, 0, 1]	140608	19.3643314537	"4T1"	[]
"4.4.190125.1"	[451, 49, -49, -1, 1]	190125	20.8814093301	"4T1"	[2]
"4.4.219501.1"	[-35, 67, -25, -1, 1]	219501	21.6450765353	"4T1"	[]
"4.4.231125.1"	[551, 54, -54, -1, 1]	231125	21.926117193	"4T1"	[]
"4.4.247808.1"	[242, 0, -44, 0, 1]	247808	22.3115031756	"4T1"	[]
"4.4.256000.1"	[10, 0, -20, 0, 1]	256000	22.4936530076	"4T1"	[2]
"4.4.256000.2"	[90, 0, -20, 0, 1]	256000	22.4936530076	"4T1"	[2]
"4.4.265837.1"	[81, -35, -37, -1, 1]	265837	22.7066913572	"4T1"	[]
"4.4.274625.1"	[16, 4, -24, -1, 1]	274625	22.8920674829	"4T1"	[2]
"4.4.274625.2"	[-49, 69, -24, -1, 1]	274625	22.8920674829	"4T1"	[2]
"4.4.276125.1"	[661, 59, -59, -1, 1]	276125	22.9232627414	"4T1"	[]
"4.4.314432.1"	[272, 0, -34, 0, 1]	314432	23.6799992628	"4T1"	[2]
"4.4.325125.1"	[781, 64, -64, -1, 1]	325125	23.8788051264	"4T1"	[2]
"4.4.338000.1"	[845, 0, -65, 0, 1]	338000	24.1117745956	"4T1"	[2]
"4.4.346112.1"	[338, 0, -52, 0, 1]	346112	24.2551611404	"4T1"	[2]
"4.4.389017.1"	[2, 41, -27, -1, 1]	389017	24.9742321886	"4T1"	[]
"4.4.390224.1"	[29, 0, -29, 0, 1]	390224	24.9935815286	"4T1"	[]
"4.4.392000.1"	[980, 0, -70, 0, 1]	392000	25.0219710195	"4T1"	[2]
"4.4.435125.1"	[1051, 74, -74, -1, 1]	435125	25.68345875	"4T1"	[]
"4.4.455877.1"	[123, 30, -32, -1, 1]	455877	25.9843537704	"4T1"	[]
"4.4.460800.1"	[450, 0, -60, 0, 1]	460800	26.0542224973	"4T1"	[2]
"4.4.494325.1"	[159, -48, -50, -1, 1]	494325	26.5157028705	"4T1"	[2]
"4.4.561125.1"	[1361, 84, -84, -1, 1]	561125	27.369376545	"4T1"	[]
"4.4.578000.1"	[1445, 0, -85, 0, 1]	578000	27.5728691353	"4T1"	[2]
"4.4.591872.2"	[578, 0, -68, 0, 1]	591872	27.7368379224	"4T1"	[2]
"4.4.630125.1"	[1531, 89, -89, -1, 1]	630125	28.1745298455	"4T1"	[]
"4.4.704969.1"	[8, -39, -33, -1, 1]	704969	28.9762716848	"4T1"	[]
"4.4.707472.1"	[612, 0, -51, 0, 1]	707472	29.0019576516	"4T1"	[2]
"4.4.739328.1"	[722, 0, -76, 0, 1]	739328	29.3230599686	"4T1"	[]
"4.4.780125.1"	[1901, 99, -99, -1, 1]	780125	29.7194692266	"4T1"	[]
"4.4.793117.1"	[263, -61, -63, -1, 1]	793117	29.8424389928	"4T1"	[]
"4.4.810448.1"	[333, 0, -37, 0, 1]	810448	30.0041472881	"4T1"	[]
"4.4.830297.1"	[664, 1, -57, -1, 1]	830297	30.1861945807	"4T1"	[2]
"4.4.861125.1"	[2101, 104, -104, -1, 1]	861125	30.4625706509	"4T1"	[]
"4.4.878800.1"	[325, 0, -65, 0, 1]	878800	30.61769638	"4T1"	[2]
"4.4.882000.1"	[2205, 0, -105, 0, 1]	882000	30.6455306782	"4T1"	[2, 2]
"4.4.903168.2"	[882, 0, -84, 0, 1]	903168	30.8277717961	"4T1"	[2]
"4.4.912673.1"	[-61, -91, -36, -1, 1]	912673	30.9085620302	"4T1"	[]
"4.4.946125.1"	[2311, 109, -109, -1, 1]	946125	31.187971563	"4T1"	[2, 2]
"4.4.968000.2"	[2420, 0, -110, 0, 1]	968000	31.3667006569	"4T1"	[2]
"4.4.1035125.1"	[2531, 114, -114, -1, 1]	1035125	31.8968796242	"4T1"	[2]
"4.4.1083392.2"	[1058, 0, -92, 0, 1]	1083392	32.2623802889	"4T1"	[]
"4.4.1162213.1"	[393, -74, -76, -1, 1]	1162213	32.8338214554	"4T1"	[]
"4.4.1195061.1"	[-35, 154, -54, -1, 1]	1195061	33.0634005488	"4T1"	[]
"4.4.1265472.2"	[468, 0, -78, 0, 1]	1265472	33.5400059324	"4T1"	[2]
"4.4.1326125.1"	[3251, 129, -129, -1, 1]	1326125	33.9348642021	"4T1"	[]
"4.4.1339893.1"	[-59, -116, -46, -1, 1]	1339893	34.0226023754	"4T1"	[]
"4.4.1352000.1"	[3380, 0, -130, 0, 1]	1352000	34.099198646	"4T1"	[2]
"4.4.1431125.1"	[3511, 134, -134, -1, 1]	1431125	34.5875175166	"4T1"	[]
"4.4.1442897.1"	[-64, 120, -42, -1, 1]	1442897	34.6584257698	"4T1"	[]
"4.4.1540125.1"	[3781, 139, -139, -1, 1]	1540125	35.228081519	"4T1"	[2]
"4.4.1560896.1"	[116, 0, -58, 0, 1]	1560896	35.34626197	"4T1"	[]
"4.4.1682000.2"	[4205, 0, -145, 0, 1]	1682000	36.0127675547	"4T1"	[2, 2]
"4.4.1722368.1"	[1682, 0, -116, 0, 1]	1722368	36.226926255	"4T1"	[2]
"4.4.1723025.1"	[160, -100, -56, -1, 1]	1723025	36.2303804655	"4T1"	[2]
"4.4.1770125.1"	[4351, 149, -149, -1, 1]	1770125	36.4754773322	"4T1"	[2]
"4.4.1891125.1"	[4651, 154, -154, -1, 1]	1891125	37.0834438282	"4T1"	[2, 2]
"4.4.1968128.2"	[1922, 0, -124, 0, 1]	1968128	37.4553047494	"4T1"	[]
"4.4.2016125.1"	[4961, 159, -159, -1, 1]	2016125	37.6816024833	"4T1"	[]
"4.4.2042829.1"	[117, 141, -53, -1, 1]	2042829	37.8057626651	"4T1"	[]
"4.4.2111317.1"	[731, -100, -102, -1, 1]	2111317	38.1187245853	"4T1"	[]
"4.4.2145125.1"	[5281, 164, -164, -1, 1]	2145125	38.2704131838	"4T1"	[]
"4.4.2166633.1"	[1786, 1, -91, -1, 1]	2166633	38.3659837401	"4T1"	[2]
"4.4.2178000.1"	[5445, 0, -165, 0, 1]	2178000	38.416205762	"4T1"	[2, 2]
"4.4.2230272.1"	[2178, 0, -132, 0, 1]	2230272	38.6446570934	"4T1"	[2]
"4.4.2304000.1"	[90, 0, -60, 0, 1]	2304000	38.960149857	"4T1"	[4]
"4.4.2304000.2"	[810, 0, -60, 0, 1]	2304000	38.960149857	"4T1"	[4]
"4.4.2312000.1"	[5780, 0, -170, 0, 1]	2312000	38.9939254846	"4T1"	[2]
"4.4.2382032.1"	[53, 0, -53, 0, 1]	2382032	39.28591728	"4T1"	[5]
"4.4.2415125.1"	[5951, 174, -174, -1, 1]	2415125	39.4216595841	"4T1"	[]
"4.4.2481997.1"	[863, 67, -69, -1, 1]	2481997	39.6917560124	"4T1"	[]
"4.4.2508800.1"	[2450, 0, -140, 0, 1]	2508800	39.7984822557	"4T1"	[2]
"4.4.2556125.1"	[6301, 179, -179, -1, 1]	2556125	39.9848546816	"4T1"	[2]
"4.4.2571353.1"	[-236, 214, -51, -1, 1]	2571353	40.0442740947	"4T1"	[]
"4.4.2691325.1"	[939, -113, -115, -1, 1]	2691325	40.5034051696	"4T1"	[2]
"4.4.2738000.1"	[6845, 0, -185, 0, 1]	2738000	40.6778846961	"4T1"	[2]
"4.4.2803712.1"	[2738, 0, -148, 0, 1]	2803712	40.9197856525	"4T1"	[2]
"4.4.2829888.2"	[2448, 0, -102, 0, 1]	2829888	41.0149618463	"4T1"	[2]
"4.4.2850125.1"	[7031, 189, -189, -1, 1]	2850125	41.0880922289	"4T1"	[]
"4.4.2888000.1"	[7220, 0, -190, 0, 1]	2888000	41.2239210035	"4T1"	[2]
"4.4.2951069.1"	[23, 241, -83, -1, 1]	2951069	41.4471660488	"4T1"	[]
"4.4.3048625.1"	[-64, -136, -54, -1, 1]	3048625	41.7855383348	"4T1"	[4]
"4.4.3048625.2"	[81, 9, -54, -1, 1]	3048625	41.7855383348	"4T1"	[4]
"4.4.3115008.1"	[3042, 0, -156, 0, 1]	3115008	42.011171441	"4T1"	[2]
"4.4.3160125.1"	[7801, 199, -199, -1, 1]	3160125	42.162471964	"4T1"	[2]
"4.4.3241792.1"	[1332, 0, -74, 0, 1]	3241792	42.4322720222	"4T1"	[]
"4.4.3321125.1"	[8201, 204, -204, -1, 1]	3321125	42.6895233244	"4T1"	[]
"4.4.3362000.1"	[8405, 0, -205, 0, 1]	3362000	42.8202725534	"4T1"	[2, 2]
"4.4.3442688.2"	[3362, 0, -164, 0, 1]	3442688	43.0749137415	"4T1"	[2, 2]
"4.4.3486125.1"	[8611, 209, -209, -1, 1]	3486125	43.2101465076	"4T1"	[]
"4.4.3515200.1"	[1300, 0, -130, 0, 1]	3515200	43.2999614693	"4T1"	[2]
"4.4.3528000.1"	[8820, 0, -210, 0, 1]	3528000	43.3393251113	"4T1"	[2, 2]
"4.4.3631696.1"	[549, 0, -61, 0, 1]	3631696	43.6543345032	"4T1"	[]
"4.4.3786752.1"	[3698, 0, -172, 0, 1]	3786752	44.1130123867	"4T1"	[]
"4.4.3851792.1"	[3332, 0, -119, 0, 1]	3851792	44.3012220801	"4T1"	[2]
"4.4.4005125.1"	[9901, 224, -224, -1, 1]	4005125	44.735677483	"4T1"	[]
"4.4.4062253.1"	[1433, -139, -141, -1, 1]	4062253	44.8943555805	"4T1"	[]
"4.4.4131833.1"	[3452, 1, -125, -1, 1]	4131833	45.085375383	"4T1"	[2]
"4.4.4186125.1"	[10351, 229, -229, -1, 1]	4186125	45.2327558238	"4T1"	[2, 2]
"4.4.4232000.1"	[10580, 0, -230, 0, 1]	4232000	45.3561742137	"4T1"	[2]
"4.4.4371125.1"	[10811, 234, -234, -1, 1]	4371125	45.7244306576	"4T1"	[2]
"4.4.4410944.2"	[656, 0, -82, 0, 1]	4410944	45.8282091062	"4T1"	[2, 2]
"4.4.4499456.1"	[26, 0, -52, 0, 1]	4499456	46.056401484	"4T1"	[2]
"4.4.4499456.2"	[650, 0, -52, 0, 1]	4499456	46.056401484	"4T1"	[2]
"4.4.4524032.2"	[4418, 0, -188, 0, 1]	4524032	46.1191630216	"4T1"	[]
"4.4.4560125.1"	[11281, 239, -239, -1, 1]	4560125	46.2108744617	"4T1"	[]
"4.4.4853173.1"	[1719, -152, -154, -1, 1]	4853173	46.9360397702	"4T1"	[]
"4.4.4950125.1"	[12251, 249, -249, -1, 1]	4950125	47.1687146063	"4T1"	[]
"4.4.5151125.2"	[12751, 254, -254, -1, 1]	5151125	47.6404134865	"4T1"	[2, 2]
"4.4.5326848.2"	[5202, 0, -204, 0, 1]	5326848	48.0416125228	"4T1"	[2, 2]
"4.4.5350257.1"	[4489, 1, -142, -1, 1]	5350257	48.0943058581	"4T1"	[2]
"4.4.5487525.2"	[139, 328, -112, -1, 1]	5487525	48.3998625112	"4T1"	[2, 2]
"4.4.5527125.1"	[-339, 324, -74, -1, 1]	5527125	48.4869450121	"4T1"	[4]
"4.4.5527125.2"	[171, -186, -74, -1, 1]	5527125	48.4869450121	"4T1"	[4]
"4.4.5565125.1"	[13781, 264, -264, -1, 1]	5565125	48.5700701694	"4T1"	[]
"4.4.5618000.1"	[14045, 0, -265, 0, 1]	5618000	48.6850290762	"4T1"	[2]
"4.4.5714397.1"	[2031, -165, -167, -1, 1]	5714397	48.8925402861	"4T1"	[2, 2]
"4.4.5752832.1"	[5618, 0, -212, 0, 1]	5752832	48.9745464684	"4T1"	[2]
"4.4.5995125.1"	[14851, 274, -274, -1, 1]	5995125	49.4822638464	"4T1"	[2]
"4.4.6129013.1"	[2269, 104, -106, -1, 1]	6129013	49.7562493545	"4T1"	[]
"4.4.6195200.2"	[6050, 0, -220, 0, 1]	6195200	49.8900377809	"4T1"	[2]
"4.4.6216125.1"	[15401, 279, -279, -1, 1]	6216125	49.9321118611	"4T1"	[]
"4.4.6331625.1"	[-284, -266, -69, -1, 1]	6331625	50.16245652	"4T1"	[2]
"4.4.6331625.2"	[-284, 289, -69, -1, 1]	6331625	50.16245652	"4T1"	[2]
"4.4.6441125.1"	[15961, 284, -284, -1, 1]	6441125	50.3779431345	"4T1"	[]
"4.4.6498000.1"	[16245, 0, -285, 0, 1]	6498000	50.4887858276	"4T1"	[2, 2]
"4.4.6645925.1"	[2369, -178, -180, -1, 1]	6645925	50.7737054188	"4T1"	[2]
"4.4.6653952.1"	[6498, 0, -228, 0, 1]	6653952	50.789029699	"4T1"	[2]
"4.4.6670125.1"	[16531, 289, -289, -1, 1]	6670125	50.8198633805	"4T1"	[2, 2]
"4.4.6725897.1"	[5662, 1, -159, -1, 1]	6725897	50.9257639954	"4T1"	[10]
"4.4.6728000.2"	[16820, 0, -290, 0, 1]	6728000	50.9297442945	"4T1"	[2, 2]
"4.4.6889792.1"	[2548, 0, -182, 0, 1]	6889792	51.2332053315	"4T1"	[10]
"4.4.7129088.2"	[6962, 0, -236, 0, 1]	7129088	51.6723833954	"4T1"	[5]
"4.4.7140125.1"	[17701, 299, -299, -1, 1]	7140125	51.6923711307	"4T1"	[]
"4.4.7189057.1"	[-49, 205, -72, -1, 1]	7189057	51.7807077005	"4T1"	[]
"4.4.7294973.1"	[-59, -275, -99, -1, 1]	7294973	51.9703835749	"4T1"	[]
"4.4.7442000.1"	[18605, 0, -305, 0, 1]	7442000	52.2302875021	"4T1"	[2, 4]
"4.4.7620608.1"	[7442, 0, -244, 0, 1]	7620608	52.5408876377	"4T1"	[2]
"4.4.7626125.1"	[18911, 309, -309, -1, 1]	7626125	52.5503944059	"4T1"	[2]
"4.4.7647757.1"	[2733, -191, -193, -1, 1]	7647757	52.5876204851	"4T1"	[]
"4.4.7688000.2"	[19220, 0, -310, 0, 1]	7688000	52.6566642705	"4T1"	[2]
"4.4.7860800.1"	[6800, 0, -170, 0, 1]	7860800	52.9500880587	"4T1"	[2, 2]
"4.4.7875125.1"	[19531, 314, -314, -1, 1]	7875125	52.9741947722	"4T1"	[]
"4.4.8258753.1"	[6971, 1, -176, -1, 1]	8258753	53.6078783488	"4T1"	[2]
"4.4.8385125.1"	[20801, 324, -324, -1, 1]	8385125	53.811783383	"4T1"	[2]
"4.4.8646125.1"	[21451, 329, -329, -1, 1]	8646125	54.2257262783	"4T1"	[]
"4.4.8652800.1"	[8450, 0, -260, 0, 1]	8652800	54.2361891152	"4T1"	[2, 2]
"4.4.8712000.2"	[21780, 0, -330, 0, 1]	8712000	54.3287192036	"4T1"	[2, 2]
"4.4.8804429.1"	[313, 415, -141, -1, 1]	8804429	54.4722480602	"4T1"	[5]
"4.4.8911125.2"	[22111, 334, -334, -1, 1]	8911125	54.6365331071	"4T1"	[2, 2]
"4.4.9180125.1"	[22781, 339, -339, -1, 1]	9180125	55.0442740847	"4T1"	[]
"4.4.9193472.1"	[8978, 0, -268, 0, 1]	9193472	55.0642704276	"4T1"	[]
"4.4.9272709.1"	[967, 82, -88, -1, 1]	9272709	55.1825363063	"4T1"	[]
"4.4.9511568.1"	[8228, 0, -187, 0, 1]	9511568	55.5345208673	"4T1"	[2]
"4.4.9522000.1"	[23805, 0, -345, 0, 1]	9522000	55.5497417541	"4T1"	[2, 2]
"4.4.9528128.1"	[212, 0, -106, 0, 1]	9528128	55.5586770276	"4T1"	[]
"4.4.9725425.1"	[1389, 187, -100, -1, 1]	9725425	55.8440808595	"4T1"	[2]
"4.4.9750528.2"	[9522, 0, -276, 0, 1]	9750528	55.8800818335	"4T1"	[2]
"4.4.9755600.2"	[725, 0, -145, 0, 1]	9755600	55.8873472992	"4T1"	[2, 2]
"4.4.9826000.1"	[85, 0, -85, 0, 1]	9826000	55.9879015099	"4T1"	[4]
"4.4.9826000.2"	[765, 0, -85, 0, 1]	9826000	55.9879015099	"4T1"	[4]
"4.4.9862333.1"	[3539, -217, -219, -1, 1]	9862333	56.0395856599	"4T1"	[]
"4.4.9924624.1"	[1476, 0, -123, 0, 1]	9924624	56.1278640678	"4T1"	[2]
"4.4.10011125.1"	[24851, 354, -354, -1, 1]	10011125	56.2497661165	"4T1"	[]
"4.4.10061824.1"	[306, 0, -68, 0, 1]	10061824	56.3208472131	"4T1"	[4]
"4.4.10061824.2"	[850, 0, -68, 0, 1]	10061824	56.3208472131	"4T1"	[4]
"4.4.10158928.1"	[3757, 0, -221, 0, 1]	10158928	56.4562425911	"4T1"	[2, 2]
"4.4.10296125.1"	[25561, 359, -359, -1, 1]	10296125	56.6458961242	"4T1"	[2, 2]
"4.4.10323968.2"	[10082, 0, -284, 0, 1]	10323968	56.6841531092	"4T1"	[]
"4.4.10585125.1"	[26281, 364, -364, -1, 1]	10585125	57.0392751292	"4T1"	[2]
"4.4.10658000.1"	[26645, 0, -365, 0, 1]	10658000	57.1371967036	"4T1"	[2]
"4.4.10913792.2"	[10658, 0, -292, 0, 1]	10913792	57.4769769708	"4T1"	[2]
"4.4.10952000.1"	[27380, 0, -370, 0, 1]	10952000	57.5272162259	"4T1"	[2]
"4.4.11075077.1"	[3981, -230, -232, -1, 1]	11075077	57.6881601999	"4T1"	[]
"4.4.11122069.1"	[1215, 324, -114, -1, 1]	11122069	57.7492563728	"4T1"	[5]
"4.4.11175125.1"	[27751, 374, -374, -1, 1]	11175125	57.8180043443	"4T1"	[2]
"4.4.11396925.1"	[4341, 141, -143, -1, 1]	11396925	58.1027813819	"4T1"	[2]
"4.4.11476125.2"	[28501, 379, -379, -1, 1]	11476125	58.2034619753	"4T1"	[2, 2]
"4.4.11647649.1"	[1472, -264, -138, -1, 1]	11647649	58.4197331263	"4T1"	[2]
"4.4.11655261.1"	[1047, -75, -95, -1, 1]	11655261	58.4292754397	"4T1"	[]
"4.4.11781125.1"	[29261, 384, -384, -1, 1]	11781125	58.5863836182	"4T1"	[]
"4.4.11858000.1"	[29645, 0, -385, 0, 1]	11858000	58.6817236058	"4T1"	[2, 2]
"4.4.12090125.1"	[30031, 389, -389, -1, 1]	12090125	58.9668186781	"4T1"	[]
"4.4.12142592.3"	[11858, 0, -308, 0, 1]	12142592	59.0306887787	"4T1"	[2]
"4.4.12168000.1"	[30420, 0, -390, 0, 1]	12168000	59.0615445523	"4T1"	[2, 2]
"4.4.12544000.1"	[490, 0, -140, 0, 1]	12544000	59.5126119355	"4T1"	[4]
"4.4.12544000.2"	[4410, 0, -140, 0, 1]	12544000	59.5126119355	"4T1"	[4]
"4.4.12649337.1"	[-314, -335, -87, -1, 1]	12649337	59.6371582383	"4T1"	[]
"4.4.12720125.2"	[31601, 399, -399, -1, 1]	12720125	59.7204188206	"4T1"	[2, 2]
"4.4.12781568.2"	[12482, 0, -316, 0, 1]	12781568	59.7924065888	"4T1"	[]
"4.4.12901781.1"	[545, 502, -170, -1, 1]	12901781	59.9325030877	"4T1"	[]
"4.4.13041125.1"	[32401, 404, -404, -1, 1]	13041125	60.093675072	"4T1"	[2]
"4.4.13366125.1"	[33211, 409, -409, -1, 1]	13366125	60.4646272064	"4T1"	[2, 2]
"4.4.13448000.2"	[33620, 0, -410, 0, 1]	13448000	60.5570101896	"4T1"	[2, 2]
"4.4.13695125.1"	[34031, 414, -414, -1, 1]	13695125	60.8333173743	"4T1"	[]
"4.4.13711477.1"	[4943, -256, -258, -1, 1]	13711477	60.8514680176	"4T1"	[]
"4.4.13800617.2"	[11714, 1, -227, -1, 1]	13800617	60.950128537	"4T1"	[2, 2]
"4.4.13997521.1"	[-739, 497, -90, -1, 1]	13997521	61.1663804863	"4T1"	[]
"4.4.14048064.1"	[1044, 0, -174, 0, 1]	14048064	61.2215215898	"4T1"	[2]
"4.4.14108672.1"	[13778, 0, -332, 0, 1]	14108672	61.2874475049	"4T1"	[]
"4.4.14365125.1"	[35701, 424, -424, -1, 1]	14365125	61.5640741168	"4T1"	[2]
"4.4.14526784.1"	[2196, 0, -122, 0, 1]	14526784	61.7365519109	"4T1"	[]
"4.4.14792000.1"	[36980, 0, -430, 0, 1]	14792000	62.0164246091	"4T1"	[2]
"4.4.14796800.2"	[14450, 0, -340, 0, 1]	14796800	62.0214550753	"4T1"	[2, 2]
"4.4.15051125.1"	[37411, 434, -434, -1, 1]	15051125	62.2862580427	"4T1"	[5]
"4.4.15135133.1"	[5463, -269, -271, -1, 1]	15135133	62.3729895566	"4T1"	[]
"4.4.15407168.1"	[13328, 0, -238, 0, 1]	15407168	62.6513890954	"4T1"	[2]
"4.4.15501312.1"	[15138, 0, -348, 0, 1]	15501312	62.7468768756	"4T1"	[2]
"4.4.15502032.1"	[5733, 0, -273, 0, 1]	15502032	62.7476054747	"4T1"	[2, 2]
"4.4.15842000.2"	[39605, 0, -445, 0, 1]	15842000	63.0888341939	"4T1"	[2, 2]
"4.4.15962337.1"	[13567, 1, -244, -1, 1]	15962337	63.2083012841	"4T1"	[2]
"4.4.16110125.1"	[40051, 449, -449, -1, 1]	16110125	63.3541002589	"4T1"	[]
"4.4.16222208.2"	[15842, 0, -356, 0, 1]	16222208	63.4640073241	"4T1"	[2]
"4.4.16484816.1"	[2525, 0, -101, 0, 1]	16484816	63.7193043821	"4T1"	[]
"4.4.16629093.1"	[6009, -282, -284, -1, 1]	16629093	63.8582687876	"4T1"	[2, 2]
"4.4.16836125.1"	[41861, 459, -459, -1, 1]	16836125	64.0561061782	"4T1"	[]
"4.4.16959488.2"	[16562, 0, -364, 0, 1]	16959488	64.1731243873	"4T1"	[2]
"4.4.16974593.1"	[256, 16, -96, -1, 1]	16974593	64.187408596	"4T1"	[3]
"4.4.17013568.1"	[6292, 0, -286, 0, 1]	17013568	64.224221748	"4T1"	[2]
"4.4.17205125.1"	[42781, 464, -464, -1, 1]	17205125	64.4042397538	"4T1"	[2]
"4.4.17298000.1"	[43245, 0, -465, 0, 1]	17298000	64.4909795099	"4T1"	[2, 2]
"4.4.17576000.1"	[1040, 0, -130, 0, 1]	17576000	64.74854461	"4T1"	[2, 4]
"4.4.17576000.2"	[4160, 0, -130, 0, 1]	17576000	64.74854461	"4T1"	[2, 4]
"4.4.17624225.2"	[1699, -217, -122, -1, 1]	17624225	64.7929132218	"4T1"	[2, 2]
"4.4.17672000.2"	[44180, 0, -470, 0, 1]	17672000	64.8367781255	"4T1"	[2]
"4.4.17686800.1"	[15300, 0, -255, 0, 1]	17686800	64.8503487896	"4T1"	[2, 2]
"4.4.17713152.2"	[17298, 0, -372, 0, 1]	17713152	64.874490839	"4T1"	[2]
"4.4.17955125.1"	[44651, 474, -474, -1, 1]	17955125	65.0949215943	"4T1"	[]
"4.4.18014117.1"	[47, -434, -152, -1, 1]	18014117	65.1483235813	"4T1"	[]
"4.4.18281273.1"	[15556, 1, -261, -1, 1]	18281273	65.388535186	"4T1"	[2]
"4.4.18285733.1"	[7079, 178, -180, -1, 1]	18285733	65.3925229579	"4T1"	[]
"4.4.18336125.1"	[45601, 479, -479, -1, 1]	18336125	65.4375288112	"4T1"	[]
"4.4.18483200.1"	[18050, 0, -380, 0, 1]	18483200	65.5683553981	"4T1"	[2]
"4.4.18609625.1"	[-324, 414, -99, -1, 1]	18609625	65.6801907577	"4T1"	[2]
"4.4.18609625.2"	[206, 149, -99, -1, 1]	18609625	65.6801907577	"4T1"	[2]
"4.4.18818000.1"	[47045, 0, -485, 0, 1]	18818000	65.8632817004	"4T1"	[2]
"4.4.19110125.1"	[47531, 489, -489, -1, 1]	19110125	66.1174174935	"4T1"	[2]
"4.4.19269632.1"	[18818, 0, -388, 0, 1]	19269632	66.254953759	"4T1"	[2]
"4.4.19827925.1"	[7179, -308, -310, -1, 1]	19827925	66.7297222023	"4T1"	[10]
"4.4.19900125.1"	[49501, 499, -499, -1, 1]	19900125	66.7903856488	"4T1"	[2, 2]
"4.4.19918169.2"	[2620, -346, -179, -1, 1]	19918169	66.8055206812	"4T1"	[2]
"4.4.20261200.2"	[8325, 0, -185, 0, 1]	20261200	67.091312943	"4T1"	[2]
"4.4.20301125.1"	[50501, 504, -504, -1, 1]	20301125	67.124339659	"4T1"	[2]
"4.4.20402000.2"	[51005, 0, -505, 0, 1]	20402000	67.2075688784	"4T1"	[2, 2]
"4.4.20706125.1"	[51511, 509, -509, -1, 1]	20706125	67.4566404012	"4T1"	[2]
"4.4.20720464.1"	[2725, 0, -109, 0, 1]	20720464	67.4683158074	"4T1"	[]
"4.4.20757425.1"	[17681, 1, -278, -1, 1]	20757425	67.4983830644	"4T1"	[2, 2]
"4.4.20808000.1"	[52020, 0, -510, 0, 1]	20808000	67.5394601259	"4T1"	[2, 2]
"4.4.20891648.1"	[20402, 0, -404, 0, 1]	20891648	67.6072350684	"4T1"	[2]
"4.4.21115125.1"	[52531, 514, -514, -1, 1]	21115125	67.7873121887	"4T1"	[2]
"4.4.21727232.2"	[21218, 0, -412, 0, 1]	21727232	68.2733322871	"4T1"	[]
"4.4.21945125.1"	[54601, 524, -524, -1, 1]	21945125	68.4438632228	"4T1"	[]
"4.4.22188041.1"	[236, -123, -105, -1, 1]	22188041	68.6324875449	"4T1"	[]
"4.4.22472000.1"	[56180, 0, -530, 0, 1]	22472000	68.8510284041	"4T1"	[2]
"4.4.22579200.4"	[22050, 0, -420, 0, 1]	22579200	68.932993331	"4T1"	[2, 2]
"4.4.22791125.1"	[56711, 534, -534, -1, 1]	22791125	69.094175818	"4T1"	[2, 2]
"4.4.22816825.1"	[36, -479, -133, -1, 1]	22816825	69.1136457863	"4T1"	[2]
"4.4.23220125.1"	[57781, 539, -539, -1, 1]	23220125	69.4170475569	"4T1"	[]
"4.4.23307973.1"	[8453, -334, -336, -1, 1]	23307973	69.4826104709	"4T1"	[]
"4.4.23390793.1"	[19942, 1, -295, -1, 1]	23390793	69.5442513717	"4T1"	[2]
"4.4.23437829.1"	[1183, 676, -228, -1, 1]	23437829	69.5791862673	"4T1"	[]
"4.4.23447552.1"	[22898, 0, -428, 0, 1]	23447552	69.5864012402	"4T1"	[]
"4.4.23762000.1"	[59405, 0, -545, 0, 1]	23762000	69.8185375882	"4T1"	[2, 2]
"4.4.24090125.1"	[59951, 549, -549, -1, 1]	24090125	70.0583272039	"4T1"	[5]
"4.4.24332288.1"	[23762, 0, -436, 0, 1]	24332288	70.2337305399	"4T1"	[2]
"4.4.24531125.1"	[61051, 554, -554, -1, 1]	24531125	70.3767757869	"4T1"	[5]
"4.4.24897088.1"	[4672, 0, -146, 0, 1]	24897088	70.6377957418	"4T1"	[2]
"4.4.24976125.1"	[62161, 559, -559, -1, 1]	24976125	70.693789895	"4T1"	[2, 4]
"4.4.25153453.1"	[9129, -347, -349, -1, 1]	25153453	70.8189369037	"4T1"	[]
"4.4.25233408.1"	[24642, 0, -444, 0, 1]	25233408	70.875147785	"4T1"	[2]
"4.4.25425125.1"	[63281, 564, -564, -1, 1]	25425125	71.0093887402	"4T1"	[2, 2]
"4.4.25538000.1"	[63845, 0, -565, 0, 1]	25538000	71.0880695275	"4T1"	[2]
"4.4.25992000.2"	[64980, 0, -570, 0, 1]	25992000	71.4019256652	"4T1"	[2, 2]
"4.4.26150912.2"	[25538, 0, -452, 0, 1]	26150912	71.5108120604	"4T1"	[2, 2]
"4.4.26181377.1"	[22339, 1, -312, -1, 1]	26181377	71.5316299366	"4T1"	[2]
"4.4.26795437.1"	[10483, 215, -217, -1, 1]	26795437	71.9474176971	"4T1"	[]
"4.4.26796125.1"	[66701, 579, -579, -1, 1]	26796125	71.9478795234	"4T1"	[]
"4.4.27069237.1"	[9831, -360, -362, -1, 1]	27069237	72.1305101222	"4T1"	[2]
"4.4.27084800.2"	[26450, 0, -460, 0, 1]	27084800	72.140875442	"4T1"	[2]
"4.4.27261125.1"	[67861, 584, -584, -1, 1]	27261125	72.2580011311	"4T1"	[]
"4.4.27464701.1"	[3411, 507, -175, -1, 1]	27464701	72.39252401	"4T1"	[]
"4.4.27730125.1"	[69031, 589, -589, -1, 1]	27730125	72.5667974146	"4T1"	[2]
"4.4.27848000.2"	[69620, 0, -590, 0, 1]	27848000	72.6437913858	"4T1"	[10]
"4.4.28372625.1"	[-859, -591, -114, -1, 1]	28372625	72.9835324231	"4T1"	[2, 2]
"4.4.28372625.2"	[56, 324, -114, -1, 1]	28372625	72.9835324231	"4T1"	[2, 2]
"4.4.28377488.2"	[24548, 0, -323, 0, 1]	28377488	72.9866595228	"4T1"	[2, 2]
"4.4.28680125.1"	[71401, 599, -599, -1, 1]	28680125	73.1804810459	"4T1"	[5]
"4.4.29001728.5"	[28322, 0, -476, 0, 1]	29001728	73.3847752979	"4T1"	[2, 2]
"4.4.29055325.1"	[10559, -373, -375, -1, 1]	29055325	73.4186567353	"4T1"	[2]
"4.4.29129177.2"	[24872, 1, -329, -1, 1]	29129177	73.465265697	"4T1"	[2]
"4.4.29161125.1"	[72601, 604, -604, -1, 1]	29161125	73.4854010376	"4T1"	[2, 2]
"4.4.29176128.2"	[11988, 0, -222, 0, 1]	29176128	73.4948510231	"4T1"	[2]
"4.4.29562832.1"	[10933, 0, -377, 0, 1]	29562832	73.737177349	"4T1"	[2, 4]
"4.4.29646125.1"	[73811, 609, -609, -1, 1]	29646125	73.7890610132	"4T1"	[]
"4.4.29768000.2"	[74420, 0, -610, 0, 1]	29768000	73.8647809521	"4T1"	[2, 2]
"4.4.29771541.1"	[1231, -326, -130, -1, 1]	29771541	73.8669774678	"4T1"	[]
"4.4.29876525.2"	[1589, 763, -257, -1, 1]	29876525	73.9320111944	"4T1"	[2, 2]
"4.4.30092125.1"	[-679, 749, -159, -1, 1]	30092125	74.0650319118	"4T1"	[4]
"4.4.30092125.2"	[1701, -441, -159, -1, 1]	30092125	74.0650319118	"4T1"	[4]
"4.4.30135125.1"	[75031, 614, -614, -1, 1]	30135125	74.091476465	"4T1"	[]
"4.4.30394161.1"	[4096, -428, -220, -1, 1]	30394161	74.2501849724	"4T1"	[2]
"4.4.30664297.1"	[-324, -450, -117, -1, 1]	30664297	74.4146173951	"4T1"	[]
"4.4.30976000.1"	[1210, 0, -220, 0, 1]	30976000	74.6030071907	"4T1"	[4]
"4.4.30976000.2"	[10890, 0, -220, 0, 1]	30976000	74.6030071907	"4T1"	[4]
"4.4.30984192.2"	[30258, 0, -492, 0, 1]	30984192	74.6079391318	"4T1"	[2, 2]
"4.4.31111717.1"	[11313, -386, -388, -1, 1]	31111717	74.6845889267	"4T1"	[2, 4]
"4.4.31125125.1"	[77501, 624, -624, -1, 1]	31125125	74.6926342008	"4T1"	[]
"4.4.31626125.1"	[78751, 629, -629, -1, 1]	31626125	74.9914059304	"4T1"	[]
"4.4.31636800.2"	[11700, 0, -390, 0, 1]	31636800	74.9977332306	"4T1"	[2, 2]
"4.4.32640125.1"	[81281, 639, -639, -1, 1]	32640125	75.5854065446	"4T1"	[2]
"4.4.33032192.2"	[32258, 0, -508, 0, 1]	33032192	75.8113706345	"4T1"	[]
"4.4.33238413.1"	[12093, -399, -401, -1, 1]	33238413	75.9294178133	"4T1"	[2]
"4.4.33282000.1"	[83205, 0, -645, 0, 1]	33282000	75.9542979821	"4T1"	[2, 2]
"4.4.33497325.1"	[259, -593, -205, -1, 1]	33497325	76.0768516829	"4T1"	[2]
"4.4.33670125.1"	[83851, 649, -649, -1, 1]	33670125	76.1747753631	"4T1"	[2]
"4.4.34080768.1"	[33282, 0, -516, 0, 1]	34080768	76.4059787286	"4T1"	[2]
"4.4.34191125.1"	[85151, 654, -654, -1, 1]	34191125	76.4677563497	"4T1"	[]
"4.4.34716125.1"	[86461, 659, -659, -1, 1]	34716125	76.7596190761	"4T1"	[2]
"4.4.34829037.1"	[-111, -579, -137, -1, 1]	34829037	76.8219570473	"4T1"	[]
"4.4.35145728.1"	[34322, 0, -524, 0, 1]	35145728	76.9959950482	"4T1"	[]
"4.4.35378000.1"	[88445, 0, -665, 0, 1]	35378000	77.1228942672	"4T1"	[2, 2]
"4.4.35435413.1"	[12899, -412, -414, -1, 1]	35435413	77.1541648635	"4T1"	[]
"4.4.35912000.1"	[89780, 0, -670, 0, 1]	35912000	77.4122870073	"4T1"	[2]
"4.4.36072425.1"	[1744, 572, -155, -1, 1]	36072425	77.4985960143	"4T1"	[2]
"4.4.36227072.2"	[35378, 0, -532, 0, 1]	36227072	77.5815243564	"4T1"	[2]
"4.4.36856125.2"	[91801, 679, -679, -1, 1]	36856125	77.9161379877	"4T1"	[2, 4]
"4.4.37095669.1"	[2053, 850, -286, -1, 1]	37095669	78.0424333095	"4T1"	[2, 2]
"4.4.37401125.1"	[93161, 684, -684, -1, 1]	37401125	78.2025953435	"4T1"	[]
"4.4.37538000.1"	[93845, 0, -685, 0, 1]	37538000	78.2740458795	"4T1"	[2]
"4.4.37702717.1"	[13731, -425, -427, -1, 1]	37702717	78.3597717079	"4T1"	[]
"4.4.37950125.2"	[94531, 689, -689, -1, 1]	37950125	78.4880072241	"4T1"	[2, 2]
"4.4.38046272.2"	[32912, 0, -374, 0, 1]	38046272	78.5376725904	"4T1"	[2]
"4.4.38088000.1"	[95220, 0, -690, 0, 1]	38088000	78.559198175	"4T1"	[2, 2]
"4.4.38272753.1"	[104, -316, -126, -1, 1]	38272753	78.6542919107	"4T1"	[]
"4.4.38280528.1"	[14157, 0, -429, 0, 1]	38280528	78.6582862049	"4T1"	[2, 2]
"4.4.38438912.2"	[37538, 0, -548, 0, 1]	38438912	78.7395215724	"4T1"	[2, 2]
"4.4.38915873.1"	[33287, 1, -380, -1, 1]	38915873	78.9826488006	"4T1"	[2]
"4.4.39022400.1"	[2900, 0, -290, 0, 1]	39022400	79.0366445155	"4T1"	[2, 2]
"4.4.39060125.1"	[97301, 699, -699, -1, 1]	39060125	79.0557398113	"4T1"	[2]
"4.4.39304000.1"	[340, 0, -170, 0, 1]	39304000	79.1788496441	"4T1"	[4]
"4.4.39304000.2"	[3060, 0, -170, 0, 1]	39304000	79.1788496441	"4T1"	[4]
"4.4.39546000.1"	[2340, 0, -195, 0, 1]	39546000	79.3004479412	"4T1"	[2, 4]
"4.4.39546000.2"	[9360, 0, -195, 0, 1]	39546000	79.3004479412	"4T1"	[2, 4]
"4.4.39569408.1"	[38642, 0, -556, 0, 1]	39569408	79.3121801833	"4T1"	[]
"4.4.39621125.1"	[98701, 704, -704, -1, 1]	39621125	79.3380826379	"4T1"	[]
"4.4.39698496.1"	[5904, 0, -246, 0, 1]	39698496	79.3767865918	"4T1"	[2]
"4.4.39762000.1"	[99405, 0, -705, 0, 1]	39762000	79.4085114868	"4T1"	[2, 2]
"4.4.40328000.2"	[100820, 0, -710, 0, 1]	40328000	79.6896044419	"4T1"	[2]
"4.4.40495104.1"	[5850, 0, -156, 0, 1]	40495104	79.7720273841	"4T1"	[4]
"4.4.40495104.2"	[234, 0, -156, 0, 1]	40495104	79.7720273841	"4T1"	[4]
"4.4.40635712.2"	[15028, 0, -442, 0, 1]	40635712	79.841183953	"4T1"	[2, 2]
"4.4.40716288.2"	[39762, 0, -564, 0, 1]	40716288	79.8807335559	"4T1"	[2]
"4.4.40755125.1"	[101531, 714, -714, -1, 1]	40755125	79.8997751922	"4T1"	[5]
"4.4.41583632.1"	[35972, 0, -391, 0, 1]	41583632	80.3027845001	"4T1"	[2]
"4.4.41879552.1"	[40898, 0, -572, 0, 1]	41879552	80.4452687323	"4T1"	[2]
"4.4.41905125.1"	[104401, 724, -724, -1, 1]	41905125	80.4575465377	"4T1"	[2]
"4.4.42448237.1"	[15473, -451, -453, -1, 1]	42448237	80.7169818239	"4T1"	[]
"4.4.42486125.1"	[105851, 729, -729, -1, 1]	42486125	80.7349871766	"4T1"	[2]
"4.4.42492537.1"	[36364, 1, -397, -1, 1]	42492537	80.7380331325	"4T1"	[2]
"4.4.42632000.1"	[106580, 0, -730, 0, 1]	42632000	80.8041984943	"4T1"	[2]
"4.4.43059200.2"	[42050, 0, -580, 0, 1]	43059200	81.005869722	"4T1"	[2, 2]
"4.4.43071125.1"	[107311, 734, -734, -1, 1]	43071125	81.0114776681	"4T1"	[]
"4.4.43264000.1"	[1690, 0, -260, 0, 1]	43264000	81.1020192914	"4T1"	[2, 4]
"4.4.43264000.2"	[15210, 0, -260, 0, 1]	43264000	81.1020192914	"4T1"	[2, 4]
"4.4.43660125.1"	[108781, 739, -739, -1, 1]	43660125	81.2870277075	"4T1"	[2]
"4.4.43986977.1"	[-928, -684, -132, -1, 1]	43986977	81.4387368671	"4T1"	[]
"4.4.44402000.1"	[111005, 0, -745, 0, 1]	44402000	81.6301572518	"4T1"	[2, 2]
"4.4.44850125.1"	[111751, 749, -749, -1, 1]	44850125	81.8353443972	"4T1"	[]
"4.4.45095261.1"	[2575, 937, -315, -1, 1]	45095261	81.946937188	"4T1"	[]
"4.4.45118016.1"	[5696, 0, -178, 0, 1]	45118016	81.9572728074	"4T1"	[2]
"4.4.45467648.1"	[44402, 0, -596, 0, 1]	45467648	82.1155908789	"4T1"	[10]
"4.4.46056125.1"	[114761, 759, -759, -1, 1]	46056125	82.380011603	"4T1"	[]
"4.4.46226417.1"	[39577, 1, -414, -1, 1]	46226417	82.4560560338	"4T1"	[2]
"4.4.46599453.1"	[-1409, 919, -151, -1, 1]	46599453	82.6219050937	"4T1"	[]
"4.4.46665125.1"	[116281, 764, -764, -1, 1]	46665125	82.6509992151	"4T1"	[10]
"4.4.46696448.2"	[45602, 0, -604, 0, 1]	46696448	82.6648651689	"4T1"	[]
"4.4.47432000.2"	[118580, 0, -770, 0, 1]	47432000	82.9884893868	"4T1"	[2, 2]
"4.4.47895125.1"	[119351, 774, -774, -1, 1]	47895125	83.1903263028	"4T1"	[]
"4.4.48123088.1"	[17797, 0, -481, 0, 1]	48123088	83.2891388717	"4T1"	[2]
"4.4.48516125.2"	[120901, 779, -779, -1, 1]	48516125	83.4586828911	"4T1"	[2, 2]
"4.4.48677533.1"	[19289, 289, -291, -1, 1]	48677533	83.5280110038	"4T1"	[]
"4.4.49141125.2"	[122461, 784, -784, -1, 1]	49141125	83.7261793555	"4T1"	[2, 2, 2]
"4.4.49203200.2"	[48050, 0, -620, 0, 1]	49203200	83.7526075377	"4T1"	[2]
"4.4.49298000.1"	[123245, 0, -785, 0, 1]	49298000	83.7929200431	"4T1"	[2]
"4.4.49770125.1"	[124031, 789, -789, -1, 1]	49770125	83.9928239138	"4T1"	[]
"4.4.49928000.2"	[124820, 0, -790, 0, 1]	49928000	84.0593528937	"4T1"	[2]
"4.4.49948672.1"	[522, 0, -116, 0, 1]	49948672	84.0680524471	"4T1"	[2]
"4.4.49948672.2"	[2842, 0, -116, 0, 1]	49948672	84.0680524471	"4T1"	[2]
"4.4.50093797.1"	[18281, -490, -492, -1, 1]	50093797	84.1290505933	"4T1"	[]
"4.4.50117513.1"	[42926, 1, -431, -1, 1]	50117513	84.1390061695	"4T1"	[2]
"4.4.50481152.1"	[49298, 0, -628, 0, 1]	50481152	84.2912150664	"4T1"	[2]
"4.4.50484749.1"	[6623, 183, -189, -1, 1]	50484749	84.2927165545	"4T1"	[]
"4.4.50759488.1"	[18772, 0, -494, 0, 1]	50759488	84.4071639158	"4T1"	[2]
"4.4.51070725.1"	[6705, 690, -236, -1, 1]	51070725	84.5362552604	"4T1"	[2, 2]
"4.4.51681125.1"	[128801, 804, -804, -1, 1]	51681125	84.7877263975	"4T1"	[]
"4.4.51775488.1"	[50562, 0, -636, 0, 1]	51775488	84.8264027609	"4T1"	[2]
"4.4.51842000.1"	[129605, 0, -805, 0, 1]	51842000	84.8536321412	"4T1"	[2, 2]
"4.4.52326125.1"	[130411, 809, -809, -1, 1]	52326125	85.0510429519	"4T1"	[]
"4.4.52782925.1"	[19269, -503, -505, -1, 1]	52782925	85.2360593884	"4T1"	[2]
"4.4.52927184.1"	[3725, 0, -149, 0, 1]	52927184	85.2942386506	"4T1"	[]
"4.4.52975125.1"	[132031, 814, -814, -1, 1]	52975125	85.3135467951	"4T1"	[2, 2]
"4.4.53086208.5"	[51842, 0, -644, 0, 1]	53086208	85.3582349475	"4T1"	[2, 2]
"4.4.53139008.1"	[45968, 0, -442, 0, 1]	53139008	85.3794515448	"4T1"	[2, 2, 2]
"4.4.53367669.1"	[975, 690, -158, -1, 1]	53367669	85.4711521951	"4T1"	[]
"4.4.53582633.1"	[-1804, 966, -141, -1, 1]	53582633	85.5570915546	"4T1"	[2, 2]
"4.4.53582633.2"	[-296, 589, -141, -1, 1]	53582633	85.5570915546	"4T1"	[2, 2]
"4.4.53744597.1"	[577, -752, -258, -1, 1]	53744597	85.6216716638	"4T1"	[]
"4.4.53875301.1"	[3155, 1024, -344, -1, 1]	53875301	85.6736810936	"4T1"	[]
"4.4.54034064.1"	[8036, 0, -287, 0, 1]	54034064	85.7367285623	"4T1"	[2]
"4.4.54165825.1"	[46411, 1, -448, -1, 1]	54165825	85.7889476665	"4T1"	[2, 2]
"4.4.54285125.1"	[135301, 824, -824, -1, 1]	54285125	85.8361461499	"4T1"	[]
"4.4.54413312.1"	[53138, 0, -652, 0, 1]	54413312	85.8867739605	"4T1"	[]
"4.4.54946125.1"	[136951, 829, -829, -1, 1]	54946125	86.0962562799	"4T1"	[2, 2]
"4.4.55112000.1"	[137780, 0, -830, 0, 1]	55112000	86.1611611186	"4T1"	[10]
"4.4.55542357.2"	[20283, -516, -518, -1, 1]	55542357	86.3288740016	"4T1"	[2, 2]
"4.4.55611125.2"	[138611, 834, -834, -1, 1]	55611125	86.3555829403	"4T1"	[2, 2]
"4.4.55756800.2"	[54450, 0, -660, 0, 1]	55756800	86.412080228	"4T1"	[2, 2]
"4.4.56018448.2"	[10512, 0, -219, 0, 1]	56018448	86.5132780612	"4T1"	[2, 2]
"4.4.56280125.1"	[140281, 839, -839, -1, 1]	56280125	86.6141331684	"4T1"	[2, 2]
"4.4.57116672.2"	[55778, 0, -668, 0, 1]	57116672	86.9342123523	"4T1"	[]
"4.4.57630125.1"	[143651, 849, -849, -1, 1]	57630125	87.128931955	"4T1"	[10]
"4.4.57962561.1"	[8032, -592, -302, -1, 1]	57962561	87.2543106002	"4T1"	[2]
"4.4.58311125.1"	[145351, 854, -854, -1, 1]	58311125	87.3851940729	"4T1"	[]
"4.4.58371353.1"	[50032, 1, -465, -1, 1]	58371353	87.4077497953	"4T1"	[2]
"4.4.58372093.1"	[21323, -529, -531, -1, 1]	58372093	87.4080268208	"4T1"	[]
"4.4.58411072.1"	[1552, 0, -194, 0, 1]	58411072	87.4226152331	"4T1"	[2]
"4.4.58996125.2"	[147061, 859, -859, -1, 1]	58996125	87.6407068816	"4T1"	[2, 2]
"4.4.59090512.1"	[21853, 0, -533, 0, 1]	59090512	87.6757396278	"4T1"	[2]
"4.4.59550800.1"	[1325, 0, -265, 0, 1]	59550800	87.8459815964	"4T1"	[2]
"4.4.59685125.1"	[148781, 864, -864, -1, 1]	59685125	87.8954769158	"4T1"	[]
"4.4.59858000.1"	[149645, 0, -865, 0, 1]	59858000	87.9590541226	"4T1"	[2]
"4.4.60552000.2"	[151380, 0, -870, 0, 1]	60552000	88.2129047345	"4T1"	[2, 2, 2]
"4.4.61075125.1"	[152251, 874, -874, -1, 1]	61075125	88.4028143294	"4T1"	[2]
"4.4.61272133.1"	[22389, -542, -544, -1, 1]	61272133	88.4740177625	"4T1"	[5]
"4.4.61294592.1"	[59858, 0, -692, 0, 1]	61294592	88.4821240777	"4T1"	[2]
"4.4.61776125.1"	[154001, 879, -879, -1, 1]	61776125	88.6553943137	"4T1"	[2]
"4.4.61918288.1"	[1413, 0, -157, 0, 1]	61918288	88.7063551618	"4T1"	[]
"4.4.62008128.2"	[22932, 0, -546, 0, 1]	62008128	88.7385146687	"4T1"	[2, 2]
"4.4.62049925.1"	[24691, 326, -328, -1, 1]	62049925	88.75346459	"4T1"	[2]
"4.4.62481125.2"	[155761, 884, -884, -1, 1]	62481125	88.9072567368	"4T1"	[2, 2]
"4.4.62658000.1"	[156645, 0, -885, 0, 1]	62658000	88.9701109382	"4T1"	[2, 2]
"4.4.62734097.1"	[53789, 1, -482, -1, 1]	62734097	88.9971117892	"4T1"	[2]
"4.4.63368000.1"	[158420, 0, -890, 0, 1]	63368000	89.2210849514	"4T1"	[2, 2]
"4.4.63435789.1"	[3793, 1111, -373, -1, 1]	63435789	89.2449368298	"4T1"	[2]
"4.4.63456421.1"	[7151, -184, -204, -1, 1]	63456421	89.2521925014	"4T1"	[]
"4.4.64161792.1"	[62658, 0, -708, 0, 1]	64161792	89.499193389	"4T1"	[2]
"4.4.64283825.1"	[-784, 1036, -188, -1, 1]	64283825	89.5417189853	"4T1"	[2]
"4.4.64481201.1"	[625, 25, -150, -1, 1]	64481201	89.610371845	"4T1"	[5]
"4.4.64620125.1"	[161101, 899, -899, -1, 1]	64620125	89.6585990249	"4T1"	[]
"4.4.65341125.1"	[162901, 904, -904, -1, 1]	65341125	89.9076511686	"4T1"	[2, 2]
"4.4.65522000.2"	[163805, 0, -905, 0, 1]	65522000	89.9698064828	"4T1"	[2, 2]
"4.4.65619968.1"	[64082, 0, -716, 0, 1]	65619968	90.0034181866	"4T1"	[]
"4.4.65743873.1"	[11171, 479, -246, -1, 1]	65743873	90.0458747212	"4T1"	[2]
"4.4.65939264.1"	[10100, 0, -202, 0, 1]	65939264	90.1127044421	"4T1"	[5]
"4.4.65947856.1"	[4901, 0, -377, 0, 1]	65947856	90.1156397589	"4T1"	[2, 2]
"4.4.66066125.1"	[164711, 909, -909, -1, 1]	66066125	90.1560153191	"4T1"	[]
"4.4.66248000.1"	[165620, 0, -910, 0, 1]	66248000	90.2179995239	"4T1"	[2, 2]
"4.4.66795125.1"	[166531, 914, -914, -1, 1]	66795125	90.4036971465	"4T1"	[2]
"4.4.67094528.1"	[65522, 0, -724, 0, 1]	67094528	90.5048338668	"4T1"	[10]
"4.4.68265125.1"	[170201, 924, -924, -1, 1]	68265125	90.897036128	"4T1"	[5]
"4.4.68417929.1"	[548, 230, -153, -1, 1]	68417929	90.9478592503	"4T1"	[]
"4.4.68585472.1"	[66978, 0, -732, 0, 1]	68585472	91.0034868632	"4T1"	[2]
"4.4.68808357.1"	[3733, 160, -172, -1, 1]	68808357	91.077331367	"4T1"	[]
"4.4.69006125.1"	[172051, 929, -929, -1, 1]	69006125	91.1427042413	"4T1"	[]
"4.4.69192000.2"	[172980, 0, -930, 0, 1]	69192000	91.2040178737	"4T1"	[2, 2]
"4.4.70092800.1"	[68450, 0, -740, 0, 1]	70092800	91.4994223438	"4T1"	[2, 2]
"4.4.70394077.1"	[25743, -581, -583, -1, 1]	70394077	91.597586311	"4T1"	[]
"4.4.70500125.1"	[175781, 939, -939, -1, 1]	70500125	91.6320645599	"4T1"	[]
"4.4.70747200.2"	[61200, 0, -510, 0, 1]	70747200	91.7122427828	"4T1"	[2, 2]
"4.4.71616512.2"	[69938, 0, -748, 0, 1]	71616512	91.9926842594	"4T1"	[2, 2]
"4.4.72010125.1"	[179551, 949, -949, -1, 1]	72010125	92.1188252998	"4T1"	[2, 2]
"4.4.72771125.1"	[181451, 954, -954, -1, 1]	72771125	92.3612436802	"4T1"	[2, 2]
"4.4.73536125.1"	[183361, 959, -959, -1, 1]	73536125	92.6030274544	"4T1"	[2]
"4.4.73575333.2"	[26913, -594, -596, -1, 1]	73575333	92.6153685105	"4T1"	[2, 4]
"4.4.73776725.2"	[4489, 1198, -402, -1, 1]	73776725	92.6786807598	"4T1"	[2, 2]
"4.4.73984000.1"	[2890, 0, -340, 0, 1]	73984000	92.7437072564	"4T1"	[2, 2]
"4.4.73984000.2"	[26010, 0, -340, 0, 1]	73984000	92.7437072564	"4T1"	[2, 2]
"4.4.74305125.1"	[185281, 964, -964, -1, 1]	74305125	92.84418158	"4T1"	[2]
"4.4.74309125.1"	[-849, 1174, -244, -1, 1]	74309125	92.8454310538	"4T1"	[20]
"4.4.74309125.2"	[4761, -696, -244, -1, 1]	74309125	92.8454310538	"4T1"	[4]
"4.4.74381632.2"	[27508, 0, -598, 0, 1]	74381632	92.8680712135	"4T1"	[2]
"4.4.74498000.1"	[186245, 0, -965, 0, 1]	74498000	92.9043723037	"4T1"	[2]
"4.4.74713088.2"	[72962, 0, -764, 0, 1]	74713088	92.9713573808	"4T1"	[]
"4.4.75054969.1"	[10492, -674, -343, -1, 1]	75054969	93.0775326985	"4T1"	[2]
"4.4.75272000.1"	[188180, 0, -970, 0, 1]	75272000	93.1447462431	"4T1"	[2]
"4.4.75542288.1"	[65348, 0, -527, 0, 1]	75542288	93.2282503258	"4T1"	[2]
"4.4.75855125.1"	[189151, 974, -974, -1, 1]	75855125	93.3246203976	"4T1"	[2, 2]
"4.4.76285952.2"	[74498, 0, -772, 0, 1]	76285952	93.4568507987	"4T1"	[2]
"4.4.76483904.2"	[5684, 0, -406, 0, 1]	76483904	93.5174189485	"4T1"	[2]
"4.4.76826893.1"	[28109, -607, -609, -1, 1]	76826893	93.6220868741	"4T1"	[2, 4]
"4.4.77043213.1"	[30759, 363, -365, -1, 1]	77043213	93.6879198788	"4T1"	[2]
"4.4.77421125.1"	[193061, 984, -984, -1, 1]	77421125	93.8025985326	"4T1"	[]
"4.4.77536125.1"	[-1029, 1089, -179, -1, 1]	77536125	93.837412336	"4T1"	[2, 4]
"4.4.77536125.2"	[3891, -141, -179, -1, 1]	77536125	93.837412336	"4T1"	[2, 4]
"4.4.77618000.1"	[194045, 0, -985, 0, 1]	77618000	93.862174657	"4T1"	[2]
"4.4.77875200.1"	[76050, 0, -780, 0, 1]	77875200	93.9398351564	"4T1"	[2, 2]
"4.4.78210125.1"	[195031, 989, -989, -1, 1]	78210125	94.0406765767	"4T1"	[2]
"4.4.78755933.1"	[1001, -911, -311, -1, 1]	78755933	94.2043202567	"4T1"	[]
"4.4.79366625.1"	[3331, 1109, -284, -1, 1]	79366625	94.3864122206	"4T1"	[2, 2]
"4.4.79366625.2"	[17696, 4, -284, -1, 1]	79366625	94.3864122206	"4T1"	[2, 10]
"4.4.79480832.1"	[77618, 0, -788, 0, 1]	79480832	94.4203489572	"4T1"	[2]
"4.4.79800125.1"	[199001, 999, -999, -1, 1]	79800125	94.5150335667	"4T1"	[2]
"4.4.80148757.1"	[29331, -620, -622, -1, 1]	80148757	94.6180945537	"4T1"	[5]
"4.4.80601125.1"	[201001, 1004, -1004, -1, 1]	80601125	94.7513215193	"4T1"	[2]
"4.4.80802000.1"	[202005, 0, -1005, 0, 1]	80802000	94.8103014949	"4T1"	[2, 2]
"4.4.81044800.1"	[33300, 0, -370, 0, 1]	81044800	94.8814446815	"4T1"	[2]
"4.4.81102848.2"	[79202, 0, -796, 0, 1]	81102848	94.8984297299	"4T1"	[]
"4.4.81182737.1"	[-1003, -839, -162, -1, 1]	81182737	94.921790629	"4T1"	[]
"4.4.81406125.1"	[203011, 1009, -1009, -1, 1]	81406125	94.9870216883	"4T1"	[2, 4]
"4.4.81608000.2"	[204020, 0, -1010, 0, 1]	81608000	95.045855402	"4T1"	[2, 2]
"4.4.81757233.1"	[70177, 1, -550, -1, 1]	81757233	95.0892771924	"4T1"	[2]
"4.4.81940141.1"	[11097, 873, -297, -1, 1]	81940141	95.1424162736	"4T1"	[]
"4.4.82215125.1"	[205031, 1014, -1014, -1, 1]	82215125	95.2221384383	"4T1"	[]
"4.4.82741248.1"	[80802, 0, -804, 0, 1]	82741248	95.3741140624	"4T1"	[2]
"4.4.82843472.1"	[173, 0, -173, 0, 1]	82843472	95.4035582936	"4T1"	[5]
"4.4.82881856.1"	[10900, 0, -218, 0, 1]	82881856	95.4146072453	"4T1"	[]
"4.4.84396032.2"	[82418, 0, -812, 0, 1]	84396032	95.8474376349	"4T1"	[2]
"4.4.84666125.1"	[211151, 1029, -1029, -1, 1]	84666125	95.9240310215	"4T1"	[]
"4.4.84872000.1"	[212180, 0, -1030, 0, 1]	84872000	95.9822903837	"4T1"	[2]
"4.4.84898109.1"	[5243, 1285, -431, -1, 1]	84898109	95.9896712413	"4T1"	[]
"4.4.85491125.1"	[213211, 1034, -1034, -1, 1]	85491125	96.156856682	"4T1"	[]
"4.4.85753152.1"	[1908, 0, -318, 0, 1]	85753152	96.2304514131	"4T1"	[2]
"4.4.86067200.2"	[84050, 0, -820, 0, 1]	86067200	96.3184352508	"4T1"	[2, 2, 2]
"4.4.86320125.1"	[215281, 1039, -1039, -1, 1]	86320125	96.3891199592	"4T1"	[2]
"4.4.86906057.1"	[74614, 1, -567, -1, 1]	86906057	96.5522750613	"4T1"	[2]
"4.4.87003397.1"	[31853, -646, -648, -1, 1]	87003397	96.5792997988	"4T1"	[5]
"4.4.87362000.2"	[218405, 0, -1045, 0, 1]	87362000	96.6786643782	"4T1"	[2, 2, 2]
"4.4.87990125.1"	[219451, 1049, -1049, -1, 1]	87990125	96.851975538	"4T1"	[]
"4.4.88831125.1"	[221551, 1054, -1054, -1, 1]	88831125	97.0825758062	"4T1"	[2, 2]
"4.4.89458688.1"	[87362, 0, -836, 0, 1]	89458688	97.253587621	"4T1"	[2]
"4.4.90518849.1"	[335, 477, -168, -1, 1]	90518849	97.5404501993	"4T1"	[]
"4.4.90525125.1"	[225781, 1064, -1064, -1, 1]	90525125	97.5421408636	"4T1"	[2]
"4.4.90536173.1"	[33153, -659, -661, -1, 1]	90536173	97.5451168227	"4T1"	[2, 2]
"4.4.90556416.1"	[2754, 0, -204, 0, 1]	90556416	97.5505688983	"4T1"	[2, 4]
"4.4.90556416.2"	[7650, 0, -204, 0, 1]	90556416	97.5505688983	"4T1"	[2, 4]
"4.4.90738000.1"	[226845, 0, -1065, 0, 1]	90738000	97.5994343434	"4T1"	[2, 2]
"4.4.90792400.1"	[13725, 0, -305, 0, 1]	90792400	97.6140594618	"4T1"	[2, 2]
"4.4.91179008.1"	[89042, 0, -844, 0, 1]	91179008	97.7178078609	"4T1"	[]
"4.4.91592000.1"	[228980, 0, -1070, 0, 1]	91592000	97.8282727216	"4T1"	[2]
"4.4.92212097.1"	[79187, 1, -584, -1, 1]	92212097	97.993433464	"4T1"	[2]
"4.4.92235125.1"	[230051, 1074, -1074, -1, 1]	92235125	97.9995508324	"4T1"	[]
"4.4.92345408.2"	[7232, 0, -226, 0, 1]	92345408	98.0288315482	"4T1"	[2, 2]
"4.4.92416000.1"	[3610, 0, -380, 0, 1]	92416000	98.0475603313	"4T1"	[4]
"4.4.92416000.2"	[32490, 0, -380, 0, 1]	92416000	98.0475603313	"4T1"	[4]
"4.4.92915712.2"	[90738, 0, -852, 0, 1]	92915712	98.1798331692	"4T1"	[2]
"4.4.93096125.1"	[232201, 1079, -1079, -1, 1]	93096125	98.2274570724	"4T1"	[]
"4.4.93657397.1"	[37493, 400, -402, -1, 1]	93657397	98.3751756578	"4T1"	[]
"4.4.94178000.1"	[235445, 0, -1085, 0, 1]	94178000	98.5115984154	"4T1"	[2, 2]
"4.4.94352849.1"	[13280, -756, -384, -1, 1]	94352849	98.5572902843	"4T1"	[2]
"4.4.94668800.1"	[92450, 0, -860, 0, 1]	94668800	98.6396943889	"4T1"	[10]
"4.4.94830125.1"	[236531, 1089, -1089, -1, 1]	94830125	98.6816905105	"4T1"	[2]
"4.4.94875856.1"	[4525, 0, -181, 0, 1]	94875856	98.6935854556	"4T1"	[]
"4.4.95048000.2"	[237620, 0, -1090, 0, 1]	95048000	98.7383227622	"4T1"	[2, 4]
"4.4.95443993.1"	[-2044, -1114, -171, -1, 1]	95443993	98.8410044221	"4T1"	[5]
"4.4.96294800.1"	[83300, 0, -595, 0, 1]	96294800	99.0605440575	"4T1"	[2, 2]
"4.4.96438272.5"	[94178, 0, -868, 0, 1]	96438272	99.0974216472	"4T1"	[2, 2]
"4.4.96580125.1"	[240901, 1099, -1099, -1, 1]	96580125	99.1338426629	"4T1"	[10]
"4.4.97144749.1"	[3877, 511, -193, -1, 1]	97144749	99.278414469	"4T1"	[2, 4]
"4.4.97144749.2"	[1225, -815, -193, -1, 1]	97144749	99.278414469	"4T1"	[2, 4]
"4.4.97461125.1"	[243101, 1104, -1104, -1, 1]	97461125	99.3591471414	"4T1"	[]
"4.4.97675353.1"	[83896, 1, -601, -1, 1]	97675353	99.4137021975	"4T1"	[2]
"4.4.97682000.1"	[244205, 0, -1105, 0, 1]	97682000	99.4153934788	"4T1"	[2, 2]
"4.4.97812637.1"	[35831, -685, -687, -1, 1]	97812637	99.4486156193	"4T1"	[]
"4.4.98224128.2"	[95922, 0, -876, 0, 1]	98224128	99.5530443789	"4T1"	[2, 2]
"4.4.98346125.1"	[245311, 1109, -1109, -1, 1]	98346125	99.5839418793	"4T1"	[5]
"4.4.98568000.1"	[246420, 0, -1110, 0, 1]	98568000	99.6400613212	"4T1"	[2, 2]
"4.4.98741968.2"	[36517, 0, -689, 0, 1]	98741968	99.6839972873	"4T1"	[2, 2]
"4.4.100026368.2"	[97682, 0, -884, 0, 1]	100026368	100.006591348	"4T1"	[2, 2]
"4.4.101025125.2"	[252001, 1124, -1124, -1, 1]	101025125	100.255301899	"4T1"	[2, 2]
"4.4.101515536.1"	[12816, 0, -267, 0, 1]	101515536	100.376749544	"4T1"	[2]
"4.4.101556325.1"	[37209, -698, -700, -1, 1]	101556325	100.386830884	"4T1"	[2]
"4.4.101844992.2"	[99458, 0, -892, 0, 1]	101844992	100.45809067	"4T1"	[]
"4.4.101926125.1"	[254251, 1129, -1129, -1, 1]	101926125	100.478091734	"4T1"	[2, 2]
"4.4.102152000.1"	[255380, 0, -1130, 0, 1]	102152000	100.533712049	"4T1"	[2]
"4.4.102831125.1"	[256511, 1134, -1134, -1, 1]	102831125	100.700388668	"4T1"	[]
"4.4.103295825.1"	[88741, 1, -618, -1, 1]	103295825	100.813964148	"4T1"	[2, 2]
"4.4.103737344.1"	[1850, 0, -148, 0, 1]	103737344	100.921519589	"4T1"	[2]
"4.4.103737344.2"	[3626, 0, -148, 0, 1]	103737344	100.921519589	"4T1"	[2]
"4.4.103740125.1"	[258781, 1139, -1139, -1, 1]	103740125	100.922195961	"4T1"	[]
"4.4.104882000.2"	[262205, 0, -1145, 0, 1]	104882000	101.19877142	"4T1"	[2, 2]
"4.4.105370317.1"	[38613, -711, -713, -1, 1]	105370317	101.316358409	"4T1"	[2]
"4.4.105531392.1"	[103058, 0, -908, 0, 1]	105531392	101.355055706	"4T1"	[]
"4.4.105570125.1"	[263351, 1149, -1149, -1, 1]	105570125	101.364354467	"4T1"	[]
"4.4.106491125.1"	[265651, 1154, -1154, -1, 1]	106491125	101.58471202	"4T1"	[2]
"4.4.107399168.1"	[104882, 0, -916, 0, 1]	107399168	101.800574581	"4T1"	[2]
"4.4.108080901.1"	[-1815, -1188, -200, -1, 1]	108080901	101.961740216	"4T1"	[3]
"4.4.108578000.1"	[271445, 0, -1165, 0, 1]	108578000	102.0787773	"4T1"	[10]
"4.4.109073513.2"	[93722, 1, -635, -1, 1]	109073513	102.195041708	"4T1"	[4, 4]
"4.4.109254613.1"	[40043, -724, -726, -1, 1]	109254613	102.237435157	"4T1"	[]
"4.4.109283328.3"	[106722, 0, -924, 0, 1]	109283328	102.24415217	"4T1"	[2, 2]
"4.4.109482221.1"	[6925, 1459, -489, -1, 1]	109482221	102.290640922	"4T1"	[]
"4.4.110215125.1"	[274951, 1174, -1174, -1, 1]	110215125	102.461403242	"4T1"	[2]
"4.4.110273600.2"	[16400, 0, -410, 0, 1]	110273600	102.474990848	"4T1"	[2, 2, 2]
"4.4.111156125.1"	[277301, 1179, -1179, -1, 1]	111156125	102.679406474	"4T1"	[2, 2]
"4.4.111183872.2"	[108578, 0, -932, 0, 1]	111183872	102.685813631	"4T1"	[2]
"4.4.111284641.1"	[-1024, 992, -180, -1, 1]	111284641	102.709072471	"4T1"	[2]
"4.4.111284641.2"	[419, -451, -180, -1, 1]	111284641	102.709072471	"4T1"	[2]
"4.4.111892477.1"	[44893, 437, -439, -1, 1]	111892477	102.849035193	"4T1"	[5]
"4.4.112101125.1"	[279661, 1184, -1184, -1, 1]	112101125	102.896947834	"4T1"	[]
"4.4.112338000.1"	[280845, 0, -1185, 0, 1]	112338000	102.951261349	"4T1"	[2, 2]
"4.4.112425913.1"	[19566, 625, -319, -1, 1]	112425913	102.971397232	"4T1"	[2]
"4.4.112486400.1"	[650, 0, -260, 0, 1]	112486400	102.985244517	"4T1"	[2, 4]
"4.4.112486400.2"	[16250, 0, -260, 0, 1]	112486400	102.985244517	"4T1"	[2, 4]
"4.4.112774736.1"	[8381, 0, -493, 0, 1]	112774736	103.051176605	"4T1"	[2]
"4.4.112896000.1"	[4410, 0, -420, 0, 1]	112896000	103.078867563	"4T1"	[2, 4]
"4.4.112896000.2"	[39690, 0, -420, 0, 1]	112896000	103.078867563	"4T1"	[2, 4]
"4.4.113050125.1"	[282031, 1189, -1189, -1, 1]	113050125	103.114030243	"4T1"	[2]
"4.4.113100800.2"	[110450, 0, -940, 0, 1]	113100800	103.125583582	"4T1"	[2]
"4.4.113209213.1"	[41499, -737, -739, -1, 1]	113209213	103.150287512	"4T1"	[]
"4.4.113288000.1"	[283220, 0, -1190, 0, 1]	113288000	103.168229474	"4T1"	[2, 2]
"4.4.113509952.3"	[98192, 0, -646, 0, 1]	113509952	103.218723769	"4T1"	[2, 2]
"4.4.114208848.1"	[42237, 0, -741, 0, 1]	114208848	103.377241115	"4T1"	[2, 2]
"4.4.114960125.1"	[286801, 1199, -1199, -1, 1]	114960125	103.546829754	"4T1"	[2]
"4.4.115034112.2"	[112338, 0, -948, 0, 1]	115034112	103.563486119	"4T1"	[2]
"4.4.116162000.1"	[290405, 0, -1205, 0, 1]	116162000	103.816413209	"4T1"	[2, 2]
"4.4.116886125.1"	[291611, 1209, -1209, -1, 1]	116886125	103.977827787	"4T1"	[]
"4.4.116983808.2"	[114242, 0, -956, 0, 1]	116983808	103.999544831	"4T1"	[]
"4.4.117234117.1"	[42981, -750, -752, -1, 1]	117234117	104.055131926	"4T1"	[2, 2]
"4.4.117855125.1"	[294031, 1214, -1214, -1, 1]	117855125	104.192658238	"4T1"	[5]
"4.4.118251328.2"	[43732, 0, -754, 0, 1]	118251328	104.280116258	"4T1"	[2, 2]
"4.4.118949888.2"	[116162, 0, -964, 0, 1]	118949888	104.433782815	"4T1"	[2]
"4.4.119139761.1"	[13625, -573, -300, -1, 1]	119139761	104.475433331	"4T1"	[2]
"4.4.119562768.1"	[103428, 0, -663, 0, 1]	119562768	104.568045402	"4T1"	[2, 2, 2]
"4.4.119805125.2"	[298901, 1224, -1224, -1, 1]	119805125	104.620995741	"4T1"	[2, 2]
"4.4.120072949.1"	[16587, 1056, -358, -1, 1]	120072949	104.67941677	"4T1"	[]
"4.4.120786125.1"	[301351, 1229, -1229, -1, 1]	120786125	104.834508199	"4T1"	[]
"4.4.121032000.2"	[302580, 0, -1230, 0, 1]	121032000	104.887818403	"4T1"	[2, 2, 2]
"4.4.121100537.2"	[104092, 1, -669, -1, 1]	121100537	104.902664002	"4T1"	[2, 2]
"4.4.121109625.1"	[5476, 1369, -349, -1, 1]	121109625	104.904632054	"4T1"	[2, 4]
"4.4.121109625.2"	[27316, 4, -349, -1, 1]	121109625	104.904632054	"4T1"	[2, 4]
"4.4.121329325.1"	[44489, -763, -765, -1, 1]	121329325	104.952175521	"4T1"	[2]
"4.4.121771125.1"	[303811, 1234, -1234, -1, 1]	121771125	105.047586688	"4T1"	[2, 2]
"4.4.122325968.1"	[9653, 0, -197, 0, 1]	122325968	105.167043564	"4T1"	[]
"4.4.122760125.1"	[306281, 1239, -1239, -1, 1]	122760125	105.260233842	"4T1"	[]
"4.4.122944949.1"	[7853, 1546, -518, -1, 1]	122944949	105.299830664	"4T1"	[]
"4.4.124002000.1"	[310005, 0, -1245, 0, 1]	124002000	105.525440193	"4T1"	[2, 2]
"4.4.124666421.1"	[17329, 284, -290, -1, 1]	124666421	105.666512269	"4T1"	[]
"4.4.124946432.1"	[122018, 0, -988, 0, 1]	124946432	105.72579627	"4T1"	[2]
"4.4.125494837.1"	[46023, -776, -778, -1, 1]	125494837	105.84161664	"4T1"	[]
"4.4.125751125.1"	[313751, 1254, -1254, -1, 1]	125751125	105.895613257	"4T1"	[2]
"4.4.126756125.1"	[316261, 1259, -1259, -1, 1]	126756125	106.106560903	"4T1"	[2]
"4.4.126978048.1"	[124002, 0, -996, 0, 1]	126978048	106.152972945	"4T1"	[2]
"4.4.127349873.1"	[109481, 1, -686, -1, 1]	127349873	106.230598687	"4T1"	[2]
"4.4.127765125.1"	[318781, 1264, -1264, -1, 1]	127765125	106.317090001	"4T1"	[2]
"4.4.128018000.1"	[320045, 0, -1265, 0, 1]	128018000	106.369657169	"4T1"	[2, 2]
"4.4.128787625.1"	[-2164, -1231, -189, -1, 1]	128787625	106.529167613	"4T1"	[8]
"4.4.128787625.2"	[-2164, 1294, -189, -1, 1]	128787625	106.529167613	"4T1"	[8]
"4.4.129026048.1"	[126002, 0, -1004, 0, 1]	129026048	106.578437467	"4T1"	[]
"4.4.129032000.1"	[322580, 0, -1270, 0, 1]	129032000	106.579666568	"4T1"	[2]
"4.4.129795125.1"	[323851, 1274, -1274, -1, 1]	129795125	106.736902453	"4T1"	[]
"4.4.130741056.2"	[19764, 0, -366, 0, 1]	130741056	106.930844594	"4T1"	[2]
"4.4.130800592.2"	[48373, 0, -793, 0, 1]	130800592	106.943015881	"4T1"	[2, 2]
"4.4.130816125.2"	[326401, 1279, -1279, -1, 1]	130816125	106.946190698	"4T1"	[2, 2, 2]
"4.4.131090432.2"	[128018, 0, -1012, 0, 1]	131090432	107.002210262	"4T1"	[2]
"4.4.131424912.2"	[3492, 0, -291, 0, 1]	131424912	107.07039965	"4T1"	[2, 2]
"4.4.131748453.1"	[52959, 474, -476, -1, 1]	131748453	107.136235209	"4T1"	[2]
"4.4.131841125.1"	[328961, 1284, -1284, -1, 1]	131841125	107.155070176	"4T1"	[2]
"4.4.132098000.1"	[330245, 0, -1285, 0, 1]	132098000	107.207226456	"4T1"	[2]
"4.4.132870125.1"	[331531, 1289, -1289, -1, 1]	132870125	107.363543272	"4T1"	[]
"4.4.133128000.1"	[332820, 0, -1290, 0, 1]	133128000	107.415598327	"4T1"	[2, 2]
"4.4.133171200.2"	[130050, 0, -1020, 0, 1]	133171200	107.42431135	"4T1"	[2, 2, 4]
"4.4.133431056.1"	[19844, 0, -451, 0, 1]	133431056	107.476677118	"4T1"	[2]
"4.4.133756425.1"	[115006, 1, -703, -1, 1]	133756425	107.542137229	"4T1"	[2, 2]
"4.4.134940125.1"	[336701, 1299, -1299, -1, 1]	134940125	107.779279749	"4T1"	[]
"4.4.135124288.1"	[49972, 0, -806, 0, 1]	135124288	107.816034578	"4T1"	[2]
"4.4.135268352.2"	[132098, 0, -1028, 0, 1]	135268352	107.844760359	"4T1"	[2, 2]
"4.4.135424000.1"	[5290, 0, -460, 0, 1]	135424000	107.875770168	"4T1"	[4]
"4.4.135424000.2"	[47610, 0, -460, 0, 1]	135424000	107.875770168	"4T1"	[4]
"4.4.135981125.1"	[339301, 1304, -1304, -1, 1]	135981125	107.986547786	"4T1"	[2, 2]
"4.4.136965712.1"	[56277, 0, -481, 0, 1]	136965712	108.181491524	"4T1"	[2]
"4.4.137026125.2"	[341911, 1309, -1309, -1, 1]	137026125	108.193418756	"4T1"	[2, 2]
"4.4.137288000.2"	[343220, 0, -1310, 0, 1]	137288000	108.245074724	"4T1"	[2]
"4.4.137381888.2"	[134162, 0, -1036, 0, 1]	137381888	108.263576539	"4T1"	[2]
"4.4.137842000.1"	[1845, 0, -205, 0, 1]	137842000	108.354110544	"4T1"	[2, 4]
"4.4.137842000.2"	[10045, 0, -205, 0, 1]	137842000	108.354110544	"4T1"	[2, 4]
"4.4.138075125.1"	[344531, 1314, -1314, -1, 1]	138075125	108.399894934	"4T1"	[5]
"4.4.138413197.1"	[50781, -815, -817, -1, 1]	138413197	108.466187413	"4T1"	[]
"4.4.138664512.1"	[119952, 0, -714, 0, 1]	138664512	108.515389078	"4T1"	[2, 2, 4]
"4.4.140185125.1"	[349801, 1324, -1324, -1, 1]	140185125	108.811671896	"4T1"	[2]
"4.4.141150208.1"	[82, 0, -164, 0, 1]	141150208	108.998464674	"4T1"	[2, 2, 4]
"4.4.141150208.2"	[6642, 0, -164, 0, 1]	141150208	108.998464674	"4T1"	[2, 2, 4]
"4.4.141246125.1"	[352451, 1329, -1329, -1, 1]	141246125	109.01697712	"4T1"	[]
"4.4.141420761.1"	[-116, 814, -195, -1, 1]	141420761	109.050658519	"4T1"	[]
"4.4.141512000.2"	[353780, 0, -1330, 0, 1]	141512000	109.068243042	"4T1"	[2, 2]
"4.4.141658112.2"	[138338, 0, -1052, 0, 1]	141658112	109.096385554	"4T1"	[]
"4.4.142311125.1"	[355111, 1334, -1334, -1, 1]	142311125	109.221896431	"4T1"	[2]
"4.4.142859925.1"	[52419, -828, -830, -1, 1]	142859925	109.327043672	"4T1"	[2, 2, 2]
"4.4.143070797.1"	[2167, -1229, -417, -1, 1]	143070797	109.367365096	"4T1"	[]
"4.4.143820800.1"	[140450, 0, -1060, 0, 1]	143820800	109.510415071	"4T1"	[2, 2]
"4.4.144722000.1"	[361805, 0, -1345, 0, 1]	144722000	109.681565083	"4T1"	[2, 2]
"4.4.145346192.2"	[125732, 0, -731, 0, 1]	145346192	109.799639568	"4T1"	[2, 2]
"4.4.145530125.1"	[363151, 1349, -1349, -1, 1]	145530125	109.834360464	"4T1"	[2]
"4.4.145999872.2"	[142578, 0, -1068, 0, 1]	145999872	109.922885137	"4T1"	[2, 4]
"4.4.147041177.1"	[126464, 1, -737, -1, 1]	147041177	110.118361979	"4T1"	[2]
"4.4.147376957.1"	[54083, -841, -843, -1, 1]	147376957	110.181174184	"4T1"	[2]
"4.4.147696125.1"	[368561, 1359, -1359, -1, 1]	147696125	110.240779468	"4T1"	[]
"4.4.148195328.1"	[144722, 0, -1076, 0, 1]	148195328	110.333813244	"4T1"	[2]
"4.4.148785125.1"	[371281, 1364, -1364, -1, 1]	148785125	110.443428131	"4T1"	[]
"4.4.149058000.1"	[372645, 0, -1365, 0, 1]	149058000	110.494032224	"4T1"	[2, 2, 2]
"4.4.150152000.1"	[375380, 0, -1370, 0, 1]	150152000	110.696217265	"4T1"	[2]
"4.4.150407168.2"	[146882, 0, -1084, 0, 1]	150407168	110.743216555	"4T1"	[]
"4.4.150975125.1"	[376751, 1374, -1374, -1, 1]	150975125	110.847614031	"4T1"	[2]
"4.4.151964293.1"	[55773, -854, -856, -1, 1]	151964293	111.028734167	"4T1"	[]
"4.4.152076125.1"	[379501, 1379, -1379, -1, 1]	152076125	111.049155314	"4T1"	[5]
"4.4.152211749.1"	[9883, 1720, -576, -1, 1]	152211749	111.073905906	"4T1"	[]
"4.4.152635392.2"	[149058, 0, -1092, 0, 1]	152635392	111.151111919	"4T1"	[2, 2]
"4.4.153122112.2"	[56628, 0, -858, 0, 1]	153122112	111.239615144	"4T1"	[2, 2]
"4.4.153225325.1"	[61691, 511, -513, -1, 1]	153225325	111.258355862	"4T1"	[2]
"4.4.153458000.1"	[383645, 0, -1385, 0, 1]	153458000	111.300568711	"4T1"	[2]
"4.4.153919377.1"	[132397, 1, -754, -1, 1]	153919377	111.384131848	"4T1"	[2]
"4.4.154241737.1"	[2558, -1255, -327, -1, 1]	154241737	111.442405251	"4T1"	[10]
"4.4.154290125.2"	[385031, 1389, -1389, -1, 1]	154290125	111.451144521	"4T1"	[2, 2]
"4.4.154568000.2"	[386420, 0, -1390, 0, 1]	154568000	111.50129127	"4T1"	[10]
"4.4.156520125.1"	[390601, 1399, -1399, -1, 1]	156520125	111.851689009	"4T1"	[2]
"4.4.156621933.1"	[57489, -867, -869, -1, 1]	156621933	111.869872965	"4T1"	[2]
"4.4.156698509.1"	[18705, -293, -313, -1, 1]	156698509	111.883544385	"4T1"	[]
"4.4.157140992.1"	[153458, 0, -1108, 0, 1]	157140992	111.962444672	"4T1"	[2]
"4.4.157641125.1"	[393401, 1404, -1404, -1, 1]	157641125	112.051424327	"4T1"	[5]
"4.4.157922000.1"	[394805, 0, -1405, 0, 1]	157922000	112.101302551	"4T1"	[2, 2]
"4.4.158184000.1"	[9360, 0, -390, 0, 1]	158184000	112.147768981	"4T1"	[2, 4]
"4.4.158184000.2"	[37440, 0, -390, 0, 1]	158184000	112.147768981	"4T1"	[2, 4]
"4.4.158847808.2"	[65268, 0, -518, 0, 1]	158847808	112.265239334	"4T1"	[2]
"4.4.159048000.1"	[397620, 0, -1410, 0, 1]	159048000	112.300593912	"4T1"	[2, 2]
"4.4.159895125.2"	[399031, 1414, -1414, -1, 1]	159895125	112.449830648	"4T1"	[2, 2, 2]
"4.4.160954793.1"	[138466, 1, -771, -1, 1]	160954793	112.635678229	"4T1"	[2]
"4.4.161349877.1"	[59231, -880, -882, -1, 1]	161349877	112.704734344	"4T1"	[]
"4.4.161712128.2"	[157922, 0, -1124, 0, 1]	161712128	112.767940271	"4T1"	[2]
"4.4.161878625.1"	[-3749, 1669, -204, -1, 1]	161878625	112.796955223	"4T1"	[2, 2]
"4.4.161878625.2"	[-1024, -1056, -204, -1, 1]	161878625	112.796955223	"4T1"	[2, 2]
"4.4.162089501.1"	[9277, -773, -279, -1, 1]	162089501	112.833671868	"4T1"	[]
"4.4.162165125.1"	[404701, 1424, -1424, -1, 1]	162165125	112.846830402	"4T1"	[2]
"4.4.163592000.2"	[408980, 0, -1430, 0, 1]	163592000	113.094247561	"4T1"	[2, 2]
"4.4.164022272.1"	[160178, 0, -1132, 0, 1]	164022272	113.168538123	"4T1"	[]
"4.4.164451125.1"	[410411, 1434, -1434, -1, 1]	164451125	113.242438383	"4T1"	[2]
"4.4.164566592.2"	[2192, 0, -274, 0, 1]	164566592	113.26231104	"4T1"	[2, 2]
"4.4.165600125.1"	[413281, 1439, -1439, -1, 1]	165600125	113.439725011	"4T1"	[]
"4.4.166334528.2"	[143888, 0, -782, 0, 1]	166334528	113.565286936	"4T1"	[2]
"4.4.166348800.1"	[162450, 0, -1140, 0, 1]	166348800	113.567722918	"4T1"	[2, 10]
"4.4.167358672.2"	[61893, 0, -897, 0, 1]	167358672	113.739693935	"4T1"	[2, 2, 2]
"4.4.167910125.1"	[419051, 1449, -1449, -1, 1]	167910125	113.833272507	"4T1"	[2, 4]
"4.4.168015821.1"	[10985, 1807, -605, -1, 1]	168015821	113.851182211	"4T1"	[]
"4.4.168147425.1"	[144671, 1, -788, -1, 1]	168147425	113.8734701	"4T1"	[2, 2]
"4.4.168691712.5"	[164738, 0, -1148, 0, 1]	168691712	113.965509505	"4T1"	[2, 2]
"4.4.169071125.1"	[421951, 1454, -1454, -1, 1]	169071125	114.029536915	"4T1"	[13]
"4.4.170236125.1"	[424861, 1459, -1459, -1, 1]	170236125	114.225464099	"4T1"	[2, 4]
"4.4.171405125.1"	[427781, 1464, -1464, -1, 1]	171405125	114.421055791	"4T1"	[3, 3]
"4.4.171556497.1"	[30297, 771, -392, -1, 1]	171556497	114.446309427	"4T1"	[2]
"4.4.171698000.1"	[429245, 0, -1465, 0, 1]	171698000	114.469901494	"4T1"	[2]
"4.4.172088784.1"	[12789, 0, -609, 0, 1]	172088784	114.534979243	"4T1"	[2, 2]
"4.4.172244800.1"	[63700, 0, -910, 0, 1]	172244800	114.560929826	"4T1"	[2, 2]
"4.4.172701776.1"	[5525, 0, -221, 0, 1]	172701776	114.636838637	"4T1"	[2, 4]
"4.4.172701776.2"	[10829, 0, -221, 0, 1]	172701776	114.636838637	"4T1"	[2, 4]
"4.4.173426688.2"	[169362, 0, -1164, 0, 1]	173426688	114.756946164	"4T1"	[2, 2]
"4.4.173645072.2"	[150212, 0, -799, 0, 1]	173645072	114.79305545	"4T1"	[2, 2]
"4.4.175185981.1"	[331, 1429, -235, -1, 1]	175185981	115.046877879	"4T1"	[]
"4.4.175818752.1"	[171698, 0, -1172, 0, 1]	175818752	115.150624665	"4T1"	[26]
"4.4.175955533.1"	[64613, -919, -921, -1, 1]	175955533	115.17301395	"4T1"	[]
"4.4.176121125.1"	[439561, 1484, -1484, -1, 1]	176121125	115.200101764	"4T1"	[]
"4.4.176323093.1"	[71089, 548, -550, -1, 1]	176323093	115.23311418	"4T1"	[]
"4.4.177310125.1"	[442531, 1489, -1489, -1, 1]	177310125	115.394041467	"4T1"	[2]
"4.4.177608000.2"	[444020, 0, -1490, 0, 1]	177608000	115.442475484	"4T1"	[2, 4]
"4.4.178227200.1"	[174050, 0, -1180, 0, 1]	178227200	115.542961832	"4T1"	[2]
"4.4.179700125.1"	[448501, 1499, -1499, -1, 1]	179700125	115.780946296	"4T1"	[2, 2]
"4.4.179726425.1"	[7864, 977, -265, -1, 1]	179726425	115.785182341	"4T1"	[2]
"4.4.180901125.2"	[451501, 1504, -1504, -1, 1]	180901125	115.973914673	"4T1"	[2, 2]
"4.4.180964693.1"	[66459, -932, -934, -1, 1]	180964693	115.984101534	"4T1"	[2]
"4.4.181202000.1"	[453005, 0, -1505, 0, 1]	181202000	116.02210662	"4T1"	[2, 2]
"4.4.182106125.1"	[454511, 1509, -1509, -1, 1]	182106125	116.166562505	"4T1"	[2]
"4.4.182374325.1"	[2909, -1388, -470, -1, 1]	182374325	116.20931049	"4T1"	[10]
"4.4.182408000.2"	[456020, 0, -1510, 0, 1]	182408000	116.214674564	"4T1"	[2]
"4.4.183004337.1"	[157489, 1, -822, -1, 1]	183004337	116.309541989	"4T1"	[2]
"4.4.183093248.2"	[178802, 0, -1196, 0, 1]	183093248	116.3236664	"4T1"	[2]
"4.4.183315125.1"	[457531, 1514, -1514, -1, 1]	183315125	116.358891382	"4T1"	[2]
"4.4.184220009.1"	[-20, -818, -213, -1, 1]	184220009	116.502219648	"4T1"	[]
"4.4.185550848.2"	[181202, 0, -1204, 0, 1]	185550848	116.712060357	"4T1"	[2]
"4.4.185745125.1"	[463601, 1524, -1524, -1, 1]	185745125	116.742598579	"4T1"	[2]
"4.4.186044157.1"	[68331, -945, -947, -1, 1]	186044157	116.789556361	"4T1"	[2]
"4.4.186966125.1"	[466651, 1529, -1529, -1, 1]	186966125	116.933980016	"4T1"	[]
"4.4.187325008.1"	[69277, 0, -949, 0, 1]	187325008	116.990053601	"4T1"	[2]
"4.4.188024832.1"	[183618, 0, -1212, 0, 1]	188024832	117.099166098	"4T1"	[2]
"4.4.188191125.1"	[469711, 1534, -1534, -1, 1]	188191125	117.125048738	"4T1"	[2, 2]
"4.4.188868416.1"	[14036, 0, -638, 0, 1]	188868416	117.230288696	"4T1"	[2]
"4.4.189420125.1"	[472781, 1539, -1539, -1, 1]	189420125	117.315806273	"4T1"	[]
"4.4.189624757.1"	[2087, -1364, -294, -1, 1]	189624757	117.347477735	"4T1"	[]
"4.4.190515200.1"	[186050, 0, -1220, 0, 1]	190515200	117.484996356	"4T1"	[2, 2]
"4.4.190668617.1"	[164102, 1, -839, -1, 1]	190668617	117.50864113	"4T1"	[2]
"4.4.190962000.1"	[477405, 0, -1545, 0, 1]	190962000	117.553817892	"4T1"	[2, 2]
"4.4.191193925.1"	[70229, -958, -960, -1, 1]	191193925	117.58949418	"4T1"	[2]
"4.4.191285397.1"	[4089, 1056, -242, -1, 1]	191285397	117.603556103	"4T1"	[]
"4.4.191890125.1"	[478951, 1549, -1549, -1, 1]	191890125	117.69639383	"4T1"	[2, 2]
"4.4.192100033.1"	[1296, 36, -216, -1, 1]	192100033	117.728567563	"4T1"	[7]
"4.4.192143824.1"	[229, 0, -229, 0, 1]	192143824	117.735276322	"4T1"	[15]
"4.4.192492352.1"	[71188, 0, -962, 0, 1]	192492352	117.788629791	"4T1"	[2]
"4.4.193021952.1"	[188498, 0, -1228, 0, 1]	193021952	117.869563657	"4T1"	[]
"4.4.193131125.1"	[482051, 1554, -1554, -1, 1]	193131125	117.886226847	"4T1"	[2]
"4.4.193599089.1"	[27712, -1084, -548, -1, 1]	193599089	117.957572745	"4T1"	[2]
"4.4.194376125.2"	[485161, 1559, -1559, -1, 1]	194376125	118.075754665	"4T1"	[2, 2]
"4.4.195112000.1"	[9280, 0, -290, 0, 1]	195112000	118.187350048	"4T1"	[2, 8]
"4.4.195112000.2"	[20880, 0, -290, 0, 1]	195112000	118.187350048	"4T1"	[2, 8]
"4.4.195545088.2"	[190962, 0, -1236, 0, 1]	195545088	118.252880323	"4T1"	[10]
"4.4.195938000.1"	[489845, 0, -1565, 0, 1]	195938000	118.312237487	"4T1"	[2]
"4.4.197192000.1"	[492980, 0, -1570, 0, 1]	197192000	118.501083956	"4T1"	[10]
"4.4.198084608.2"	[193442, 0, -1244, 0, 1]	198084608	118.634958477	"4T1"	[]
"4.4.198135125.1"	[494551, 1574, -1574, -1, 1]	198135125	118.642521544	"4T1"	[]
"4.4.198490113.1"	[170851, 1, -856, -1, 1]	198490113	118.695627227	"4T1"	[2]
"4.4.199396125.1"	[497701, 1579, -1579, -1, 1]	199396125	118.830843125	"4T1"	[2, 2]
"4.4.200640512.2"	[195938, 0, -1252, 0, 1]	200640512	119.015810045	"4T1"	[2, 2]
"4.4.200661125.2"	[500861, 1584, -1584, -1, 1]	200661125	119.018866729	"4T1"	[2, 2]
"4.4.200978000.1"	[502445, 0, -1585, 0, 1]	200978000	119.065826236	"4T1"	[2]
"4.4.201704373.2"	[74103, -984, -986, -1, 1]	201704373	119.173262413	"4T1"	[2, 2]
"4.4.201930125.1"	[504031, 1589, -1589, -1, 1]	201930125	119.206593765	"4T1"	[2, 4]
"4.4.201965309.1"	[13363, 1981, -663, -1, 1]	201965309	119.21178602	"4T1"	[2, 2]
"4.4.202248000.1"	[505620, 0, -1590, 0, 1]	202248000	119.253479349	"4T1"	[2, 2]
"4.4.203736041.1"	[23860, -751, -389, -1, 1]	203736041	119.472228793	"4T1"	[26]
"4.4.204480125.1"	[510401, 1599, -1599, -1, 1]	204480125	119.581163718	"4T1"	[]
"4.4.205761125.1"	[513601, 1604, -1604, -1, 1]	205761125	119.7680094	"4T1"	[5]
"4.4.205801472.1"	[200978, 0, -1268, 0, 1]	205801472	119.773880194	"4T1"	[10]
"4.4.206082000.1"	[515205, 0, -1605, 0, 1]	206082000	119.814675293	"4T1"	[2, 2]
"4.4.206468825.1"	[177736, 1, -873, -1, 1]	206468825	119.870860117	"4T1"	[2, 2]
"4.4.207065053.1"	[76079, -997, -999, -1, 1]	207065053	119.95730549	"4T1"	[]
"4.4.207368000.1"	[518420, 0, -1610, 0, 1]	207368000	120.001157391	"4T1"	[2, 2]
"4.4.207777168.1"	[16272, 0, -339, 0, 1]	207777168	120.060308687	"4T1"	[2]
"4.4.208335125.1"	[520031, 1614, -1614, -1, 1]	208335125	120.140829008	"4T1"	[]
"4.4.208406528.1"	[203522, 0, -1276, 0, 1]	208406528	120.151121696	"4T1"	[10]
"4.4.208416208.1"	[77077, 0, -1001, 0, 1]	208416208	120.152516857	"4T1"	[2, 2]
"4.4.208527857.1"	[-3968, 1816, -222, -1, 1]	208527857	120.168605114	"4T1"	[]
"4.4.210925125.1"	[526501, 1624, -1624, -1, 1]	210925125	120.51249526	"4T1"	[2]
"4.4.211027968.1"	[206082, 0, -1284, 0, 1]	211027968	120.527182464	"4T1"	[2]
"4.4.211708736.1"	[14900, 0, -298, 0, 1]	211708736	120.624269092	"4T1"	[]
"4.4.212226125.1"	[529751, 1629, -1629, -1, 1]	212226125	120.697899209	"4T1"	[]
"4.4.212496037.1"	[78081, -1010, -1012, -1, 1]	212496037	120.736257217	"4T1"	[]
"4.4.212552000.1"	[531380, 0, -1630, 0, 1]	212552000	120.744205713	"4T1"	[2]
"4.4.213531125.1"	[533011, 1634, -1634, -1, 1]	213531125	120.883018795	"4T1"	[]
"4.4.213665792.2"	[208658, 0, -1292, 0, 1]	213665792	120.902073517	"4T1"	[2, 2]
"4.4.214604753.1"	[184757, 1, -890, -1, 1]	214604753	121.034682169	"4T1"	[2]
"4.4.214840125.1"	[536281, 1639, -1639, -1, 1]	214840125	121.067855323	"4T1"	[2, 2]
"4.4.215296000.1"	[8410, 0, -580, 0, 1]	215296000	121.13202856	"4T1"	[2, 2]
"4.4.215296000.2"	[75690, 0, -580, 0, 1]	215296000	121.13202856	"4T1"	[2, 2]
"4.4.215306000.1"	[12740, 0, -455, 0, 1]	215306000	121.133435111	"4T1"	[2, 2, 4]
"4.4.215306000.2"	[50960, 0, -455, 0, 1]	215306000	121.133435111	"4T1"	[2, 2, 4]
"4.4.216136256.1"	[32144, 0, -574, 0, 1]	216136256	121.250044326	"4T1"	[2]
"4.4.216482000.1"	[541205, 0, -1645, 0, 1]	216482000	121.298504904	"4T1"	[2, 2]
"4.4.217081801.1"	[1256, -263, -225, -1, 1]	217081801	121.382437395	"4T1"	[]
"4.4.217470125.1"	[542851, 1649, -1649, -1, 1]	217470125	121.436684373	"4T1"	[]
"4.4.218128741.1"	[30861, 1422, -480, -1, 1]	218128741	121.528523965	"4T1"	[]
"4.4.218990592.1"	[213858, 0, -1308, 0, 1]	218990592	121.6483897	"4T1"	[2]
"4.4.220110725.2"	[14639, 2068, -692, -1, 1]	220110725	121.80364955	"4T1"	[2, 2]
"4.4.220116125.1"	[549461, 1659, -1659, -1, 1]	220116125	121.804396598	"4T1"	[]
"4.4.220473344.1"	[1274, 0, -364, 0, 1]	220473344	121.853784609	"4T1"	[4]
"4.4.220473344.2"	[31850, 0, -364, 0, 1]	220473344	121.853784609	"4T1"	[4]
"4.4.221677568.5"	[216482, 0, -1316, 0, 1]	221677568	122.019836029	"4T1"	[2, 2]
"4.4.221699125.1"	[-679, 2024, -414, -1, 1]	221699125	122.022802371	"4T1"	[4]
"4.4.221699125.2"	[15471, -1206, -414, -1, 1]	221699125	122.022802371	"4T1"	[4]
"4.4.222897897.1"	[191914, 1, -907, -1, 1]	222897897	122.187419444	"4T1"	[2]
"4.4.223112000.1"	[557780, 0, -1670, 0, 1]	223112000	122.216750446	"4T1"	[2]
"4.4.223568917.1"	[82163, -1036, -1038, -1, 1]	223568917	122.279275183	"4T1"	[2, 2]
"4.4.223924329.1"	[32140, -1166, -589, -1, 1]	223924329	122.327843694	"4T1"	[2]
"4.4.224073792.2"	[42048, 0, -438, 0, 1]	224073792	122.34825116	"4T1"	[2, 2]
"4.4.224115125.1"	[559451, 1674, -1674, -1, 1]	224115125	122.353892906	"4T1"	[2]
"4.4.224380928.1"	[219122, 0, -1324, 0, 1]	224380928	122.390155048	"4T1"	[]
"4.4.225456125.1"	[562801, 1679, -1679, -1, 1]	225456125	122.536510759	"4T1"	[2]
"4.4.226383813.1"	[-4007, 1996, -256, -1, 1]	226383813	122.662367471	"4T1"	[]
"4.4.226441917.2"	[3757, -1547, -523, -1, 1]	226441917	122.670237389	"4T1"	[4, 4]
"4.4.226801125.1"	[566161, 1684, -1684, -1, 1]	226801125	122.718856858	"4T1"	[2, 4]
"4.4.227138000.1"	[567845, 0, -1685, 0, 1]	227138000	122.764401063	"4T1"	[2]
"4.4.227381317.1"	[91883, 622, -624, -1, 1]	227381317	122.797265086	"4T1"	[5]
"4.4.228150125.1"	[569531, 1689, -1689, -1, 1]	228150125	122.900932413	"4T1"	[2]
"4.4.229210813.1"	[84243, -1049, -1051, -1, 1]	229210813	123.043528093	"4T1"	[2, 2]
"4.4.229836800.1"	[224450, 0, -1340, 0, 1]	229836800	123.127451808	"4T1"	[2]
"4.4.230959625.1"	[11326, 1889, -479, -1, 1]	230959625	123.277556171	"4T1"	[2, 4]
"4.4.230959625.2"	[52796, 4, -479, -1, 1]	230959625	123.277556171	"4T1"	[2, 4]
"4.4.231348257.1"	[199207, 1, -924, -1, 1]	231348257	123.329382764	"4T1"	[2]
"4.4.231817725.2"	[33085, 385, -391, -1, 1]	231817725	123.391902352	"4T1"	[2, 2]
"4.4.232221125.2"	[579701, 1704, -1704, -1, 1]	232221125	123.44554778	"4T1"	[2, 2]
"4.4.232562000.2"	[581405, 0, -1705, 0, 1]	232562000	123.490823977	"4T1"	[2, 2, 2]
"4.4.232589312.1"	[227138, 0, -1348, 0, 1]	232589312	123.494449497	"4T1"	[2, 4]
"4.4.233586125.1"	[583111, 1709, -1709, -1, 1]	233586125	123.626553079	"4T1"	[5]
"4.4.234219472.1"	[96237, 0, -629, 0, 1]	234219472	123.710268475	"4T1"	[2]
"4.4.234885113.1"	[-2374, 1581, -231, -1, 1]	234885113	123.798069686	"4T1"	[]
"4.4.234923013.1"	[86349, -1062, -1064, -1, 1]	234923013	123.803063258	"4T1"	[2]
"4.4.234955125.1"	[586531, 1714, -1714, -1, 1]	234955125	123.80729375	"4T1"	[10]
"4.4.235358208.2"	[229842, 0, -1356, 0, 1]	235358208	123.860359779	"4T1"	[2, 10]
"4.4.236362048.1"	[87412, 0, -1066, 0, 1]	236362048	123.992220073	"4T1"	[2]
"4.4.237705125.1"	[593401, 1724, -1724, -1, 1]	237705125	124.167985829	"4T1"	[2]
"4.4.237789200.1"	[205700, 0, -935, 0, 1]	237789200	124.178963757	"4T1"	[2, 2]
"4.4.238143488.2"	[232562, 0, -1364, 0, 1]	238143488	124.225192262	"4T1"	[2]
"4.4.238203200.1"	[5300, 0, -530, 0, 1]	238203200	124.232978574	"4T1"	[2]
"4.4.239086125.2"	[596851, 1729, -1729, -1, 1]	239086125	124.347939526	"4T1"	[2, 2]
"4.4.239432000.1"	[598580, 0, -1730, 0, 1]	239432000	124.392887274	"4T1"	[2]
"4.4.240471125.1"	[600311, 1734, -1734, -1, 1]	240471125	124.527633174	"4T1"	[2]
"4.4.240705517.1"	[88481, -1075, -1077, -1, 1]	240705517	124.557966981	"4T1"	[]
"4.4.241860125.1"	[603781, 1739, -1739, -1, 1]	241860125	124.707067897	"4T1"	[2]
"4.4.243602000.2"	[609005, 0, -1745, 0, 1]	243602000	124.930998887	"4T1"	[2, 2]
"4.4.243763200.2"	[238050, 0, -1380, 0, 1]	243763200	124.951661568	"4T1"	[2, 2]
"4.4.243849593.1"	[16208, 1476, -381, -1, 1]	243849593	124.96273124	"4T1"	[2]
"4.4.244650125.1"	[610751, 1749, -1749, -1, 1]	244650125	125.065165025	"4T1"	[]
"4.4.246016000.3"	[9610, 0, -620, 0, 1]	246016000	125.239359606	"4T1"	[4]
"4.4.246016000.4"	[86490, 0, -620, 0, 1]	246016000	125.239359606	"4T1"	[4]
"4.4.246051125.1"	[614251, 1754, -1754, -1, 1]	246051125	125.243829637	"4T1"	[2, 2]
"4.4.246558325.1"	[90639, -1088, -1090, -1, 1]	246558325	125.308322966	"4T1"	[2]
"4.4.246597632.1"	[240818, 0, -1388, 0, 1]	246597632	125.313316916	"4T1"	[]
"4.4.247456125.1"	[617761, 1759, -1759, -1, 1]	247456125	125.422239741	"4T1"	[2, 2]
"4.4.247673152.1"	[5652, 0, -314, 0, 1]	247673152	125.449730539	"4T1"	[]
"4.4.248115600.1"	[36900, 0, -615, 0, 1]	248115600	125.505719488	"4T1"	[2, 2, 2]
"4.4.248865125.1"	[621281, 1764, -1764, -1, 1]	248865125	125.600396422	"4T1"	[2]
"4.4.249218000.1"	[623045, 0, -1765, 0, 1]	249218000	125.644896121	"4T1"	[2]
"4.4.249448448.1"	[243602, 0, -1396, 0, 1]	249448448	125.673931524	"4T1"	[2]
"4.4.250632000.2"	[626580, 0, -1770, 0, 1]	250632000	125.822737535	"4T1"	[2, 2]
"4.4.251545600.1"	[7650, 0, -340, 0, 1]	251545600	125.937242919	"4T1"	[2, 4]
"4.4.251545600.2"	[21250, 0, -340, 0, 1]	251545600	125.937242919	"4T1"	[2, 4]
"4.4.251695125.1"	[628351, 1774, -1774, -1, 1]	251695125	125.955953811	"4T1"	[2, 2]
"4.4.252481437.1"	[92823, -1101, -1103, -1, 1]	252481437	126.054212429	"4T1"	[2, 2]
"4.4.253116125.1"	[631901, 1779, -1779, -1, 1]	253116125	126.13335665	"4T1"	[]
"4.4.253708133.1"	[-3139, 2130, -324, -1, 1]	253708133	126.207044718	"4T1"	[]
"4.4.253973200.1"	[93925, 0, -1105, 0, 1]	253973200	126.239996188	"4T1"	[2, 2, 2]
"4.4.254541125.1"	[635461, 1784, -1784, -1, 1]	254541125	126.310510329	"4T1"	[]
"4.4.254898000.1"	[637245, 0, -1785, 0, 1]	254898000	126.354759939	"4T1"	[2, 2, 2]
"4.4.255199232.2"	[249218, 0, -1412, 0, 1]	255199232	126.392074121	"4T1"	[2, 2]
"4.4.255341773.1"	[103279, 659, -661, -1, 1]	255341773	126.409719433	"4T1"	[]
"4.4.256328000.2"	[640820, 0, -1790, 0, 1]	256328000	126.531603637	"4T1"	[2]
"4.4.256455041.2"	[36896, -1248, -630, -1, 1]	256455041	126.547278587	"4T1"	[2, 2]
"4.4.257642633.1"	[221902, 1, -975, -1, 1]	257642633	126.693528645	"4T1"	[2]
"4.4.258099200.2"	[252050, 0, -1420, 0, 1]	258099200	126.749619599	"4T1"	[2]
"4.4.258742901.1"	[17365, 2242, -750, -1, 1]	258742901	126.828574379	"4T1"	[]
"4.4.258840125.1"	[646201, 1799, -1799, -1, 1]	258840125	126.840486825	"4T1"	[]
"4.4.259984192.2"	[96148, 0, -1118, 0, 1]	259984192	126.980413072	"4T1"	[2]
"4.4.260281125.1"	[649801, 1804, -1804, -1, 1]	260281125	127.016654253	"4T1"	[2, 2]
"4.4.261015552.5"	[254898, 0, -1428, 0, 1]	261015552	127.106159318	"4T1"	[2, 2, 2]
"4.4.261726125.1"	[653411, 1809, -1809, -1, 1]	261726125	127.192577681	"4T1"	[]
"4.4.262088000.2"	[655220, 0, -1810, 0, 1]	262088000	127.236520532	"4T1"	[2, 2]
"4.4.263175125.1"	[657031, 1814, -1814, -1, 1]	263175125	127.368258121	"4T1"	[]
"4.4.263374721.1"	[-4169, -1883, -240, -1, 1]	263374721	127.39240076	"4T1"	[5]
"4.4.263762497.1"	[4983, -1643, -424, -1, 1]	263762497	127.439265986	"4T1"	[2]
"4.4.263791424.2"	[19604, 0, -754, 0, 1]	263791424	127.442759929	"4T1"	[2, 4]
"4.4.263948288.2"	[257762, 0, -1436, 0, 1]	263948288	127.461701717	"4T1"	[]
"4.4.264437312.1"	[228752, 0, -986, 0, 1]	264437312	127.520698663	"4T1"	[2, 2]
"4.4.264538573.1"	[97269, -1127, -1129, -1, 1]	264538573	127.532904788	"4T1"	[]
"4.4.266085125.1"	[664301, 1824, -1824, -1, 1]	266085125	127.718894044	"4T1"	[]
"4.4.266721857.1"	[229739, 1, -992, -1, 1]	266721857	127.795232239	"4T1"	[2]
"4.4.267546125.2"	[667951, 1829, -1829, -1, 1]	267546125	127.893851515	"4T1"	[2, 2, 4]
"4.4.267912000.2"	[669780, 0, -1830, 0, 1]	267912000	127.937553499	"4T1"	[2, 2, 2]
"4.4.270480125.1"	[675281, 1839, -1839, -1, 1]	270480125	128.243050395	"4T1"	[]
"4.4.272844800.2"	[266450, 0, -1460, 0, 1]	272844800	128.522427648	"4T1"	[2, 2]
"4.4.273430125.2"	[682651, 1849, -1849, -1, 1]	273430125	128.591301003	"4T1"	[2, 2, 2]
"4.4.273634448.2"	[236708, 0, -1003, 0, 1]	273634448	128.615317012	"4T1"	[2, 2]
"4.4.274911125.1"	[686351, 1854, -1854, -1, 1]	274911125	128.765073111	"4T1"	[]
"4.4.275273573.1"	[4711, -1706, -576, -1, 1]	275273573	128.807493717	"4T1"	[]
"4.4.275843072.2"	[269378, 0, -1468, 0, 1]	275843072	128.874062854	"4T1"	[]
"4.4.275958297.1"	[237712, 1, -1009, -1, 1]	275958297	128.887519045	"4T1"	[2]
"4.4.276396125.1"	[690061, 1859, -1859, -1, 1]	276396125	128.938611024	"4T1"	[5]
"4.4.276876925.1"	[101819, -1153, -1155, -1, 1]	276876925	128.994647704	"4T1"	[2]
"4.4.277885125.1"	[693781, 1864, -1864, -1, 1]	277885125	129.111915687	"4T1"	[2, 2]
"4.4.278051725.1"	[39645, 1605, -541, -1, 1]	278051725	129.1312629	"4T1"	[2, 4]
"4.4.278258000.1"	[695645, 0, -1865, 0, 1]	278258000	129.155205517	"4T1"	[2]
"4.4.278438992.1"	[102973, 0, -1157, 0, 1]	278438992	129.176202541	"4T1"	[2]
"4.4.278784000.1"	[10890, 0, -660, 0, 1]	278784000	129.216198852	"4T1"	[2, 4]
"4.4.278784000.2"	[98010, 0, -660, 0, 1]	278784000	129.216198852	"4T1"	[2, 4]
"4.4.279229661.1"	[18815, 2329, -779, -1, 1]	279229661	129.267808818	"4T1"	[]
"4.4.279752000.2"	[699380, 0, -1870, 0, 1]	279752000	129.328219936	"4T1"	[2, 2]
"4.4.280875125.1"	[701251, 1874, -1874, -1, 1]	280875125	129.457829008	"4T1"	[]
"4.4.281888768.2"	[275282, 0, -1484, 0, 1]	281888768	129.574470528	"4T1"	[2]
"4.4.283151557.1"	[104133, -1166, -1168, -1, 1]	283151557	129.719342438	"4T1"	[]
"4.4.283881125.1"	[708761, 1884, -1884, -1, 1]	283881125	129.802820503	"4T1"	[2]
"4.4.284258000.1"	[710645, 0, -1885, 0, 1]	284258000	129.84587999	"4T1"	[2, 2, 2]
"4.4.284936192.1"	[278258, 0, -1492, 0, 1]	284936192	129.923258428	"4T1"	[2]
"4.4.285351953.1"	[245821, 1, -1026, -1, 1]	285351953	129.970626482	"4T1"	[2]
"4.4.285390125.1"	[712531, 1889, -1889, -1, 1]	285390125	129.97497286	"4T1"	[]
"4.4.286695117.1"	[4729, -1169, -277, -1, 1]	286695117	130.123301594	"4T1"	[]
"4.4.289941125.1"	[723901, 1904, -1904, -1, 1]	289941125	130.490067241	"4T1"	[]
"4.4.290322000.1"	[725805, 0, -1905, 0, 1]	290322000	130.532900024	"4T1"	[2, 2]
"4.4.290557309.1"	[10025, 1595, -339, -1, 1]	290557309	130.559341556	"4T1"	[]
"4.4.291080192.1"	[284258, 0, -1508, 0, 1]	291080192	130.618040165	"4T1"	[2, 2]
"4.4.291191225.1"	[41980, -1330, -671, -1, 1]	291191225	130.630494498	"4T1"	[2, 2]
"4.4.291381525.1"	[35709, -402, -422, -1, 1]	291381525	130.651831759	"4T1"	[2, 2]
"4.4.291466125.2"	[727711, 1909, -1909, -1, 1]	291466125	130.661314122	"4T1"	[2, 2]
"4.4.291848000.2"	[729620, 0, -1910, 0, 1]	291848000	130.704090786	"4T1"	[2]
"4.4.292995125.1"	[731531, 1914, -1914, -1, 1]	292995125	130.832336858	"4T1"	[]
"4.4.294176768.1"	[287282, 0, -1516, 0, 1]	294176768	130.964048824	"4T1"	[]
"4.4.295911733.1"	[108839, -1192, -1194, -1, 1]	295911733	131.156719749	"4T1"	[]
"4.4.297289728.2"	[290322, 0, -1524, 0, 1]	297289728	131.30914573	"4T1"	[2]
"4.4.297606125.1"	[743051, 1929, -1929, -1, 1]	297606125	131.344068943	"4T1"	[]
"4.4.297992000.1"	[744980, 0, -1930, 0, 1]	297992000	131.386623316	"4T1"	[2]
"4.4.299066625.1"	[15031, 2149, -544, -1, 1]	299066625	131.504915764	"4T1"	[2, 4]
"4.4.299066625.2"	[68656, 4, -544, -1, 1]	299066625	131.504915764	"4T1"	[2, 4]
"4.4.299151125.1"	[746911, 1934, -1934, -1, 1]	299151125	131.514203818	"4T1"	[2, 2]
"4.4.300419072.2"	[293378, 0, -1532, 0, 1]	300419072	131.653338053	"4T1"	[]
"4.4.300496869.1"	[20323, 2416, -808, -1, 1]	300496869	131.661860515	"4T1"	[10]
"4.4.300700125.1"	[750781, 1939, -1939, -1, 1]	300700125	131.684118881	"4T1"	[2, 2]
"4.4.302169152.1"	[261392, 0, -1054, 0, 1]	302169152	131.844656007	"4T1"	[2]
"4.4.302397277.2"	[111231, -1205, -1207, -1, 1]	302397277	131.869533258	"4T1"	[2, 4]
"4.4.302642000.1"	[756605, 0, -1945, 0, 1]	302642000	131.896204892	"4T1"	[2, 2]
"4.4.303564800.5"	[296450, 0, -1540, 0, 1]	303564800	131.996632868	"4T1"	[2, 2]
"4.4.303810125.1"	[758551, 1949, -1949, -1, 1]	303810125	132.023292962	"4T1"	[]
"4.4.304029648.1"	[112437, 0, -1209, 0, 1]	304029648	132.047135403	"4T1"	[2, 2]
"4.4.304610913.1"	[262447, 1, -1060, -1, 1]	304610913	132.110204425	"4T1"	[2]
"4.4.304821217.1"	[-4293, 2061, -252, -1, 1]	304821217	132.133000813	"4T1"	[]
"4.4.304900096.1"	[2650, 0, -212, 0, 1]	304900096	132.141548043	"4T1"	[2]
"4.4.304900096.2"	[8586, 0, -212, 0, 1]	304900096	132.141548043	"4T1"	[2]
"4.4.304989328.1"	[57232, 0, -511, 0, 1]	304989328	132.151215111	"4T1"	[2]
"4.4.305371125.2"	[762451, 1954, -1954, -1, 1]	305371125	132.192553664	"4T1"	[2, 2]
"4.4.306936125.1"	[766361, 1959, -1959, -1, 1]	306936125	132.361597919	"4T1"	[]
"4.4.308505125.1"	[770281, 1964, -1964, -1, 1]	308505125	132.530426557	"4T1"	[]
"4.4.308898000.1"	[772245, 0, -1965, 0, 1]	308898000	132.572600122	"4T1"	[2, 10]
"4.4.309905408.1"	[302642, 0, -1556, 0, 1]	309905408	132.680557824	"4T1"	[2]
"4.4.310472000.1"	[776180, 0, -1970, 0, 1]	310472000	132.741160394	"4T1"	[2]
"4.4.310603072.1"	[114868, 0, -1222, 0, 1]	310603072	132.755168014	"4T1"	[2]
"4.4.310891329.1"	[36943, -929, -478, -1, 1]	310891329	132.785958353	"4T1"	[2]
"4.4.311441744.1"	[6725, 0, -269, 0, 1]	311441744	132.844691826	"4T1"	[]
"4.4.311655125.1"	[778151, 1974, -1974, -1, 1]	311655125	132.867440264	"4T1"	[]
"4.4.313100288.5"	[305762, 0, -1564, 0, 1]	313100288	133.021201665	"4T1"	[2, 2]
"4.4.313236125.1"	[782101, 1979, -1979, -1, 1]	313236125	133.035626965	"4T1"	[]
"4.4.314476217.1"	[270964, 1, -1077, -1, 1]	314476217	133.167102904	"4T1"	[2]
"4.4.315218000.1"	[788045, 0, -1985, 0, 1]	315218000	133.245561807	"4T1"	[2]
"4.4.315579277.1"	[116093, -1231, -1233, -1, 1]	315579277	133.283724191	"4T1"	[]
"4.4.316125373.1"	[128069, 733, -735, -1, 1]	316125373	133.341347211	"4T1"	[]
"4.4.316233425.1"	[2249, -1733, -320, -1, 1]	316233425	133.352739806	"4T1"	[2]
"4.4.316311552.1"	[308898, 0, -1572, 0, 1]	316311552	133.360975403	"4T1"	[2]
"4.4.316410125.1"	[790031, 1989, -1989, -1, 1]	316410125	133.371364097	"4T1"	[2]
"4.4.316808000.2"	[792020, 0, -1990, 0, 1]	316808000	133.413271832	"4T1"	[2]
"4.4.319539200.2"	[312050, 0, -1580, 0, 1]	319539200	133.699885671	"4T1"	[2]
"4.4.319600125.1"	[798001, 1999, -1999, -1, 1]	319600125	133.706258194	"4T1"	[2, 2, 4]
"4.4.321201125.2"	[802001, 2004, -2004, -1, 1]	321201125	133.873391082	"4T1"	[2, 2]
"4.4.321602000.2"	[804005, 0, -2005, 0, 1]	321602000	133.915141711	"4T1"	[2, 4]
"4.4.322275733.1"	[118563, -1244, -1246, -1, 1]	322275733	133.985222321	"4T1"	[]
"4.4.322544525.2"	[21889, 2503, -837, -1, 1]	322544525	134.013150966	"4T1"	[2, 2]
"4.4.322783232.1"	[315218, 0, -1588, 0, 1]	322783232	134.037939019	"4T1"	[10]
"4.4.322806125.1"	[806011, 2009, -2009, -1, 1]	322806125	134.040315574	"4T1"	[]
"4.4.323208000.1"	[808020, 0, -2010, 0, 1]	323208000	134.082014227	"4T1"	[2, 2]
"4.4.324498737.1"	[279617, 1, -1094, -1, 1]	324498737	134.215678959	"4T1"	[2]
"4.4.324872125.1"	[-339, 2449, -499, -1, 1]	324872125	134.254271493	"4T1"	[4]
"4.4.324872125.2"	[23121, -1461, -499, -1, 1]	324872125	134.254271493	"4T1"	[4]
"4.4.326043648.2"	[318402, 0, -1596, 0, 1]	326043648	134.375141914	"4T1"	[2, 2]
"4.4.327082769.1"	[-4352, -2024, -258, -1, 1]	327082769	134.482079636	"4T1"	[8]
"4.4.327082769.2"	[-907, -1335, -258, -1, 1]	327082769	134.482079636	"4T1"	[8]
"4.4.327163297.1"	[58767, 1063, -538, -1, 1]	327163297	134.490356267	"4T1"	[2]
"4.4.327645125.1"	[818101, 2024, -2024, -1, 1]	327645125	134.539846432	"4T1"	[]
"4.4.328132881.1"	[47392, -1412, -712, -1, 1]	328132881	134.589889916	"4T1"	[2]
"4.4.328869293.1"	[5771, -1865, -629, -1, 1]	328869293	134.665339766	"4T1"	[]
"4.4.329266125.2"	[822151, 2029, -2029, -1, 1]	329266125	134.705945071	"4T1"	[2, 4]
"4.4.329320448.2"	[321602, 0, -1604, 0, 1]	329320448	134.711500743	"4T1"	[2]
"4.4.329672000.2"	[824180, 0, -2030, 0, 1]	329672000	134.747437739	"4T1"	[2, 4, 4]
"4.4.330745168.1"	[122317, 0, -1261, 0, 1]	330745168	134.856963608	"4T1"	[2]
"4.4.330891125.1"	[826211, 2034, -2034, -1, 1]	330891125	134.871839155	"4T1"	[]
"4.4.331373888.1"	[692, 0, -346, 0, 1]	331373888	134.921006037	"4T1"	[]
"4.4.332520125.1"	[830281, 2039, -2039, -1, 1]	332520125	135.037529437	"4T1"	[2]
"4.4.332613632.2"	[324818, 0, -1612, 0, 1]	332613632	135.047021812	"4T1"	[2]
"4.4.334562000.1"	[836405, 0, -2045, 0, 1]	334562000	135.244356836	"4T1"	[2, 2]
"4.4.335790125.1"	[838451, 2049, -2049, -1, 1]	335790125	135.368301591	"4T1"	[2, 2]
"4.4.335879557.1"	[123581, -1270, -1272, -1, 1]	335879557	135.377313953	"4T1"	[2, 2]
"4.4.337431125.1"	[842551, 2054, -2054, -1, 1]	337431125	135.533384947	"4T1"	[2]
"4.4.338608873.1"	[-2464, -1699, -261, -1, 1]	338608873	135.651494731	"4T1"	[12]
"4.4.338608873.2"	[324, 1089, -261, -1, 1]	338608873	135.651494731	"4T1"	[12]
"4.4.339249152.1"	[331298, 0, -1628, 0, 1]	339249152	135.715575511	"4T1"	[2]
"4.4.340062928.1"	[13573, 0, -277, 0, 1]	340062928	135.796889547	"4T1"	[]
"4.4.340725125.1"	[850781, 2064, -2064, -1, 1]	340725125	135.862949895	"4T1"	[2]
"4.4.341138000.1"	[852845, 0, -2065, 0, 1]	341138000	135.904089321	"4T1"	[2, 2]
"4.4.342416448.1"	[296208, 0, -1122, 0, 1]	342416448	136.031239235	"4T1"	[2, 2, 2]
"4.4.342591488.2"	[334562, 0, -1636, 0, 1]	342591488	136.048620369	"4T1"	[2, 2]
"4.4.342786925.1"	[126129, -1283, -1285, -1, 1]	342786925	136.068019018	"4T1"	[2]
"4.4.344035125.1"	[859051, 2074, -2074, -1, 1]	344035125	136.191717345	"4T1"	[2, 2]
"4.4.345015425.2"	[297331, 1, -1128, -1, 1]	345015425	136.288630646	"4T1"	[2, 2, 2]
"4.4.345238101.2"	[49527, 1788, -602, -1, 1]	345238101	136.310615797	"4T1"	[2, 4]
"4.4.345372629.1"	[23513, 2590, -866, -1, 1]	345372629	136.323892805	"4T1"	[2]
"4.4.345696125.1"	[863201, 2079, -2079, -1, 1]	345696125	136.355803811	"4T1"	[]
"4.4.345950208.2"	[337842, 0, -1644, 0, 1]	345950208	136.380851927	"4T1"	[2, 10]
"4.4.347361125.1"	[867361, 2084, -2084, -1, 1]	347361125	136.519693057	"4T1"	[]
"4.4.347778000.1"	[869445, 0, -2085, 0, 1]	347778000	136.560634637	"4T1"	[2, 2]
"4.4.348948517.1"	[141463, 770, -772, -1, 1]	348948517	136.675395483	"4T1"	[]
"4.4.349030125.1"	[871531, 2089, -2089, -1, 1]	349030125	136.683385794	"4T1"	[2]
"4.4.349325312.2"	[341138, 0, -1652, 0, 1]	349325312	136.712276114	"4T1"	[2]
"4.4.349448000.5"	[873620, 0, -2090, 0, 1]	349448000	136.724278356	"4T1"	[2, 2, 2]
"4.4.349764597.1"	[128703, -1296, -1298, -1, 1]	349764597	136.755235607	"4T1"	[2, 2]
"4.4.349938025.1"	[-3390, 2425, -331, -1, 1]	349938025	136.772184705	"4T1"	[2]
"4.4.350464000.1"	[13690, 0, -740, 0, 1]	350464000	136.823549684	"4T1"	[2, 2, 4]
"4.4.350464000.2"	[123210, 0, -740, 0, 1]	350464000	136.823549684	"4T1"	[2, 2, 2]
"4.4.351201600.2"	[26100, 0, -870, 0, 1]	351201600	136.895483961	"4T1"	[2, 2, 2]
"4.4.352380125.1"	[879901, 2099, -2099, -1, 1]	352380125	137.010184553	"4T1"	[2]
"4.4.352716800.1"	[344450, 0, -1660, 0, 1]	352716800	137.042898788	"4T1"	[2]
"4.4.352871312.2"	[305252, 0, -1139, 0, 1]	352871312	137.057904662	"4T1"	[2, 2]
"4.4.353736000.1"	[3060, 0, -510, 0, 1]	353736000	137.141790468	"4T1"	[2, 4]
"4.4.353736000.2"	[27540, 0, -510, 0, 1]	353736000	137.141790468	"4T1"	[2, 4]
"4.4.354482000.1"	[886205, 0, -2105, 0, 1]	354482000	137.214038533	"4T1"	[2, 4]
"4.4.355509593.1"	[306392, 1, -1145, -1, 1]	355509593	137.313371621	"4T1"	[2]
"4.4.355746125.1"	[888311, 2109, -2109, -1, 1]	355746125	137.336205679	"4T1"	[2, 2]
"4.4.356124672.1"	[347778, 0, -1668, 0, 1]	356124672	137.372725737	"4T1"	[2]
"4.4.356168000.2"	[890420, 0, -2110, 0, 1]	356168000	137.376903918	"4T1"	[2]
"4.4.357407568.2"	[146853, 0, -777, 0, 1]	357407568	137.49627611	"4T1"	[2, 2, 2]
"4.4.357435125.2"	[892531, 2114, -2114, -1, 1]	357435125	137.498926359	"4T1"	[2, 2]
"4.4.358585552.2"	[132613, 0, -1313, 0, 1]	358585552	137.609430268	"4T1"	[2, 2]
"4.4.359548928.1"	[351122, 0, -1676, 0, 1]	359548928	137.701762677	"4T1"	[]
"4.4.360825125.1"	[901001, 2124, -2124, -1, 1]	360825125	137.823791375	"4T1"	[]
"4.4.362526125.1"	[905251, 2129, -2129, -1, 1]	362526125	137.985937068	"4T1"	[2]
"4.4.362952000.2"	[907380, 0, -2130, 0, 1]	362952000	138.026443728	"4T1"	[2, 2]
"4.4.362989568.1"	[354482, 0, -1684, 0, 1]	362989568	138.030015259	"4T1"	[2]
"4.4.363169600.2"	[54900, 0, -610, 0, 1]	363169600	138.047126769	"4T1"	[2, 4]
"4.4.363930853.1"	[133929, -1322, -1324, -1, 1]	363930853	138.119411375	"4T1"	[2]
"4.4.364231125.1"	[909511, 2134, -2134, -1, 1]	364231125	138.147892448	"4T1"	[2, 4]
"4.4.365721408.5"	[135252, 0, -1326, 0, 1]	365721408	138.288987143	"4T1"	[2, 2, 2]
"4.4.365940125.2"	[913781, 2139, -2139, -1, 1]	365940125	138.309658186	"4T1"	[2, 2]
"4.4.366160977.1"	[315589, 1, -1162, -1, 1]	366160977	138.330521609	"4T1"	[2, 2, 2]
"4.4.367280009.1"	[53132, -1494, -753, -1, 1]	367280009	138.436089379	"4T1"	[2]
"4.4.368082000.1"	[920205, 0, -2145, 0, 1]	368082000	138.511599684	"4T1"	[2, 2, 2]
"4.4.368981181.1"	[25195, 2677, -895, -1, 1]	368981181	138.596114185	"4T1"	[2]
"4.4.370274832.1"	[4932, 0, -411, 0, 1]	370274832	138.717434568	"4T1"	[2]
"4.4.371091125.1"	[926651, 2154, -2154, -1, 1]	371091125	138.793824164	"4T1"	[5]
"4.4.371119437.1"	[136581, -1335, -1337, -1, 1]	371119437	138.79647137	"4T1"	[2]
"4.4.371938661.1"	[53891, 486, -492, -1, 1]	371938661	138.873004277	"4T1"	[]
"4.4.372816125.1"	[930961, 2159, -2159, -1, 1]	372816125	138.954837936	"4T1"	[2]
"4.4.373409792.2"	[364658, 0, -1708, 0, 1]	373409792	139.010122352	"4T1"	[2]
"4.4.374545125.1"	[935281, 2164, -2164, -1, 1]	374545125	139.115665348	"4T1"	[2]
"4.4.374623277.1"	[25403, 357, -369, -1, 1]	374623277	139.122921695	"4T1"	[]
"4.4.374978000.1"	[937445, 0, -2165, 0, 1]	374978000	139.155843158	"4T1"	[2]
"4.4.375961625.1"	[19256, 2409, -609, -1, 1]	375961625	139.247010326	"4T1"	[2, 4]
"4.4.375961625.2"	[86596, 4, -609, -1, 1]	375961625	139.247010326	"4T1"	[2, 4]
"4.4.376712000.2"	[941780, 0, -2170, 0, 1]	376712000	139.31643853	"4T1"	[2, 2]
"4.4.376915968.1"	[368082, 0, -1716, 0, 1]	376915968	139.335292673	"4T1"	[2, 2]
"4.4.376969577.1"	[324922, 1, -1179, -1, 1]	376969577	139.340246846	"4T1"	[2]
"4.4.378015125.1"	[943951, 2174, -2174, -1, 1]	378015125	139.436763676	"4T1"	[2]
"4.4.378378325.1"	[139259, -1348, -1350, -1, 1]	378378325	139.470244608	"4T1"	[2]
"4.4.379503424.1"	[18100, 0, -362, 0, 1]	379503424	139.573807071	"4T1"	[]
"4.4.379756125.1"	[948301, 2179, -2179, -1, 1]	379756125	139.597035871	"4T1"	[2, 2]
"4.4.380438528.2"	[371522, 0, -1724, 0, 1]	380438528	139.659705901	"4T1"	[]
"4.4.381501125.1"	[952661, 2184, -2184, -1, 1]	381501125	139.757124267	"4T1"	[]
"4.4.381938000.1"	[954845, 0, -2185, 0, 1]	381938000	139.797117722	"4T1"	[2, 2]
"4.4.382576941.1"	[10485, 807, -305, -1, 1]	382576941	139.855547447	"4T1"	[]
"4.4.383250125.1"	[957031, 2189, -2189, -1, 1]	383250125	139.917029496	"4T1"	[2]
"4.4.383392557.1"	[155523, 807, -809, -1, 1]	383392557	139.93002746	"4T1"	[2]
"4.4.383688000.1"	[959220, 0, -2190, 0, 1]	383688000	139.956977257	"4T1"	[2, 2]
"4.4.383977472.2"	[374978, 0, -1732, 0, 1]	383977472	139.983367299	"4T1"	[2]
"4.4.385179200.2"	[333200, 0, -1190, 0, 1]	385179200	140.092764902	"4T1"	[2, 2]
"4.4.385707517.1"	[141963, -1361, -1363, -1, 1]	385707517	140.140778496	"4T1"	[]
"4.4.386760125.1"	[965801, 2199, -2199, -1, 1]	386760125	140.236292956	"4T1"	[]
"4.4.387229077.2"	[6937, -2024, -682, -1, 1]	387229077	140.278783252	"4T1"	[2, 2]
"4.4.387532800.1"	[378450, 0, -1740, 0, 1]	387532800	140.30628207	"4T1"	[2, 2]
"4.4.387550800.1"	[143325, 0, -1365, 0, 1]	387550800	140.307911267	"4T1"	[2, 2, 2]
"4.4.387935393.2"	[334391, 1, -1196, -1, 1]	387935393	140.34270759	"4T1"	[2, 2]
"4.4.388521125.1"	[970201, 2204, -2204, -1, 1]	388521125	140.395652431	"4T1"	[2, 2]
"4.4.389376000.5"	[15210, 0, -780, 0, 1]	389376000	140.472818009	"4T1"	[2, 2, 4]
"4.4.389376000.6"	[136890, 0, -780, 0, 1]	389376000	140.472818009	"4T1"	[2, 2, 4]
"4.4.390286125.2"	[974611, 2209, -2209, -1, 1]	390286125	140.554831227	"4T1"	[2, 2, 2]
"4.4.390728000.1"	[976820, 0, -2210, 0, 1]	390728000	140.594597766	"4T1"	[2, 2]
"4.4.391104512.2"	[381938, 0, -1748, 0, 1]	391104512	140.628455357	"4T1"	[2]
"4.4.392055125.1"	[979031, 2214, -2214, -1, 1]	392055125	140.713829956	"4T1"	[2, 2]
"4.4.392256832.2"	[161172, 0, -814, 0, 1]	392256832	140.7319253	"4T1"	[2]
"4.4.393370181.1"	[26935, 2764, -924, -1, 1]	393370181	140.83167962	"4T1"	[]
"4.4.394692608.2"	[385442, 0, -1756, 0, 1]	394692608	140.949892246	"4T1"	[]
"4.4.394967872.2"	[146068, 0, -1378, 0, 1]	394967872	140.974460915	"4T1"	[2, 2]
"4.4.395605125.1"	[987901, 2224, -2224, -1, 1]	395605125	141.031289648	"4T1"	[10]
"4.4.396262928.1"	[342788, 0, -1207, 0, 1]	396262928	141.089879015	"4T1"	[2]
"4.4.397386125.1"	[992351, 2229, -2229, -1, 1]	397386125	141.189751821	"4T1"	[]
"4.4.397832000.1"	[994580, 0, -2230, 0, 1]	397832000	141.229339584	"4T1"	[2]
"4.4.398087696.1"	[59204, 0, -779, 0, 1]	398087696	141.252026973	"4T1"	[2]
"4.4.399058425.1"	[343996, 1, -1213, -1, 1]	399058425	141.338058414	"4T1"	[2, 2]
"4.4.399171125.1"	[996811, 2234, -2234, -1, 1]	399171125	141.348036346	"4T1"	[]
"4.4.400261829.1"	[24773, -1220, -428, -1, 1]	400261829	141.444493191	"4T1"	[]
"4.4.400576813.2"	[147449, -1387, -1389, -1, 1]	400576813	141.472312238	"4T1"	[2, 2]
"4.4.401917952.1"	[392498, 0, -1772, 0, 1]	401917952	141.590576876	"4T1"	[]
"4.4.402460112.1"	[293, 0, -293, 0, 1]	402460112	141.638301758	"4T1"	[13]
"4.4.402488793.1"	[8184, -2031, -521, -1, 1]	402488793	141.640825126	"4T1"	[2]
"4.4.402563408.2"	[8957, 0, -689, 0, 1]	402563408	141.647389157	"4T1"	[2, 2]
"4.4.403202000.1"	[1008005, 0, -2245, 0, 1]	403202000	141.703530083	"4T1"	[2, 10]
"4.4.404550125.1"	[1010251, 2249, -2249, -1, 1]	404550125	141.821829976	"4T1"	[2]
"4.4.405224000.1"	[2960, 0, -370, 0, 1]	405224000	141.880852665	"4T1"	[2, 2, 4]
"4.4.405224000.2"	[11840, 0, -370, 0, 1]	405224000	141.880852665	"4T1"	[2, 2, 2]
"4.4.405555200.2"	[396050, 0, -1780, 0, 1]	405555200	141.909834501	"4T1"	[2, 2]
"4.4.406062144.2"	[51264, 0, -534, 0, 1]	406062144	141.954160552	"4T1"	[2]
"4.4.406351125.1"	[1014751, 2254, -2254, -1, 1]	406351125	141.979409835	"4T1"	[2, 2]
"4.4.408116917.1"	[150231, -1400, -1402, -1, 1]	408116917	142.13340141	"4T1"	[]
"4.4.408156125.1"	[1019261, 2259, -2259, -1, 1]	408156125	142.136814994	"4T1"	[2]
"4.4.408632609.1"	[59200, -1576, -794, -1, 1]	408632609	142.178279697	"4T1"	[2]
"4.4.409208832.1"	[399618, 0, -1788, 0, 1]	409208832	142.228375496	"4T1"	[2]
"4.4.409965125.1"	[1023781, 2264, -2264, -1, 1]	409965125	142.294046032	"4T1"	[]
"4.4.410418000.1"	[1026045, 0, -2265, 0, 1]	410418000	142.333326653	"4T1"	[2, 2]
"4.4.412120400.2"	[63125, 0, -505, 0, 1]	412120400	142.480696077	"4T1"	[2, 2]
"4.4.412232000.1"	[1030580, 0, -2270, 0, 1]	412232000	142.490340851	"4T1"	[2]
"4.4.412878848.2"	[403202, 0, -1796, 0, 1]	412878848	142.546204664	"4T1"	[2]
"4.4.413493625.1"	[-6964, 2654, -279, -1, 1]	413493625	142.59923792	"4T1"	[2, 2]
"4.4.413493625.2"	[486, -1071, -279, -1, 1]	413493625	142.59923792	"4T1"	[2, 2]
"4.4.413595125.1"	[1032851, 2274, -2274, -1, 1]	413595125	142.607988049	"4T1"	[10]
"4.4.415416125.1"	[1037401, 2279, -2279, -1, 1]	415416125	142.764700171	"4T1"	[]
"4.4.415727325.1"	[153039, -1413, -1415, -1, 1]	415727325	142.791429935	"4T1"	[2, 2, 2]
"4.4.416565248.2"	[406802, 0, -1804, 0, 1]	416565248	142.863326757	"4T1"	[2, 10]
"4.4.416997233.1"	[28864, 1928, -494, -1, 1]	416997233	142.900350266	"4T1"	[2]
"4.4.417640912.1"	[154453, 0, -1417, 0, 1]	417640912	142.955463797	"4T1"	[10]
"4.4.417698000.1"	[1044245, 0, -2285, 0, 1]	417698000	142.960348749	"4T1"	[2]
"4.4.418539629.1"	[28733, 2851, -953, -1, 1]	418539629	143.032307897	"4T1"	[]
"4.4.419070125.1"	[1046531, 2289, -2289, -1, 1]	419070125	143.077609478	"4T1"	[]
"4.4.419457493.1"	[170249, 844, -846, -1, 1]	419457493	143.110661516	"4T1"	[2]
"4.4.419528000.2"	[1048820, 0, -2290, 0, 1]	419528000	143.116675038	"4T1"	[2, 2]
"4.4.419687869.1"	[60507, 1971, -663, -1, 1]	419687869	143.130307412	"4T1"	[]
"4.4.420268032.2"	[410418, 0, -1812, 0, 1]	420268032	143.179746473	"4T1"	[2]
"4.4.421776137.2"	[363614, 1, -1247, -1, 1]	421776137	143.308021831	"4T1"	[2, 2]
"4.4.422141125.1"	[611, 2524, -384, -1, 1]	422141125	143.339015016	"4T1"	[2, 4]
"4.4.422141125.2"	[26441, -346, -384, -1, 1]	422141125	143.339015016	"4T1"	[2, 4]
"4.4.422740125.1"	[1055701, 2299, -2299, -1, 1]	422740125	143.389835948	"4T1"	[10]
"4.4.423408037.1"	[155873, -1426, -1428, -1, 1]	423408037	143.446439932	"4T1"	[]
"4.4.423639513.1"	[76506, 1209, -611, -1, 1]	423639513	143.466041356	"4T1"	[10]
"4.4.423987200.4"	[414050, 0, -1820, 0, 1]	423987200	143.495468459	"4T1"	[2, 2]
"4.4.424364825.1"	[20816, 16, -353, -1, 1]	424364825	143.52740892	"4T1"	[6]
"4.4.424581125.1"	[1060301, 2304, -2304, -1, 1]	424581125	143.545694511	"4T1"	[2]
"4.4.424953936.1"	[31581, 0, -957, 0, 1]	424953936	143.577194852	"4T1"	[2, 2]
"4.4.425042000.2"	[1062605, 0, -2305, 0, 1]	425042000	143.584632717	"4T1"	[2, 2]
"4.4.425339200.3"	[157300, 0, -1430, 0, 1]	425339200	143.60972563	"4T1"	[2, 2]
"4.4.426426125.1"	[1064911, 2309, -2309, -1, 1]	426426125	143.70138403	"4T1"	[]
"4.4.426888000.2"	[1067220, 0, -2310, 0, 1]	426888000	143.740280061	"4T1"	[2, 2, 2]
"4.4.427722752.2"	[417698, 0, -1828, 0, 1]	427722752	143.810497309	"4T1"	[2, 2]
"4.4.428275125.1"	[1069531, 2314, -2314, -1, 1]	428275125	143.856905054	"4T1"	[2]
"4.4.430336000.3"	[16810, 0, -820, 0, 1]	430336000	144.029654761	"4T1"	[2, 4]
"4.4.430336000.4"	[151290, 0, -820, 0, 1]	430336000	144.029654761	"4T1"	[2, 20]
"4.4.430457408.1"	[372368, 0, -1258, 0, 1]	430457408	144.039812233	"4T1"	[2, 2]
"4.4.431159053.1"	[158733, -1439, -1441, -1, 1]	431159053	144.098472564	"4T1"	[]
"4.4.434312000.1"	[1085780, 0, -2330, 0, 1]	434312000	144.361191289	"4T1"	[2]
"4.4.434558657.1"	[1408, 2680, -462, -1, 1]	434558657	144.381683537	"4T1"	[2]
"4.4.435243008.1"	[425042, 0, -1844, 0, 1]	435243008	144.438493734	"4T1"	[2]
"4.4.435711125.1"	[1088111, 2334, -2334, -1, 1]	435711125	144.47731507	"4T1"	[]
"4.4.437580125.1"	[1092781, 2339, -2339, -1, 1]	437580125	144.632001748	"4T1"	[]
"4.4.437644125.1"	[3871, 1939, -319, -1, 1]	437644125	144.637289888	"4T1"	[4]
"4.4.437644125.2"	[-4889, -2441, -319, -1, 1]	437644125	144.637289888	"4T1"	[4]
"4.4.438980373.1"	[161619, -1452, -1454, -1, 1]	438980373	144.747568068	"4T1"	[2]
"4.4.439002000.1"	[20880, 0, -435, 0, 1]	439002000	144.749350835	"4T1"	[2, 2, 8]
"4.4.439002000.2"	[46980, 0, -435, 0, 1]	439002000	144.749350835	"4T1"	[2, 2, 8]
"4.4.439027712.2"	[428738, 0, -1852, 0, 1]	439027712	144.751470252	"4T1"	[]
"4.4.439922000.1"	[1099805, 0, -2345, 0, 1]	439922000	144.825127754	"4T1"	[2, 2]
"4.4.440711081.1"	[-2500, 1950, -285, -1, 1]	440711081	144.890026741	"4T1"	[3]
"4.4.441330125.1"	[1102151, 2349, -2349, -1, 1]	441330125	144.940879839	"4T1"	[]
"4.4.442828800.2"	[432450, 0, -1860, 0, 1]	442828800	145.063771522	"4T1"	[2, 2]
"4.4.443211125.1"	[1106851, 2354, -2354, -1, 1]	443211125	145.095072308	"4T1"	[2, 4]
"4.4.445096125.1"	[1111561, 2359, -2359, -1, 1]	445096125	145.249101091	"4T1"	[2, 2]
"4.4.445122713.1"	[383776, 1, -1281, -1, 1]	445122713	145.251270171	"4T1"	[2]
"4.4.446646272.1"	[436178, 0, -1868, 0, 1]	446646272	145.375401895	"4T1"	[]
"4.4.446871997.1"	[164531, -1465, -1467, -1, 1]	446871997	145.393765781	"4T1"	[2]
"4.4.446985125.1"	[1116281, 2364, -2364, -1, 1]	446985125	145.402966707	"4T1"	[2, 2]
"4.4.447458000.1"	[1118645, 0, -2365, 0, 1]	447458000	145.441407677	"4T1"	[2, 2]
"4.4.448855888.1"	[165997, 0, -1469, 0, 1]	448855888	145.554866956	"4T1"	[2, 2]
"4.4.449352000.2"	[1123380, 0, -2370, 0, 1]	449352000	145.595070063	"4T1"	[2, 2]
"4.4.449538048.1"	[4698, 0, -348, 0, 1]	449538048	145.610138132	"4T1"	[4]
"4.4.449538048.2"	[25578, 0, -348, 0, 1]	449538048	145.610138132	"4T1"	[4]
"4.4.450352925.1"	[8209, -2183, -735, -1, 1]	450352925	145.676080148	"4T1"	[2]
"4.4.450480128.2"	[439922, 0, -1876, 0, 1]	450480128	145.686365677	"4T1"	[2]
"4.4.451098944.1"	[33524, 0, -986, 0, 1]	451098944	145.736371573	"4T1"	[2]
"4.4.452676125.1"	[1130501, 2379, -2379, -1, 1]	452676125	145.86358972	"4T1"	[2]
"4.4.454330368.1"	[443682, 0, -1884, 0, 1]	454330368	145.996667127	"4T1"	[2]
"4.4.454581125.1"	[1135261, 2384, -2384, -1, 1]	454581125	146.016807818	"4T1"	[]
"4.4.454756609.1"	[-4617, -2259, -288, -1, 1]	454756609	146.03089766	"4T1"	[]
"4.4.456835392.2"	[168948, 0, -1482, 0, 1]	456835392	146.197496425	"4T1"	[2, 2]
"4.4.456968000.2"	[1142420, 0, -2390, 0, 1]	456968000	146.208104648	"4T1"	[2]
"4.4.457031825.1"	[394061, 1, -1298, -1, 1]	457031825	146.213209625	"4T1"	[2, 2]
"4.4.457143325.1"	[185641, 881, -883, -1, 1]	457143325	146.222126554	"4T1"	[2]
"4.4.458196992.1"	[447458, 0, -1892, 0, 1]	458196992	146.306310459	"4T1"	[2]
"4.4.460099648.1"	[27792, 0, -386, 0, 1]	460099648	146.457958199	"4T1"	[2]
"4.4.460320125.2"	[1149601, 2399, -2399, -1, 1]	460320125	146.475500491	"4T1"	[2, 4]
"4.4.461644625.1"	[24001, 2669, -674, -1, 1]	461644625	146.580752144	"4T1"	[2, 2]
"4.4.461644625.2"	[106616, 4, -674, -1, 1]	461644625	146.580752144	"4T1"	[2, 2]
"4.4.462241125.1"	[1154401, 2404, -2404, -1, 1]	462241125	146.628079179	"4T1"	[2, 2]
"4.4.462722000.1"	[1156805, 0, -2405, 0, 1]	462722000	146.666199049	"4T1"	[2, 2]
"4.4.464166125.1"	[1159211, 2409, -2409, -1, 1]	464166125	146.780499261	"4T1"	[2, 2]
"4.4.464648000.2"	[1161620, 0, -2410, 0, 1]	464648000	146.818579557	"4T1"	[2, 2]
"4.4.464857088.1"	[122, 0, -244, 0, 1]	464857088	146.835093576	"4T1"	[2]
"4.4.464857088.2"	[14762, 0, -244, 0, 1]	464857088	146.835093576	"4T1"	[10]
"4.4.466095125.1"	[1164031, 2414, -2414, -1, 1]	466095125	146.93276123	"4T1"	[]
"4.4.466878272.2"	[10388, 0, -742, 0, 1]	466878272	146.994442587	"4T1"	[2]
"4.4.467056053.1"	[11241, -816, -326, -1, 1]	467056053	147.008433968	"4T1"	[]
"4.4.467505469.1"	[58163, -511, -531, -1, 1]	467505469	147.043785248	"4T1"	[]
"4.4.468257053.1"	[7111, -2149, -451, -1, 1]	468257053	147.102848296	"4T1"	[]
"4.4.469098153.1"	[404482, 1, -1315, -1, 1]	469098153	147.168861691	"4T1"	[2]
"4.4.469895168.2"	[458882, 0, -1916, 0, 1]	469895168	147.231333228	"4T1"	[]
"4.4.469965125.1"	[1173701, 2424, -2424, -1, 1]	469965125	147.236812794	"4T1"	[2]
"4.4.470968693.1"	[173423, -1504, -1506, -1, 1]	470968693	147.315352652	"4T1"	[]
"4.4.471219869.1"	[32503, 3025, -1011, -1, 1]	471219869	147.334990201	"4T1"	[]
"4.4.471906125.2"	[1178551, 2429, -2429, -1, 1]	471906125	147.388603363	"4T1"	[2, 2]
"4.4.473344000.1"	[18490, 0, -860, 0, 1]	473344000	147.500746784	"4T1"	[4]
"4.4.473344000.2"	[166410, 0, -860, 0, 1]	473344000	147.500746784	"4T1"	[4]
"4.4.473827328.1"	[462722, 0, -1924, 0, 1]	473827328	147.538385351	"4T1"	[2, 2]
"4.4.473851125.2"	[1183411, 2434, -2434, -1, 1]	473851125	147.540237769	"4T1"	[2, 2, 2]
"4.4.475800125.1"	[1188281, 2439, -2439, -1, 1]	475800125	147.691716493	"4T1"	[5]
"4.4.477775872.5"	[466578, 0, -1932, 0, 1]	477775872	147.844799773	"4T1"	[2, 2, 2]
"4.4.478242000.1"	[1195605, 0, -2445, 0, 1]	478242000	147.880846697	"4T1"	[2, 2]
"4.4.478251072.3"	[413712, 0, -1326, 0, 1]	478251072	147.881547998	"4T1"	[2, 2, 2]
"4.4.479141533.1"	[176439, -1517, -1519, -1, 1]	479141533	147.950335563	"4T1"	[]
"4.4.479710125.1"	[1198051, 2449, -2449, -1, 1]	479710125	147.994208804	"4T1"	[2]
"4.4.481321697.1"	[415039, 1, -1332, -1, 1]	481321697	148.118348066	"4T1"	[2]
"4.4.481671125.1"	[1202951, 2454, -2454, -1, 1]	481671125	148.145223342	"4T1"	[2]
"4.4.481740800.2"	[470450, 0, -1940, 0, 1]	481740800	148.150580451	"4T1"	[2, 2]
"4.4.483636125.1"	[1207861, 2459, -2459, -1, 1]	483636125	148.296084098	"4T1"	[2, 2]
"4.4.483736625.2"	[-4664, 2404, -294, -1, 1]	483736625	148.303787511	"4T1"	[6]
"4.4.483736625.3"	[2401, 49, -294, -1, 1]	483736625	148.303787511	"4T1"	[6]
"4.4.485722112.2"	[474338, 0, -1948, 0, 1]	485722112	148.455731301	"4T1"	[]
"4.4.486098000.2"	[1215245, 0, -2465, 0, 1]	486098000	148.484444499	"4T1"	[2, 2, 2]
"4.4.487384677.1"	[179481, -1530, -1532, -1, 1]	487384677	148.582604835	"4T1"	[2, 4]
"4.4.488072000.2"	[1220180, 0, -2470, 0, 1]	488072000	148.634960954	"4T1"	[2, 2]
"4.4.489303872.1"	[38612, 0, -394, 0, 1]	489303872	148.728659322	"4T1"	[3, 3]
"4.4.489456448.1"	[181012, 0, -1534, 0, 1]	489456448	148.740252206	"4T1"	[2]
"4.4.489555125.1"	[1222651, 2474, -2474, -1, 1]	489555125	148.747748344	"4T1"	[]
"4.4.489719808.1"	[478242, 0, -1956, 0, 1]	489719808	148.760256198	"4T1"	[2]
"4.4.490592528.1"	[424388, 0, -1343, 0, 1]	490592528	148.826487632	"4T1"	[2]
"4.4.491536125.1"	[1227601, 2479, -2479, -1, 1]	491536125	148.897998633	"4T1"	[2, 2]
"4.4.493029376.1"	[14994, 0, -476, 0, 1]	493029376	149.010955354	"4T1"	[2, 4]
"4.4.493029376.2"	[41650, 0, -476, 0, 1]	493029376	149.010955354	"4T1"	[2, 4]
"4.4.493521125.1"	[1232561, 2484, -2484, -1, 1]	493521125	149.04809746	"4T1"	[]
"4.4.493702457.1"	[425732, 1, -1349, -1, 1]	493702457	149.061786573	"4T1"	[2]
"4.4.493733888.1"	[482162, 0, -1964, 0, 1]	493733888	149.064158979	"4T1"	[]
"4.4.494018000.1"	[1235045, 0, -2485, 0, 1]	494018000	149.085598554	"4T1"	[2, 2]
"4.4.495510125.2"	[1237531, 2489, -2489, -1, 1]	495510125	149.198045282	"4T1"	[2, 4]
"4.4.496008000.1"	[1240020, 0, -2490, 0, 1]	496008000	149.235508696	"4T1"	[2, 2]
"4.4.497764352.2"	[486098, 0, -1972, 0, 1]	497764352	149.367443441	"4T1"	[6, 6]
"4.4.497954225.1"	[72320, -1740, -876, -1, 1]	497954225	149.381685516	"4T1"	[2, 10]
"4.4.498677257.1"	[-7264, 2825, -297, -1, 1]	498677257	149.435881751	"4T1"	[8]
"4.4.498677257.2"	[2252, 446, -297, -1, 1]	498677257	149.435881751	"4T1"	[8]
"4.4.498730661.1"	[34475, 3112, -1040, -1, 1]	498730661	149.439882412	"4T1"	[2, 4]
"4.4.499500125.1"	[1247501, 2499, -2499, -1, 1]	499500125	149.497489728	"4T1"	[]
"4.4.501401029.1"	[72585, 2154, -724, -1, 1]	501401029	149.639519582	"4T1"	[]
"4.4.501501125.1"	[1252501, 2504, -2504, -1, 1]	501501125	149.646987256	"4T1"	[]
"4.4.502002000.1"	[1255005, 0, -2505, 0, 1]	502002000	149.684338307	"4T1"	[2, 2]
"4.4.504008000.2"	[1260020, 0, -2510, 0, 1]	504008000	149.833649405	"4T1"	[2]
"4.4.504081877.1"	[185643, -1556, -1558, -1, 1]	504081877	149.839139721	"4T1"	[5]
"4.4.505515125.1"	[1262531, 2514, -2514, -1, 1]	505515125	149.945535158	"4T1"	[]
"4.4.505874432.5"	[494018, 0, -1988, 0, 1]	505874432	149.972172405	"4T1"	[2, 2]
"4.4.506240433.1"	[436561, 1, -1366, -1, 1]	506240433	149.999291328	"4T1"	[2]
"4.4.509545125.1"	[1272601, 2524, -2524, -1, 1]	509545125	150.243489819	"4T1"	[2]
"4.4.509680208.1"	[15533, 0, -317, 0, 1]	509680208	150.253446407	"4T1"	[]
"4.4.509954048.1"	[498002, 0, -1996, 0, 1]	509954048	150.273624312	"4T1"	[]
"4.4.512072000.2"	[1280180, 0, -2530, 0, 1]	512072000	150.429411793	"4T1"	[2, 2]
"4.4.512535933.2"	[188763, -1569, -1571, -1, 1]	512535933	150.463472174	"4T1"	[2, 2, 2]
"4.4.513591125.1"	[1282711, 2534, -2534, -1, 1]	513591125	150.54085476	"4T1"	[]
"4.4.514050048.2"	[502002, 0, -2004, 0, 1]	514050048	150.57447271	"4T1"	[2]
"4.4.515217625.1"	[20816, -1876, -489, -1, 1]	515217625	150.659901039	"4T1"	[2, 4]
"4.4.515217625.2"	[50976, 9, -489, -1, 1]	515217625	150.659901039	"4T1"	[2, 20]
"4.4.515620125.1"	[1287781, 2539, -2539, -1, 1]	515620125	150.689317178	"4T1"	[2]
"4.4.518011600.1"	[68125, 0, -545, 0, 1]	518011600	150.863740473	"4T1"	[2, 4]
"4.4.518162000.2"	[1295405, 0, -2545, 0, 1]	518162000	150.874689763	"4T1"	[2, 2]
"4.4.518162432.2"	[506018, 0, -2012, 0, 1]	518162432	150.874721209	"4T1"	[]
"4.4.518240837.1"	[9587, -2342, -788, -1, 1]	518240837	150.880428233	"4T1"	[]
"4.4.519690125.1"	[1297951, 2549, -2549, -1, 1]	519690125	150.98580407	"4T1"	[5]
"4.4.521060293.1"	[191909, -1582, -1584, -1, 1]	521060293	151.085224708	"4T1"	[]
"4.4.522291200.1"	[510050, 0, -2020, 0, 1]	522291200	151.174373384	"4T1"	[2, 2]
"4.4.523202368.2"	[193492, 0, -1586, 0, 1]	523202368	151.24026346	"4T1"	[2, 2]
"4.4.523776125.2"	[1308161, 2559, -2559, -1, 1]	523776125	151.281709898	"4T1"	[2, 2]
"4.4.525699648.2"	[13968, 0, -582, 0, 1]	525699648	151.420411314	"4T1"	[2, 2]
"4.4.525825125.1"	[1313281, 2564, -2564, -1, 1]	525825125	151.429445978	"4T1"	[2]
"4.4.528392000.1"	[1320980, 0, -2570, 0, 1]	528392000	151.613913638	"4T1"	[2]
"4.4.528560192.1"	[457232, 0, -1394, 0, 1]	528560192	151.625977222	"4T1"	[2, 2]
"4.4.528899189.1"	[12275, -1920, -414, -1, 1]	528899189	151.65028306	"4T1"	[2, 4]
"4.4.528899189.2"	[27745, 1174, -414, -1, 1]	528899189	151.65028306	"4T1"	[2, 4]
"4.4.529475129.1"	[2348, -354, -303, -1, 1]	529475129	151.691550764	"4T1"	[]
"4.4.529654957.1"	[195081, -1595, -1597, -1, 1]	529654957	151.704429043	"4T1"	[]
"4.4.529774821.1"	[-1673, 2650, -340, -1, 1]	529774821	151.713011214	"4T1"	[]
"4.4.529935125.2"	[1323551, 2574, -2574, -1, 1]	529935125	151.724486581	"4T1"	[2, 2]
"4.4.530597888.1"	[518162, 0, -2036, 0, 1]	530597888	151.77190288	"4T1"	[2]
"4.4.531674000.1"	[31460, 0, -715, 0, 1]	531674000	151.848797032	"4T1"	[2, 4]
"4.4.531674000.2"	[125840, 0, -715, 0, 1]	531674000	151.848797032	"4T1"	[2, 4]
"4.4.531788033.1"	[458627, 1, -1400, -1, 1]	531788033	151.856938479	"4T1"	[2]
"4.4.531996125.1"	[1328701, 2579, -2579, -1, 1]	531996125	151.871791943	"4T1"	[]
"4.4.532564273.1"	[96581, 1355, -684, -1, 1]	532564273	151.91232378	"4T1"	[2]
"4.4.533724224.1"	[79376, 0, -902, 0, 1]	533724224	151.994974419	"4T1"	[2]
"4.4.534061125.1"	[1333861, 2584, -2584, -1, 1]	534061125	152.018954566	"4T1"	[2, 2]
"4.4.534216656.1"	[39701, 0, -1073, 0, 1]	534216656	152.03002122	"4T1"	[2]
"4.4.534578000.1"	[1336445, 0, -2585, 0, 1]	534578000	152.055722968	"4T1"	[2, 2]
"4.4.534775808.5"	[522242, 0, -2044, 0, 1]	534775808	152.069787177	"4T1"	[2, 2]
"4.4.536130125.1"	[1339031, 2589, -2589, -1, 1]	536130125	152.165974866	"4T1"	[2, 2]
"4.4.536648000.1"	[1341620, 0, -2590, 0, 1]	536648000	152.202707752	"4T1"	[2, 2]
"4.4.537377677.1"	[218423, 955, -957, -1, 1]	537377677	152.254418665	"4T1"	[]
"4.4.541530512.2"	[468452, 0, -1411, 0, 1]	541530512	152.547724175	"4T1"	[2, 2]
"4.4.542361125.1"	[1354601, 2604, -2604, -1, 1]	542361125	152.606185935	"4T1"	[]
"4.4.542882000.2"	[1357205, 0, -2605, 0, 1]	542882000	152.642812885	"4T1"	[2, 4]
"4.4.543180800.2"	[530450, 0, -2060, 0, 1]	543180800	152.663812044	"4T1"	[2]
"4.4.544434176.1"	[3146, 0, -572, 0, 1]	544434176	152.751802916	"4T1"	[4]
"4.4.544434176.2"	[78650, 0, -572, 0, 1]	544434176	152.751802916	"4T1"	[4]
"4.4.544446125.1"	[1359811, 2609, -2609, -1, 1]	544446125	152.752641042	"4T1"	[]
"4.4.545029229.1"	[79747, 587, -593, -1, 1]	545029229	152.7935243	"4T1"	[]
"4.4.545923241.1"	[79372, -1822, -917, -1, 1]	545923241	152.856142639	"4T1"	[2]
"4.4.546535125.1"	[1365031, 2614, -2614, -1, 1]	546535125	152.898955866	"4T1"	[2, 2, 4]
"4.4.547055197.1"	[201503, -1621, -1623, -1, 1]	547055197	152.935316797	"4T1"	[]
"4.4.547407872.2"	[534578, 0, -2068, 0, 1]	547407872	152.959959388	"4T1"	[2]
"4.4.547862848.1"	[225108, 0, -962, 0, 1]	547862848	152.991732511	"4T1"	[2]
"4.4.550725125.1"	[1375501, 2624, -2624, -1, 1]	550725125	153.191166272	"4T1"	[]
"4.4.551368000.1"	[7380, 0, -410, 0, 1]	551368000	153.235852671	"4T1"	[2, 4]
"4.4.551368000.2"	[40180, 0, -410, 0, 1]	551368000	153.235852671	"4T1"	[2, 4]
"4.4.551651328.1"	[538722, 0, -2076, 0, 1]	551651328	153.255534464	"4T1"	[2]
"4.4.552695696.1"	[69776, 0, -623, 0, 1]	552695696	153.3280176	"4T1"	[2]
"4.4.552826125.1"	[1380751, 2629, -2629, -1, 1]	552826125	153.337062654	"4T1"	[2, 10]
"4.4.553352000.1"	[1383380, 0, -2630, 0, 1]	553352000	153.373515065	"4T1"	[2]
"4.4.554701025.1"	[22435, -685, -386, -1, 1]	554701025	153.466907615	"4T1"	[2]
"4.4.555860773.1"	[204753, -1634, -1636, -1, 1]	555860773	153.547060507	"4T1"	[]
"4.4.555911168.2"	[542882, 0, -2084, 0, 1]	555911168	153.550540578	"4T1"	[2, 2]
"4.4.556093589.1"	[38593, 3286, -1098, -1, 1]	556093589	153.563135845	"4T1"	[]
"4.4.557040125.1"	[1391281, 2639, -2639, -1, 1]	557040125	153.628439758	"4T1"	[]
"4.4.557964497.1"	[481237, 1, -1434, -1, 1]	557964497	153.692134246	"4T1"	[2]
"4.4.560187392.1"	[547058, 0, -2092, 0, 1]	560187392	153.844981003	"4T1"	[]
"4.4.561270125.1"	[1401851, 2649, -2649, -1, 1]	561270125	153.919265271	"4T1"	[2]
"4.4.562432000.1"	[1170, 0, -260, 0, 1]	562432000	153.998859873	"4T1"	[2, 4]
"4.4.562432000.2"	[6370, 0, -260, 0, 1]	562432000	153.998859873	"4T1"	[2, 4]
"4.4.562432000.3"	[10530, 0, -260, 0, 1]	562432000	153.998859873	"4T1"	[2, 4]
"4.4.562432000.4"	[15730, 0, -260, 0, 1]	562432000	153.998859873	"4T1"	[2, 4]
"4.4.563136957.1"	[-4077, -2655, -347, -1, 1]	563136957	154.047093074	"4T1"	[]
"4.4.563391125.1"	[1407151, 2654, -2654, -1, 1]	563391125	154.064472157	"4T1"	[2]
"4.4.563483456.1"	[41876, 0, -1102, 0, 1]	563483456	154.070783959	"4T1"	[2]
"4.4.565504000.1"	[22090, 0, -940, 0, 1]	565504000	154.208715721	"4T1"	[4]
"4.4.565504000.2"	[198810, 0, -940, 0, 1]	565504000	154.208715721	"4T1"	[4]
"4.4.565516125.2"	[1412461, 2659, -2659, -1, 1]	565516125	154.209542314	"4T1"	[2, 2]
"4.4.567645125.1"	[1417781, 2664, -2664, -1, 1]	567645125	154.354476126	"4T1"	[]
"4.4.568178000.1"	[1420445, 0, -2665, 0, 1]	568178000	154.390688321	"4T1"	[2, 2, 2]
"4.4.568788992.5"	[555458, 0, -2108, 0, 1]	568788992	154.432177722	"4T1"	[2, 2]
"4.4.570312000.2"	[1425780, 0, -2670, 0, 1]	570312000	154.535452242	"4T1"	[2, 2, 2]
"4.4.571288553.1"	[492746, 1, -1451, -1, 1]	571288553	154.601563096	"4T1"	[2]
"4.4.571915125.1"	[1428451, 2674, -2674, -1, 1]	571915125	154.643936252	"4T1"	[2, 2]
"4.4.573682837.1"	[211331, -1660, -1662, -1, 1]	573682837	154.763293849	"4T1"	[2]
"4.4.574056125.1"	[1433801, 2679, -2679, -1, 1]	574056125	154.788463326	"4T1"	[]
"4.4.576201125.1"	[1439161, 2684, -2684, -1, 1]	576201125	154.932855581	"4T1"	[2]
"4.4.576738000.1"	[1441845, 0, -2685, 0, 1]	576738000	154.968932623	"4T1"	[2, 2]
"4.4.578888000.2"	[1447220, 0, -2690, 0, 1]	578888000	155.113156882	"4T1"	[2, 4]
"4.4.579926197.1"	[235813, 992, -994, -1, 1]	579926197	155.182656433	"4T1"	[]
"4.4.581384768.3"	[502928, 0, -1462, 0, 1]	581384768	155.280139421	"4T1"	[2, 2]
"4.4.581814272.2"	[568178, 0, -2132, 0, 1]	581814272	155.308810181	"4T1"	[2, 2, 2]
"4.4.582660125.1"	[1455301, 2699, -2699, -1, 1]	582660125	155.365227181	"4T1"	[2]
"4.4.582699325.1"	[214659, -1673, -1675, -1, 1]	582699325	155.367840267	"4T1"	[2]
"4.4.583347344.2"	[86756, 0, -943, 0, 1]	583347344	155.411018347	"4T1"	[2, 2]
"4.4.584769825.1"	[504391, 1, -1468, -1, 1]	584769825	155.505673511	"4T1"	[2, 2]
"4.4.584821125.1"	[1460701, 2704, -2704, -1, 1]	584821125	155.509083904	"4T1"	[2, 10]
"4.4.584964432.2"	[216333, 0, -1677, 0, 1]	584964432	155.518609677	"4T1"	[2, 2, 2]
"4.4.585362000.2"	[1463405, 0, -2705, 0, 1]	585362000	155.545027296	"4T1"	[2, 2]
"4.4.585945725.2"	[40739, 3373, -1127, -1, 1]	585945725	155.583790313	"4T1"	[2, 2]
"4.4.586188800.1"	[572450, 0, -2140, 0, 1]	586188800	155.599923483	"4T1"	[2]
"4.4.586986125.1"	[1466111, 2709, -2709, -1, 1]	586986125	155.652807672	"4T1"	[2]
"4.4.587528000.2"	[1468820, 0, -2710, 0, 1]	587528000	155.688717883	"4T1"	[2]
"4.4.588440461.1"	[-4105, -2791, -429, -1, 1]	588440461	155.749130844	"4T1"	[3]
"4.4.589155125.1"	[1471531, 2714, -2714, -1, 1]	589155125	155.796398854	"4T1"	[2]
"4.4.590174125.1"	[851, 3299, -669, -1, 1]	590174125	155.863721388	"4T1"	[4]
"4.4.590174125.2"	[43011, -1971, -669, -1, 1]	590174125	155.863721388	"4T1"	[4]
"4.4.590377581.1"	[85761, 2337, -785, -1, 1]	590377581	155.877152725	"4T1"	[2]
"4.4.590579712.1"	[576738, 0, -2148, 0, 1]	590579712	155.890493154	"4T1"	[2]
"4.4.591786117.2"	[218013, -1686, -1688, -1, 1]	591786117	155.970043456	"4T1"	[2, 2]
"4.4.592878929.1"	[71653, -1285, -656, -1, 1]	592878929	156.041998519	"4T1"	[2]
"4.4.593453376.1"	[90900, 0, -606, 0, 1]	593453376	156.079782501	"4T1"	[2]
"4.4.593505125.1"	[1482401, 2724, -2724, -1, 1]	593505125	156.08318492	"4T1"	[5]
"4.4.594983952.1"	[514692, 0, -1479, 0, 1]	594983952	156.180321683	"4T1"	[2, 2]
"4.4.595686125.1"	[1487851, 2729, -2729, -1, 1]	595686125	156.226380533	"4T1"	[2]
"4.4.596097729.1"	[86752, -1904, -958, -1, 1]	596097729	156.253360659	"4T1"	[2]
"4.4.596232000.1"	[1490580, 0, -2730, 0, 1]	596232000	156.262158933	"4T1"	[2, 2, 2]
"4.4.598408313.2"	[516172, 1, -1485, -1, 1]	598408313	156.404557724	"4T1"	[2, 2]
"4.4.599410688.1"	[585362, 0, -2164, 0, 1]	599410688	156.470013714	"4T1"	[2]
"4.4.600060125.1"	[1498781, 2739, -2739, -1, 1]	600060125	156.512378723	"4T1"	[2]
"4.4.600943213.1"	[221393, -1699, -1701, -1, 1]	600943213	156.569930452	"4T1"	[]
"4.4.603850752.1"	[589698, 0, -2172, 0, 1]	603850752	156.758970588	"4T1"	[2]
"4.4.604450125.1"	[1509751, 2749, -2749, -1, 1]	604450125	156.797855255	"4T1"	[2]
"4.4.606651125.1"	[1515251, 2754, -2754, -1, 1]	606651125	156.940398789	"4T1"	[3, 3]
"4.4.608307200.1"	[594050, 0, -2180, 0, 1]	608307200	157.047395801	"4T1"	[2, 2]
"4.4.608856125.1"	[1520761, 2759, -2759, -1, 1]	608856125	157.082812974	"4T1"	[]
"4.4.610170613.1"	[224799, -1712, -1714, -1, 1]	610170613	157.167527779	"4T1"	[2, 4]
"4.4.611065125.1"	[1526281, 2764, -2764, -1, 1]	611065125	157.225098159	"4T1"	[2, 2]
"4.4.611618000.1"	[1529045, 0, -2765, 0, 1]	611618000	157.260649341	"4T1"	[2, 2]
"4.4.612204017.2"	[528089, 1, -1502, -1, 1]	612204017	157.298305329	"4T1"	[2, 2]
"4.4.612780032.1"	[598418, 0, -2188, 0, 1]	612780032	157.335292277	"4T1"	[]
"4.4.613756624.2"	[92781, 0, -793, 0, 1]	613756624	157.397941448	"4T1"	[2, 2]
"4.4.613832000.1"	[1534580, 0, -2770, 0, 1]	613832000	157.402773771	"4T1"	[2]
"4.4.615495125.1"	[1537351, 2774, -2774, -1, 1]	615495125	157.509282934	"4T1"	[2]
"4.4.616578309.1"	[42943, 3460, -1156, -1, 1]	616578309	157.578535739	"4T1"	[2, 2]
"4.4.619941125.1"	[1548461, 2784, -2784, -1, 1]	619941125	157.792955893	"4T1"	[2]
"4.4.620498000.1"	[1551245, 0, -2785, 0, 1]	620498000	157.828379163	"4T1"	[2]
"4.4.621774848.1"	[607202, 0, -2204, 0, 1]	621774848	157.90951058	"4T1"	[2]
"4.4.621803728.1"	[229957, 0, -1729, 0, 1]	621803728	157.911344181	"4T1"	[2, 2]
"4.4.622170125.1"	[1554031, 2789, -2789, -1, 1]	622170125	157.934601304	"4T1"	[2]
"4.4.622427200.1"	[116800, 0, -730, 0, 1]	622427200	157.950913059	"4T1"	[2, 2]
"4.4.626296832.5"	[611618, 0, -2212, 0, 1]	626296832	158.195838124	"4T1"	[2, 2]
"4.4.626503757.1"	[-4523, 3341, -497, -1, 1]	626503757	158.208903262	"4T1"	[]
"4.4.626640125.1"	[1565201, 2799, -2799, -1, 1]	626640125	158.217511699	"4T1"	[]
"4.4.628836325.1"	[231689, -1738, -1740, -1, 1]	628836325	158.355957011	"4T1"	[2]
"4.4.628881125.1"	[1570801, 2804, -2804, -1, 1]	628881125	158.358777362	"4T1"	[]
"4.4.629422793.1"	[-7636, -2946, -321, -1, 1]	629422793	158.392865756	"4T1"	[5]
"4.4.629442000.1"	[1573605, 0, -2805, 0, 1]	629442000	158.394074092	"4T1"	[2, 2, 2]
"4.4.630835200.1"	[616050, 0, -2220, 0, 1]	630835200	158.481648363	"4T1"	[2, 2]
"4.4.631126125.1"	[1576411, 2809, -2809, -1, 1]	631126125	158.499917121	"4T1"	[2, 10]
"4.4.631189312.1"	[233428, 0, -1742, 0, 1]	631189312	158.50388414	"4T1"	[2]
"4.4.631688000.2"	[1579220, 0, -2810, 0, 1]	631688000	158.535182427	"4T1"	[2, 2]
"4.4.633375125.1"	[1582031, 2814, -2814, -1, 1]	633375125	158.64093131	"4T1"	[]
"4.4.635389952.1"	[620498, 0, -2228, 0, 1]	635389952	158.76694409	"4T1"	[2]
"4.4.636317577.1"	[45136, 2380, -607, -1, 1]	636317577	158.824859558	"4T1"	[2]
"4.4.639961088.1"	[624962, 0, -2236, 0, 1]	639961088	159.051728075	"4T1"	[2]
"4.4.640146125.1"	[1598951, 2829, -2829, -1, 1]	640146125	159.063223799	"4T1"	[2]
"4.4.640712000.1"	[1601780, 0, -2830, 0, 1]	640712000	159.098364245	"4T1"	[2]
"4.4.642411125.1"	[1604611, 2834, -2834, -1, 1]	642411125	159.203739042	"4T1"	[]
"4.4.644548608.2"	[629442, 0, -2244, 0, 1]	644548608	159.336003062	"4T1"	[2, 2, 2]
"4.4.644680125.1"	[1610281, 2839, -2839, -1, 1]	644680125	159.344130374	"4T1"	[10]
"4.4.647214625.1"	[-544, -1676, -324, -1, 1]	647214625	159.500511673	"4T1"	[2]
"4.4.647214625.2"	[2051, -811, -324, -1, 1]	647214625	159.500511673	"4T1"	[2]
"4.4.647522000.1"	[1618805, 0, -2845, 0, 1]	647522000	159.519445786	"4T1"	[2, 2]
"4.4.647783253.1"	[238683, -1764, -1766, -1, 1]	647783253	159.535533514	"4T1"	[2, 2]
"4.4.647991341.1"	[45205, 3547, -1185, -1, 1]	647991341	159.548343907	"4T1"	[]
"4.4.648477689.1"	[94460, -1986, -999, -1, 1]	648477689	159.57827262	"4T1"	[2]
"4.4.649152512.1"	[633938, 0, -2252, 0, 1]	649152512	159.619771769	"4T1"	[]
"4.4.649230125.1"	[1621651, 2849, -2849, -1, 1]	649230125	159.62454261	"4T1"	[2]
"4.4.650952848.1"	[563108, 0, -1547, 0, 1]	650952848	159.730327776	"4T1"	[2, 2, 2]
"4.4.651511125.2"	[1627351, 2854, -2854, -1, 1]	651511125	159.764564166	"4T1"	[2, 2]
"4.4.653772800.2"	[638450, 0, -2260, 0, 1]	653772800	159.903036893	"4T1"	[2, 2, 2]
"4.4.653796125.1"	[1633061, 2859, -2859, -1, 1]	653796125	159.904463111	"4T1"	[]
"4.4.653937577.1"	[118992, 1501, -757, -1, 1]	653937577	159.913111438	"4T1"	[2]
"4.4.654534425.1"	[564656, 1, -1553, -1, 1]	654534425	159.94958708	"4T1"	[2, 2]
"4.4.655966544.1"	[48749, 0, -1189, 0, 1]	655966544	160.037007666	"4T1"	[2]
"4.4.656085125.2"	[1638781, 2864, -2864, -1, 1]	656085125	160.044239766	"4T1"	[2, 2]
"4.4.656658000.1"	[1641645, 0, -2865, 0, 1]	656658000	160.07916486	"4T1"	[2, 2]
"4.4.657362173.1"	[242219, -1777, -1779, -1, 1]	657362173	160.122063189	"4T1"	[]
"4.4.658952000.2"	[1647380, 0, -2870, 0, 1]	658952000	160.218789103	"4T1"	[2, 2, 2]
"4.4.659767888.1"	[243997, 0, -1781, 0, 1]	659767888	160.268360216	"4T1"	[2]
"4.4.663062528.2"	[647522, 0, -2276, 0, 1]	663062528	160.468067053	"4T1"	[2, 2]
"4.4.665281125.2"	[1661761, 2884, -2884, -1, 1]	665281125	160.602129875	"4T1"	[2, 2]
"4.4.665856000.1"	[26010, 0, -1020, 0, 1]	665856000	160.63681305	"4T1"	[2, 4]
"4.4.665856000.2"	[234090, 0, -1020, 0, 1]	665856000	160.63681305	"4T1"	[2, 4]
"4.4.665858000.1"	[1664645, 0, -2885, 0, 1]	665858000	160.636933675	"4T1"	[2]
"4.4.667011397.1"	[245781, -1790, -1792, -1, 1]	667011397	160.706452223	"4T1"	[2, 2]
"4.4.667590125.1"	[1667531, 2889, -2889, -1, 1]	667590125	160.741299858	"4T1"	[]
"4.4.667731968.1"	[652082, 0, -2284, 0, 1]	667731968	160.749837361	"4T1"	[]
"4.4.668308853.1"	[12661, -2660, -894, -1, 1]	668308853	160.784545952	"4T1"	[17]
"4.4.669434688.5"	[247572, 0, -1794, 0, 1]	669434688	160.852217743	"4T1"	[2, 2, 4]
"4.4.669885925.1"	[272591, 1066, -1068, -1, 1]	669885925	160.879316776	"4T1"	[2]
"4.4.671566149.1"	[4557, -2184, -368, -1, 1]	671566149	160.980102372	"4T1"	[]
"4.4.672220125.1"	[1679101, 2899, -2899, -1, 1]	672220125	161.019278967	"4T1"	[2]
"4.4.672417792.2"	[656658, 0, -2292, 0, 1]	672417792	161.031114632	"4T1"	[2]
"4.4.674541125.2"	[1684901, 2904, -2904, -1, 1]	674541125	161.158088716	"4T1"	[4, 4]
"4.4.675122000.1"	[1687805, 0, -2905, 0, 1]	675122000	161.192772476	"4T1"	[2, 2]
"4.4.676730925.1"	[249369, -1803, -1805, -1, 1]	676730925	161.288723885	"4T1"	[2, 2]
"4.4.676866125.1"	[1690711, 2909, -2909, -1, 1]	676866125	161.296779008	"4T1"	[2]
"4.4.677448000.1"	[1693620, 0, -2910, 0, 1]	677448000	161.331432951	"4T1"	[2, 2]
"4.4.680136784.1"	[28269, 0, -349, 0, 1]	680136784	161.491275933	"4T1"	[]
"4.4.680184821.1"	[47525, 3634, -1214, -1, 1]	680184821	161.494127327	"4T1"	[]
"4.4.681586768.1"	[280053, 0, -1073, 0, 1]	681586768	161.577278044	"4T1"	[2]
"4.4.681838592.2"	[665858, 0, -2308, 0, 1]	681838592	161.592200355	"4T1"	[4, 4]
"4.4.683540777.1"	[589714, 1, -1587, -1, 1]	683540777	161.692958325	"4T1"	[26]
"4.4.683797841.1"	[-4904, -2588, -330, -1, 1]	683797841	161.708158435	"4T1"	[]
"4.4.683865125.1"	[1708201, 2924, -2924, -1, 1]	683865125	161.712136208	"4T1"	[]
"4.4.685070341.1"	[86067, -620, -640, -1, 1]	685070341	161.783337887	"4T1"	[]
"4.4.686206125.2"	[1714051, 2929, -2929, -1, 1]	686206125	161.850351734	"4T1"	[2, 2, 2]
"4.4.686573568.2"	[670482, 0, -2316, 0, 1]	686573568	161.872013899	"4T1"	[2, 2]
"4.4.686617525.1"	[100035, 2520, -846, -1, 1]	686617525	161.874604749	"4T1"	[2, 2]
"4.4.686792000.1"	[1716980, 0, -2930, 0, 1]	686792000	161.884887177	"4T1"	[2]
"4.4.688355136.2"	[51156, 0, -1218, 0, 1]	688355136	161.976921011	"4T1"	[2, 2]
"4.4.688407248.2"	[15317, 0, -901, 0, 1]	688407248	161.979986545	"4T1"	[2, 2]
"4.4.688551125.1"	[1719911, 2934, -2934, -1, 1]	688551125	161.988449329	"4T1"	[]
"4.4.690807104.1"	[22100, 0, -442, 0, 1]	690807104	162.120971948	"4T1"	[2, 4]
"4.4.690807104.2"	[43316, 0, -442, 0, 1]	690807104	162.120971948	"4T1"	[2, 4]
"4.4.690900125.1"	[1725781, 2939, -2939, -1, 1]	690900125	162.126429294	"4T1"	[]
"4.4.691324928.2"	[675122, 0, -2324, 0, 1]	691324928	162.151344588	"4T1"	[2]
"4.4.693842000.2"	[1734605, 0, -2945, 0, 1]	693842000	162.298739289	"4T1"	[2, 2, 2]
"4.4.694580288.3"	[600848, 0, -1598, 0, 1]	694580288	162.341895883	"4T1"	[2, 2]
"4.4.695610125.1"	[1737551, 2949, -2949, -1, 1]	695610125	162.402037532	"4T1"	[2]
"4.4.696092672.1"	[679778, 0, -2332, 0, 1]	696092672	162.430194913	"4T1"	[2]
"4.4.696380893.1"	[256623, -1829, -1831, -1, 1]	696380893	162.447006082	"4T1"	[]
"4.4.697971125.1"	[1743451, 2954, -2954, -1, 1]	697971125	162.539666402	"4T1"	[2]
"4.4.698279777.1"	[602447, 1, -1604, -1, 1]	698279777	162.557632717	"4T1"	[2, 2]
"4.4.698856912.1"	[258453, 0, -1833, 0, 1]	698856912	162.591211176	"4T1"	[2, 2]
"4.4.702705125.1"	[1755281, 2964, -2964, -1, 1]	702705125	162.814575125	"4T1"	[]
"4.4.703063121.1"	[102496, -2068, -1040, -1, 1]	703063121	162.835307803	"4T1"	[2]
"4.4.703298000.1"	[1758245, 0, -2965, 0, 1]	703298000	162.848906085	"4T1"	[2]
"4.4.705677312.1"	[689138, 0, -2348, 0, 1]	705677312	162.986464333	"4T1"	[]
"4.4.707455125.1"	[1767151, 2974, -2974, -1, 1]	707455125	163.089020453	"4T1"	[2, 2, 2]
"4.4.708804928.1"	[262132, 0, -1846, 0, 1]	708804928	163.166757086	"4T1"	[2]
"4.4.709437200.2"	[613700, 0, -1615, 0, 1]	709437200	163.203132144	"4T1"	[2, 2, 2]
"4.4.709836125.1"	[1773101, 2979, -2979, -1, 1]	709836125	163.226070074	"4T1"	[]
"4.4.710494208.2"	[693842, 0, -2356, 0, 1]	710494208	163.263888302	"4T1"	[2]
"4.4.711812416.1"	[107604, 0, -854, 0, 1]	711812416	163.339563159	"4T1"	[2]
"4.4.712221125.2"	[1779061, 2984, -2984, -1, 1]	712221125	163.363004721	"4T1"	[2, 2, 2]
"4.4.712818000.1"	[1782045, 0, -2985, 0, 1]	712818000	163.397220452	"4T1"	[2, 2]
"4.4.713175993.1"	[615316, 1, -1621, -1, 1]	713175993	163.417732016	"4T1"	[2]
"4.4.714610125.1"	[1785031, 2989, -2989, -1, 1]	714610125	163.499824682	"4T1"	[2]
"4.4.715208000.1"	[1788020, 0, -2990, 0, 1]	715208000	163.534011786	"4T1"	[2, 2]
"4.4.715327488.1"	[698562, 0, -2364, 0, 1]	715327488	163.540841662	"4T1"	[2]
"4.4.715535632.1"	[19012, 0, -679, 0, 1]	715535632	163.552737029	"4T1"	[2]
"4.4.716312077.1"	[263981, -1855, -1857, -1, 1]	716312077	163.597087742	"4T1"	[]
"4.4.717297133.1"	[291979, 1103, -1105, -1, 1]	717297133	163.653302505	"4T1"	[2]
"4.4.717498661.1"	[28125, 2500, -520, -1, 1]	717498661	163.664796086	"4T1"	[]
"4.4.719104000.1"	[28090, 0, -1060, 0, 1]	719104000	163.756265707	"4T1"	[2, 4]
"4.4.719104000.2"	[252810, 0, -1060, 0, 1]	719104000	163.756265707	"4T1"	[2, 4]
"4.4.719400125.1"	[1797001, 2999, -2999, -1, 1]	719400125	163.773121696	"4T1"	[]
"4.4.720177152.2"	[703298, 0, -2372, 0, 1]	720177152	163.817326799	"4T1"	[4, 4]
"4.4.722402000.1"	[1806005, 0, -3005, 0, 1]	722402000	163.943700976	"4T1"	[2, 10]
"4.4.724206125.2"	[1809011, 3009, -3009, -1, 1]	724206125	164.045963404	"4T1"	[2, 2]
"4.4.724808000.1"	[1812020, 0, -3010, 0, 1]	724808000	164.080036717	"4T1"	[2, 2]
"4.4.725043200.5"	[708050, 0, -2380, 0, 1]	725043200	164.09334608	"4T1"	[2, 2, 2]
"4.4.726615125.1"	[1815031, 3014, -3014, -1, 1]	726615125	164.182214228	"4T1"	[]
"4.4.728229425.1"	[628321, 1, -1638, -1, 1]	728229425	164.273328084	"4T1"	[2, 2]
"4.4.729403200.2"	[299700, 0, -1110, 0, 1]	729403200	164.339482884	"4T1"	[2, 2]
"4.4.729925632.2"	[712818, 0, -2388, 0, 1]	729925632	164.368901851	"4T1"	[2]
"4.4.731445125.1"	[1827101, 3024, -3024, -1, 1]	731445125	164.454377223	"4T1"	[2, 4]
"4.4.733866125.1"	[1833151, 3029, -3029, -1, 1]	733866125	164.590289955	"4T1"	[]
"4.4.734472000.2"	[1836180, 0, -3030, 0, 1]	734472000	164.624250605	"4T1"	[2, 2, 2]
"4.4.734824448.2"	[717602, 0, -2396, 0, 1]	734824448	164.643996439	"4T1"	[]
"4.4.736291125.2"	[1839211, 3034, -3034, -1, 1]	736291125	164.726090547	"4T1"	[2, 2]
"4.4.736524477.1"	[271443, -1881, -1883, -1, 1]	736524477	164.739140615	"4T1"	[2]
"4.4.738720125.1"	[1845281, 3039, -3039, -1, 1]	738720125	164.861779277	"4T1"	[2, 2]
"4.4.739070800.1"	[273325, 0, -1885, 0, 1]	739070800	164.881341021	"4T1"	[2, 2, 4]
"4.4.739739648.2"	[722402, 0, -2404, 0, 1]	739739648	164.918632154	"4T1"	[2]
"4.4.741217625.1"	[-7894, -3111, -339, -1, 1]	741217625	165.000946092	"4T1"	[8]
"4.4.741217625.2"	[1156, 1414, -339, -1, 1]	741217625	165.000946092	"4T1"	[8]
"4.4.741762000.2"	[1854405, 0, -3045, 0, 1]	741762000	165.031233304	"4T1"	[2, 2, 2, 4]
"4.4.743121017.1"	[4148, 3502, -599, -1, 1]	743121017	165.106771793	"4T1"	[2]
"4.4.743440073.1"	[641462, 1, -1655, -1, 1]	743440073	165.124490922	"4T1"	[2]
"4.4.744288525.1"	[47719, -1667, -577, -1, 1]	744288525	165.171582911	"4T1"	[2, 2]
"4.4.745449536.2"	[110864, 0, -1066, 0, 1]	745449536	165.235957795	"4T1"	[2, 2, 2]
"4.4.745936704.2"	[98100, 0, -654, 0, 1]	745936704	165.262947533	"4T1"	[2]
"4.4.746031125.2"	[1863551, 3054, -3054, -1, 1]	746031125	165.268177049	"4T1"	[2, 2]
"4.4.746736133.2"	[275213, -1894, -1896, -1, 1]	746736133	165.307208302	"4T1"	[2, 4]
"4.4.748476125.1"	[1869661, 3059, -3059, -1, 1]	748476125	165.403421079	"4T1"	[]
"4.4.749300032.1"	[277108, 0, -1898, 0, 1]	749300032	165.448920466	"4T1"	[10]
"4.4.750488957.1"	[14357, -2819, -947, -1, 1]	750488957	165.514511489	"4T1"	[]
"4.4.750925125.1"	[1875781, 3064, -3064, -1, 1]	750925125	165.538554616	"4T1"	[2, 2]
"4.4.751538000.1"	[1878845, 0, -3065, 0, 1]	751538000	165.572320767	"4T1"	[10]
"4.4.753136912.1"	[141328, 0, -803, 0, 1]	753136912	165.660315193	"4T1"	[2]
"4.4.753992000.1"	[1884980, 0, -3070, 0, 1]	753992000	165.707316567	"4T1"	[2]
"4.4.754583552.2"	[736898, 0, -2428, 0, 1]	754583552	165.739808844	"4T1"	[]
"4.4.755835125.1"	[1888051, 3074, -3074, -1, 1]	755835125	165.808491288	"4T1"	[]
"4.4.757018093.1"	[279009, -1907, -1909, -1, 1]	757018093	165.873330536	"4T1"	[25]
"4.4.758296125.1"	[1894201, 3079, -3079, -1, 1]	758296125	165.943294962	"4T1"	[2, 2]
"4.4.758807937.1"	[654739, 1, -1672, -1, 1]	758807937	165.971288736	"4T1"	[2]
"4.4.759564288.2"	[741762, 0, -2436, 0, 1]	759564288	166.012631759	"4T1"	[2, 2]
"4.4.759854025.1"	[110860, -2150, -1081, -1, 1]	759854025	166.02846094	"4T1"	[2, 2, 2]
"4.4.760761125.1"	[1900361, 3084, -3084, -1, 1]	760761125	166.077989217	"4T1"	[]
"4.4.761378000.1"	[1903445, 0, -3085, 0, 1]	761378000	166.111645716	"4T1"	[2]
"4.4.763230125.1"	[1906531, 3089, -3089, -1, 1]	763230125	166.21257432	"4T1"	[2]
"4.4.763848000.1"	[1909620, 0, -3090, 0, 1]	763848000	166.246203571	"4T1"	[2, 2]
"4.4.764561408.2"	[746642, 0, -2444, 0, 1]	764561408	166.285007056	"4T1"	[2]
"4.4.766329237.1"	[312033, 1140, -1142, -1, 1]	766329237	166.381045421	"4T1"	[2, 2]
"4.4.766607425.1"	[10944, -2328, -430, -1, 1]	766607425	166.396143015	"4T1"	[2]
"4.4.767370357.1"	[282831, -1920, -1922, -1, 1]	767370357	166.437527167	"4T1"	[2]
"4.4.767557993.1"	[16914, -2807, -715, -1, 1]	767557993	166.447700484	"4T1"	[2]
"4.4.767711241.1"	[93280, -1463, -745, -1, 1]	767711241	166.456007957	"4T1"	[2]
"4.4.768180125.1"	[1918901, 3099, -3099, -1, 1]	768180125	166.481418126	"4T1"	[2]
"4.4.768575296.1"	[916, 0, -458, 0, 1]	768575296	166.502824544	"4T1"	[3]
"4.4.769574912.1"	[751538, 0, -2452, 0, 1]	769574912	166.55693693	"4T1"	[2]
"4.4.770661125.1"	[1925101, 3104, -3104, -1, 1]	770661125	166.615677356	"4T1"	[2]
"4.4.771421625.1"	[41356, 3449, -869, -1, 1]	771421625	166.656766868	"4T1"	[2, 2]
"4.4.771421625.2"	[179156, 4, -869, -1, 1]	771421625	166.656766868	"4T1"	[2, 2]
"4.4.773146125.1"	[1931311, 3109, -3109, -1, 1]	773146125	166.749828486	"4T1"	[2, 2]
"4.4.773768000.2"	[1934420, 0, -3110, 0, 1]	773768000	166.783349409	"4T1"	[2]
"4.4.774333017.1"	[668152, 1, -1689, -1, 1]	774333017	166.813788001	"4T1"	[2]
"4.4.774604800.2"	[756450, 0, -2460, 0, 1]	774604800	166.82842356	"4T1"	[2, 2, 2]
"4.4.775635125.1"	[1937531, 3114, -3114, -1, 1]	775635125	166.883871778	"4T1"	[2]
"4.4.777792925.1"	[286679, -1933, -1935, -1, 1]	777792925	166.999817712	"4T1"	[2, 2, 2]
"4.4.778034000.1"	[365, 0, -365, 0, 1]	778034000	167.012756503	"4T1"	[20]
"4.4.778034000.2"	[17885, 0, -365, 0, 1]	778034000	167.012756503	"4T1"	[4]
"4.4.779651072.2"	[761378, 0, -2468, 0, 1]	779651072	167.099469106	"4T1"	[2]
"4.4.780409552.1"	[288613, 0, -1937, 0, 1]	780409552	167.140094778	"4T1"	[2]
"4.4.781447949.1"	[54833, 3895, -1301, -1, 1]	781447949	167.195665356	"4T1"	[]
"4.4.783126125.1"	[1956251, 3129, -3129, -1, 1]	783126125	167.285357215	"4T1"	[]
"4.4.783752000.1"	[1959380, 0, -3130, 0, 1]	783752000	167.318770849	"4T1"	[2]
"4.4.784713728.1"	[766322, 0, -2476, 0, 1]	784713728	167.370075711	"4T1"	[]
"4.4.785631125.1"	[1962511, 3134, -3134, -1, 1]	785631125	167.418971738	"4T1"	[2, 4]
"4.4.788285797.1"	[290553, -1946, -1948, -1, 1]	788285797	167.560221359	"4T1"	[]
"4.4.790015313.1"	[681701, 1, -1706, -1, 1]	790015313	167.652053521	"4T1"	[2]
"4.4.790120861.1"	[115407, 2703, -907, -1, 1]	790120861	167.657652923	"4T1"	[]
"4.4.791282000.1"	[1978205, 0, -3145, 0, 1]	791282000	167.719215229	"4T1"	[2, 2]
"4.4.793090125.1"	[-9159, 3699, -389, -1, 1]	793090125	167.814945257	"4T1"	[2, 4]
"4.4.793090125.2"	[12201, -1641, -389, -1, 1]	793090125	167.814945257	"4T1"	[2, 4]
"4.4.793170125.2"	[1981351, 3149, -3149, -1, 1]	793170125	167.819177023	"4T1"	[2, 2]
"4.4.794888192.5"	[776258, 0, -2492, 0, 1]	794888192	167.909980583	"4T1"	[2, 2]
"4.4.796706816.1"	[3650, 0, -292, 0, 1]	796706816	168.005938569	"4T1"	[4]
"4.4.796706816.2"	[17666, 0, -292, 0, 1]	796706816	168.005938569	"4T1"	[4]
"4.4.800745125.1"	[2000281, 3164, -3164, -1, 1]	800745125	168.218430189	"4T1"	[]
"4.4.801378000.1"	[2003445, 0, -3165, 0, 1]	801378000	168.251658521	"4T1"	[2, 2]
"4.4.801765089.1"	[-4997, 2845, -348, -1, 1]	801765089	168.271972459	"4T1"	[]
"4.4.803912000.1"	[2009780, 0, -3170, 0, 1]	803912000	168.384506279	"4T1"	[2]
"4.4.805128192.1"	[786258, 0, -2508, 0, 1]	805128192	168.448154978	"4T1"	[2, 2]
"4.4.805815125.1"	[2012951, 3174, -3174, -1, 1]	805815125	168.484073355	"4T1"	[]
"4.4.808356125.1"	[2019301, 3179, -3179, -1, 1]	808356125	168.616738	"4T1"	[]
"4.4.809482453.1"	[298379, -1972, -1974, -1, 1]	809482453	168.675443129	"4T1"	[]
"4.4.809557568.1"	[14912, 0, -466, 0, 1]	809557568	168.679356004	"4T1"	[2]
"4.4.810272768.2"	[791282, 0, -2516, 0, 1]	810272768	168.716598423	"4T1"	[2, 2]
"4.4.813450125.1"	[2032031, 3189, -3189, -1, 1]	813450125	168.881754648	"4T1"	[]
"4.4.814088000.5"	[2035220, 0, -3190, 0, 1]	814088000	168.914852493	"4T1"	[2, 2, 2]
"4.4.815433728.2"	[796322, 0, -2524, 0, 1]	815433728	168.984615428	"4T1"	[5]
"4.4.816763221.1"	[57385, 3982, -1330, -1, 1]	816763221	169.053451995	"4T1"	[10]
"4.4.816982237.1"	[332753, 1177, -1179, -1, 1]	816982237	169.064783825	"4T1"	[5]
"4.4.818560125.1"	[2044801, 3199, -3199, -1, 1]	818560125	169.146356071	"4T1"	[2]
"4.4.818850401.1"	[119552, -2232, -1122, -1, 1]	818850401	169.161349655	"4T1"	[2]
"4.4.820611072.1"	[801378, 0, -2532, 0, 1]	820611072	169.252208019	"4T1"	[2]
"4.4.821121125.1"	[2051201, 3204, -3204, -1, 1]	821121125	169.278501682	"4T1"	[2]
"4.4.821762000.1"	[2054405, 0, -3205, 0, 1]	821762000	169.311521969	"4T1"	[2, 2]
"4.4.821851553.2"	[709207, 1, -1740, -1, 1]	821851553	169.316134538	"4T1"	[2, 4]
"4.4.822656953.1"	[-2434, 2401, -351, -1, 1]	822656953	169.357601008	"4T1"	[]
"4.4.823686125.1"	[2057611, 3209, -3209, -1, 1]	823686125	169.410544215	"4T1"	[2]
"4.4.824328000.1"	[2060820, 0, -3210, 0, 1]	824328000	169.443538771	"4T1"	[2, 2]
"4.4.825713984.2"	[61364, 0, -1334, 0, 1]	825713984	169.514717387	"4T1"	[2]
"4.4.825804800.1"	[806450, 0, -2540, 0, 1]	825804800	169.519378206	"4T1"	[2]
"4.4.826255125.1"	[2064031, 3214, -3214, -1, 1]	826255125	169.542483911	"4T1"	[2]
"4.4.830321872.1"	[30213, 0, -373, 0, 1]	830321872	169.750717849	"4T1"	[]
"4.4.830960325.1"	[306309, -1998, -2000, -1, 1]	830960325	169.783339723	"4T1"	[2, 2]
"4.4.831108672.1"	[65088, 0, -678, 0, 1]	831108672	169.790916848	"4T1"	[2]
"4.4.831405125.1"	[2076901, 3224, -3224, -1, 1]	831405125	169.806055751	"4T1"	[]
"4.4.831744000.1"	[32490, 0, -1140, 0, 1]	831744000	169.823356052	"4T1"	[2, 4]
"4.4.831744000.2"	[292410, 0, -1140, 0, 1]	831744000	169.823356052	"4T1"	[2, 4]
"4.4.833664832.3"	[308308, 0, -2002, 0, 1]	833664832	169.921318892	"4T1"	[2, 2]
"4.4.833952272.2"	[721412, 0, -1751, 0, 1]	833952272	169.935963827	"4T1"	[2, 10]
"4.4.834632000.2"	[2086580, 0, -3230, 0, 1]	834632000	169.970580599	"4T1"	[2, 2]
"4.4.836571125.1"	[2089811, 3234, -3234, -1, 1]	836571125	170.069219111	"4T1"	[2]
"4.4.838005497.1"	[723164, 1, -1757, -1, 1]	838005497	170.142071803	"4T1"	[2]
"4.4.839160125.1"	[2096281, 3239, -3239, -1, 1]	839160125	170.200648202	"4T1"	[]
"4.4.841484288.2"	[821762, 0, -2564, 0, 1]	841484288	170.318374204	"4T1"	[2]
"4.4.841804717.1"	[310313, -2011, -2013, -1, 1]	841804717	170.334585782	"4T1"	[]
"4.4.842402000.2"	[2106005, 0, -3245, 0, 1]	842402000	170.364791985	"4T1"	[2, 2, 2]
"4.4.844350125.1"	[2109251, 3249, -3249, -1, 1]	844350125	170.463202386	"4T1"	[2]
"4.4.846743552.1"	[826898, 0, -2572, 0, 1]	846743552	170.583874558	"4T1"	[]
"4.4.846951125.1"	[2115751, 3254, -3254, -1, 1]	846951125	170.594327945	"4T1"	[10]
"4.4.849556125.2"	[2122261, 3259, -3259, -1, 1]	849556125	170.725352794	"4T1"	[2, 2, 2]
"4.4.852019200.1"	[832050, 0, -2580, 0, 1]	852019200	170.848962325	"4T1"	[2, 2]
"4.4.852165125.1"	[2128781, 3264, -3264, -1, 1]	852165125	170.856277164	"4T1"	[2]
"4.4.852719413.1"	[314343, -2024, -2026, -1, 1]	852719413	170.884053615	"4T1"	[2]
"4.4.852818000.1"	[2132045, 0, -3265, 0, 1]	852818000	170.888992583	"4T1"	[2]
"4.4.852858941.1"	[59995, 4069, -1359, -1, 1]	852858941	170.891043502	"4T1"	[2]
"4.4.854316657.1"	[737257, 1, -1774, -1, 1]	854316657	170.964018963	"4T1"	[2]
"4.4.855432000.2"	[2138580, 0, -3270, 0, 1]	855432000	171.019791678	"4T1"	[2, 2, 2]
"4.4.857311232.2"	[837218, 0, -2588, 0, 1]	857311232	171.113639419	"4T1"	[]
"4.4.860016125.1"	[2148401, 3279, -3279, -1, 1]	860016125	171.248449701	"4T1"	[2, 2]
"4.4.861224000.3"	[50960, 0, -910, 0, 1]	861224000	171.308546791	"4T1"	[2, 2, 4]
"4.4.861224000.4"	[203840, 0, -910, 0, 1]	861224000	171.308546791	"4T1"	[2, 2, 4]
"4.4.862619648.1"	[842402, 0, -2596, 0, 1]	862619648	171.377907746	"4T1"	[2]
"4.4.862641125.1"	[2154961, 3284, -3284, -1, 1]	862641125	171.378974453	"4T1"	[2]
"4.4.863704413.1"	[318399, -2037, -2039, -1, 1]	863704413	171.43176032	"4T1"	[2, 2]
"4.4.865270125.1"	[2161531, 3289, -3289, -1, 1]	865270125	171.509399871	"4T1"	[2]
"4.4.865523177.1"	[1396, -1370, -357, -1, 1]	865523177	171.521938163	"4T1"	[]
"4.4.865928000.1"	[2164820, 0, -3290, 0, 1]	865928000	171.541990731	"4T1"	[2, 2]
"4.4.866461648.1"	[320437, 0, -2041, 0, 1]	866461648	171.568413797	"4T1"	[2, 4]
"4.4.867944448.3"	[847602, 0, -2604, 0, 1]	867944448	171.641769192	"4T1"	[2, 2, 2]
"4.4.869256133.1"	[354139, 1214, -1216, -1, 1]	869256133	171.706581075	"4T1"	[]
"4.4.870540125.2"	[2174701, 3299, -3299, -1, 1]	870540125	171.76995361	"4T1"	[2, 2, 2]
"4.4.870725925.1"	[14961, -2934, -608, -1, 1]	870725925	171.779118122	"4T1"	[2]
"4.4.870785033.1"	[751486, 1, -1791, -1, 1]	870785033	171.782033294	"4T1"	[2]
"4.4.873181125.1"	[2181301, 3304, -3304, -1, 1]	873181125	171.900082381	"4T1"	[2, 2]
"4.4.873285632.1"	[852818, 0, -2612, 0, 1]	873285632	171.905225631	"4T1"	[2]
"4.4.873842000.1"	[2184605, 0, -3305, 0, 1]	873842000	171.932599185	"4T1"	[2, 4]
"4.4.874759717.1"	[322481, -2050, -2052, -1, 1]	874759717	171.977722722	"4T1"	[]
"4.4.875826125.1"	[2187911, 3309, -3309, -1, 1]	875826125	172.030112719	"4T1"	[]
"4.4.876488000.2"	[2191220, 0, -3310, 0, 1]	876488000	172.06260495	"4T1"	[34]
"4.4.877534528.2"	[324532, 0, -2054, 0, 1]	877534528	172.113942722	"4T1"	[2]
"4.4.878475125.1"	[2194531, 3314, -3314, -1, 1]	878475125	172.160044847	"4T1"	[2, 2]
"4.4.878643200.1"	[858050, 0, -2620, 0, 1]	878643200	172.168278923	"4T1"	[2]
"4.4.880052249.1"	[128572, -2314, -1163, -1, 1]	880052249	172.237262496	"4T1"	[2]
"4.4.881052625.1"	[37056, -2456, -634, -1, 1]	881052625	172.286188177	"4T1"	[2, 8]
"4.4.881052625.2"	[88821, 9, -634, -1, 1]	881052625	172.286188177	"4T1"	[2, 8]
"4.4.881749629.1"	[-1853, -3083, -403, -1, 1]	881749629	172.320252134	"4T1"	[]
"4.4.882577872.2"	[362637, 0, -1221, 0, 1]	882577872	172.360703752	"4T1"	[2, 2, 4]
"4.4.883239488.2"	[764048, 0, -1802, 0, 1]	883239488	172.392996811	"4T1"	[2, 2, 2]
"4.4.883785125.1"	[2207801, 3324, -3324, -1, 1]	883785125	172.41961536	"4T1"	[]
"4.4.885885325.1"	[326589, -2063, -2065, -1, 1]	885885325	172.521957382	"4T1"	[2]
"4.4.886446125.1"	[2214451, 3329, -3329, -1, 1]	886446125	172.549254187	"4T1"	[]
"4.4.889111125.1"	[2221111, 3334, -3334, -1, 1]	889111125	172.678795687	"4T1"	[2, 2]
"4.4.889407488.1"	[868562, 0, -2636, 0, 1]	889407488	172.69318343	"4T1"	[]
"4.4.889735109.1"	[62663, 4156, -1388, -1, 1]	889735109	172.709084494	"4T1"	[5]
"4.4.891136000.1"	[34810, 0, -1180, 0, 1]	891136000	172.777027153	"4T1"	[4]
"4.4.891136000.2"	[313290, 0, -1180, 0, 1]	891136000	172.777027153	"4T1"	[4]
"4.4.891780125.1"	[2227781, 3339, -3339, -1, 1]	891780125	172.80824008	"4T1"	[]
"4.4.892256625.1"	[48181, 3709, -934, -1, 1]	892256625	172.831319377	"4T1"	[2, 4]
"4.4.892256625.2"	[207496, 4, -934, -1, 1]	892256625	172.831319377	"4T1"	[2, 4]
"4.4.894814208.1"	[873842, 0, -2644, 0, 1]	894814208	172.955038294	"4T1"	[2]
"4.4.895122000.1"	[2237805, 0, -3345, 0, 1]	895122000	172.969909345	"4T1"	[2, 2]
"4.4.895841344.1"	[3856, 0, -482, 0, 1]	895841344	173.00464969	"4T1"	[2]
"4.4.897130125.1"	[2241151, 3349, -3349, -1, 1]	897130125	173.066838414	"4T1"	[2, 2]
"4.4.899811125.1"	[2247851, 3354, -3354, -1, 1]	899811125	173.195992789	"4T1"	[]
"4.4.899982992.1"	[778532, 0, -1819, 0, 1]	899982992	173.204262453	"4T1"	[2]
"4.4.900237312.2"	[879138, 0, -2652, 0, 1]	900237312	173.216497307	"4T1"	[2, 2, 2]
"4.4.902496125.1"	[2254561, 3359, -3359, -1, 1]	902496125	173.325050924	"4T1"	[]
"4.4.904193433.1"	[780352, 1, -1825, -1, 1]	904193433	173.406485829	"4T1"	[2, 2, 2]
"4.4.905676800.1"	[884450, 0, -2660, 0, 1]	905676800	173.477562259	"4T1"	[2, 2]
"4.4.905858000.1"	[2264645, 0, -3365, 0, 1]	905858000	173.486238581	"4T1"	[2]
"4.4.908347453.1"	[334883, -2089, -2091, -1, 1]	908347453	173.60530842	"4T1"	[]
"4.4.908552000.1"	[2271380, 0, -3370, 0, 1]	908552000	173.61508096	"4T1"	[2]
"4.4.910575125.1"	[2274751, 3374, -3374, -1, 1]	910575125	173.711650031	"4T1"	[5]
"4.4.911132672.1"	[889778, 0, -2668, 0, 1]	911132672	173.738234926	"4T1"	[2]
"4.4.911174992.1"	[336973, 0, -2093, 0, 1]	911174992	173.740252326	"4T1"	[2, 2]
"4.4.911754000.1"	[6660, 0, -555, 0, 1]	911754000	173.76784665	"4T1"	[2, 4]
"4.4.911754000.2"	[26640, 0, -555, 0, 1]	911754000	173.76784665	"4T1"	[2, 4]
"4.4.913276125.1"	[2281501, 3379, -3379, -1, 1]	913276125	173.840325345	"4T1"	[2, 2]
"4.4.915981125.1"	[2288261, 3384, -3384, -1, 1]	915981125	173.968905484	"4T1"	[]
"4.4.916604928.1"	[895122, 0, -2676, 0, 1]	916604928	173.998517072	"4T1"	[2]
"4.4.916658000.1"	[2291645, 0, -3385, 0, 1]	916658000	174.001035673	"4T1"	[2]
"4.4.918690125.1"	[2295031, 3389, -3389, -1, 1]	918690125	174.097390661	"4T1"	[]
"4.4.919368000.1"	[2298420, 0, -3390, 0, 1]	919368000	174.129497142	"4T1"	[2, 2]
"4.4.919683973.1"	[339069, -2102, -2104, -1, 1]	919683973	174.144456639	"4T1"	[5]
"4.4.921133457.1"	[794989, 1, -1842, -1, 1]	921133457	174.213031976	"4T1"	[2]
"4.4.922093568.1"	[900482, 0, -2684, 0, 1]	922093568	174.258410446	"4T1"	[2]
"4.4.924120125.1"	[2308601, 3399, -3399, -1, 1]	924120125	174.354076964	"4T1"	[]
"4.4.925090133.1"	[66379, 554, -566, -1, 1]	925090133	174.399811906	"4T1"	[]
"4.4.926841125.1"	[2315401, 3404, -3404, -1, 1]	926841125	174.482278509	"4T1"	[2, 2]
"4.4.927391725.2"	[65389, 4243, -1417, -1, 1]	927391725	174.50818601	"4T1"	[2, 2, 2, 2]
"4.4.927522000.1"	[2318805, 0, -3405, 0, 1]	927522000	174.51431418	"4T1"	[2, 2]
"4.4.927598592.2"	[905858, 0, -2692, 0, 1]	927598592	174.517916786	"4T1"	[10]
"4.4.929141357.1"	[18067, -3137, -1053, -1, 1]	929141357	174.590435323	"4T1"	[]
"4.4.930248000.5"	[2325620, 0, -3410, 0, 1]	930248000	174.642398097	"4T1"	[2, 2, 2]
"4.4.931090797.1"	[343281, -2115, -2117, -1, 1]	931090797	174.681940807	"4T1"	[2, 2]
"4.4.932295125.1"	[2329031, 3414, -3414, -1, 1]	932295125	174.738399423	"4T1"	[]
"4.4.932574833.1"	[-11911, 3969, -366, -1, 1]	932574833	174.75150424	"4T1"	[5]
"4.4.933636096.1"	[16650, 0, -444, 0, 1]	933636096	174.801199505	"4T1"	[4]
"4.4.933636096.2"	[32634, 0, -444, 0, 1]	933636096	174.801199505	"4T1"	[4]
"4.4.934084125.1"	[2721, 4149, -839, -1, 1]	934084125	174.822166432	"4T1"	[2, 4]
"4.4.934084125.2"	[69021, -2481, -839, -1, 1]	934084125	174.822166432	"4T1"	[2, 4]
"4.4.936877888.1"	[384948, 0, -1258, 0, 1]	936877888	174.952739483	"4T1"	[2]
"4.4.937765125.1"	[2342701, 3424, -3424, -1, 1]	937765125	174.994145479	"4T1"	[2, 2]
"4.4.938230697.1"	[809762, 1, -1859, -1, 1]	938230697	175.01586126	"4T1"	[10]
"4.4.938657792.1"	[916658, 0, -2708, 0, 1]	938657792	175.035775244	"4T1"	[2]
"4.4.940506125.1"	[2349551, 3429, -3429, -1, 1]	940506125	175.121878449	"4T1"	[10]
"4.4.941821904.1"	[9725, 0, -389, 0, 1]	941821904	175.183095728	"4T1"	[]
"4.4.942567925.1"	[347519, -2128, -2130, -1, 1]	942567925	175.21777624	"4T1"	[2]
"4.4.943251125.1"	[2356411, 3434, -3434, -1, 1]	943251125	175.249518319	"4T1"	[2, 2]
"4.4.944211968.2"	[922082, 0, -2716, 0, 1]	944211968	175.294130772	"4T1"	[2, 10]
"4.4.946000125.1"	[2363281, 3439, -3439, -1, 1]	946000125	175.377065292	"4T1"	[2, 2]
"4.4.949442000.1"	[2373605, 0, -3445, 0, 1]	949442000	175.536368682	"4T1"	[2, 2]
"4.4.949782528.1"	[927522, 0, -2724, 0, 1]	949782528	175.552106086	"4T1"	[2]
"4.4.951156800.2"	[822800, 0, -1870, 0, 1]	951156800	175.615574707	"4T1"	[2, 2]
"4.4.951510125.2"	[2377051, 3449, -3449, -1, 1]	951510125	175.631881359	"4T1"	[2, 2]
"4.4.952576000.1"	[37210, 0, -1220, 0, 1]	952576000	175.681046113	"4T1"	[2, 2]
"4.4.952576000.2"	[334890, 0, -1220, 0, 1]	952576000	175.681046113	"4T1"	[2, 2]
"4.4.953790341.1"	[12167, 3312, -504, -1, 1]	953790341	175.737008783	"4T1"	[]
"4.4.954115357.1"	[351783, -2141, -2143, -1, 1]	954115357	175.751978017	"4T1"	[]
"4.4.955369472.1"	[932978, 0, -2732, 0, 1]	955369472	175.809702859	"4T1"	[]
"4.4.955671625.1"	[-8284, -3386, -369, -1, 1]	955671625	175.823601966	"4T1"	[6]
"4.4.955671625.2"	[-8284, 3509, -369, -1, 1]	955671625	175.823601966	"4T1"	[6]
"4.4.956818825.1"	[25716, -1664, -463, -1, 1]	956818825	175.876343435	"4T1"	[2]
"4.4.957013200.2"	[353925, 0, -2145, 0, 1]	957013200	175.885274948	"4T1"	[2, 2, 2]
"4.4.957036125.1"	[2390861, 3459, -3459, -1, 1]	957036125	175.88632826	"4T1"	[5]
"4.4.959805125.1"	[2397781, 3464, -3464, -1, 1]	959805125	176.013413774	"4T1"	[2]
"4.4.960972800.2"	[938450, 0, -2740, 0, 1]	960972800	176.066922752	"4T1"	[2, 2, 2]
"4.4.963272000.1"	[2408180, 0, -3470, 0, 1]	963272000	176.172141747	"4T1"	[2]
"4.4.965102561.1"	[117755, -1641, -834, -1, 1]	965102561	176.255779672	"4T1"	[2]
"4.4.965355125.1"	[2411651, 3474, -3474, -1, 1]	965355125	176.267309923	"4T1"	[2]
"4.4.965828789.1"	[68173, 4330, -1446, -1, 1]	965828789	176.288927905	"4T1"	[]
"4.4.966592512.1"	[943938, 0, -2748, 0, 1]	966592512	176.323767414	"4T1"	[2]
"4.4.968529168.1"	[837828, 0, -1887, 0, 1]	968529168	176.412021309	"4T1"	[2, 2]
"4.4.968648512.1"	[358228, 0, -2158, 0, 1]	968648512	176.417455513	"4T1"	[2]
"4.4.970921125.1"	[2425561, 3484, -3484, -1, 1]	970921125	176.520840884	"4T1"	[2, 4]
"4.4.971618000.1"	[2429045, 0, -3485, 0, 1]	971618000	176.552506656	"4T1"	[2, 2, 2]
"4.4.972228608.1"	[949442, 0, -2756, 0, 1]	972228608	176.580238484	"4T1"	[2, 2]
"4.4.972896825.1"	[839716, 1, -1893, -1, 1]	972896825	176.610571761	"4T1"	[2, 2]
"4.4.973710125.1"	[2432531, 3489, -3489, -1, 1]	973710125	176.647469911	"4T1"	[]
"4.4.974408000.2"	[2436020, 0, -3490, 0, 1]	974408000	176.679112987	"4T1"	[2, 10]
"4.4.977421133.1"	[360389, -2167, -2169, -1, 1]	977421133	176.815539785	"4T1"	[2, 4]
"4.4.977881088.1"	[954962, 0, -2764, 0, 1]	977881088	176.836337587	"4T1"	[]
"4.4.978666613.1"	[398909, 1288, -1290, -1, 1]	978666613	176.871839741	"4T1"	[]
"4.4.982101125.1"	[2453501, 3504, -3504, -1, 1]	982101125	177.026813519	"4T1"	[]
"4.4.982802000.1"	[2457005, 0, -3505, 0, 1]	982802000	177.0583888	"4T1"	[2, 4]
"4.4.984906125.2"	[2460511, 3509, -3509, -1, 1]	984906125	177.153080877	"4T1"	[2, 4]
"4.4.987715125.1"	[2467531, 3514, -3514, -1, 1]	987715125	177.279258301	"4T1"	[2]
"4.4.989179477.2"	[364731, -2180, -2182, -1, 1]	989179477	177.344928814	"4T1"	[2, 2]
"4.4.989235200.1"	[966050, 0, -2780, 0, 1]	989235200	177.347426334	"4T1"	[2]
"4.4.990119261.1"	[146609, 789, -795, -1, 1]	990119261	177.387036081	"4T1"	[]
"4.4.990465713.1"	[854897, 1, -1910, -1, 1]	990465713	177.402551392	"4T1"	[2]
"4.4.992462400.4"	[147600, 0, -1230, 0, 1]	992462400	177.491890655	"4T1"	[2, 2, 2]
"4.4.993345125.1"	[2481601, 3524, -3524, -1, 1]	993345125	177.531344114	"4T1"	[]
"4.4.993900897.2"	[22443, -3195, -812, -1, 1]	993900897	177.556170897	"4T1"	[2, 2]
"4.4.994936832.5"	[971618, 0, -2788, 0, 1]	994936832	177.60241917	"4T1"	[2, 2, 2]
"4.4.996166125.2"	[2488651, 3529, -3529, -1, 1]	996166125	177.657252884	"4T1"	[2, 2]
"4.4.996872000.1"	[2492180, 0, -3530, 0, 1]	996872000	177.688716137	"4T1"	[2]
"4.4.998991125.1"	[2495711, 3534, -3534, -1, 1]	998991125	177.783072484	"4T1"	[10]
"4.4.1000654848.2"	[977202, 0, -2796, 0, 1]	1000654848	177.857046425	"4T1"	[2, 4]
"4.4.1001132368.1"	[3573, 0, -397, 0, 1]	1001132368	177.878261308	"4T1"	[]
"4.4.1001820125.1"	[2502781, 3539, -3539, -1, 1]	1001820125	177.908803103	"4T1"	[2, 2]
"4.4.1005362000.2"	[2513405, 0, -3545, 0, 1]	1005362000	178.065841533	"4T1"	[2, 2]
"4.4.1006389248.1"	[982802, 0, -2804, 0, 1]	1006389248	178.111309667	"4T1"	[2]
"4.4.1007490125.1"	[2516951, 3549, -3549, -1, 1]	1007490125	178.159998149	"4T1"	[2]
"4.4.1008191817.1"	[870214, 1, -1927, -1, 1]	1008191817	178.191011061	"4T1"	[2]
"4.4.1010331125.1"	[2524051, 3554, -3554, -1, 1]	1010331125	178.285462952	"4T1"	[]
"4.4.1012140032.1"	[988418, 0, -2812, 0, 1]	1012140032	178.365210451	"4T1"	[2]
"4.4.1012377600.1"	[5850, 0, -780, 0, 1]	1012377600	178.375675934	"4T1"	[2, 4, 4]
"4.4.1012377600.2"	[146250, 0, -780, 0, 1]	1012377600	178.375675934	"4T1"	[2, 2, 4]
"4.4.1012907077.1"	[373493, -2206, -2208, -1, 1]	1012907077	178.398994135	"4T1"	[2]
"4.4.1013176125.1"	[2531161, 3559, -3559, -1, 1]	1013176125	178.410839524	"4T1"	[2, 2]
"4.4.1015892800.2"	[375700, 0, -2210, 0, 1]	1015892800	178.530314723	"4T1"	[2, 2, 2]
"4.4.1016025125.1"	[2538281, 3564, -3564, -1, 1]	1016025125	178.53612805	"4T1"	[]
"4.4.1016738000.1"	[2541845, 0, -3565, 0, 1]	1016738000	178.567436447	"4T1"	[2, 2]
"4.4.1017907200.1"	[994050, 0, -2820, 0, 1]	1017907200	178.618750324	"4T1"	[2, 2]
"4.4.1018917709.1"	[149445, 3069, -1029, -1, 1]	1018917709	178.663063965	"4T1"	[]
"4.4.1019592000.1"	[2548980, 0, -3570, 0, 1]	1019592000	178.692615177	"4T1"	[2, 2, 2]
"4.4.1021589568.2"	[883728, 0, -1938, 0, 1]	1021589568	178.780073861	"4T1"	[2, 2, 2]
"4.4.1021735125.1"	[2552551, 3574, -3574, -1, 1]	1021735125	178.786441707	"4T1"	[10]
"4.4.1021879625.1"	[55526, 3969, -999, -1, 1]	1021879625	178.792762639	"4T1"	[2, 4]
"4.4.1021879625.2"	[237916, 4, -999, -1, 1]	1021879625	178.792762639	"4T1"	[2, 4]
"4.4.1023690752.1"	[999698, 0, -2828, 0, 1]	1023690752	178.87193082	"4T1"	[2]
"4.4.1024596125.1"	[2559701, 3579, -3579, -1, 1]	1024596125	178.911467206	"4T1"	[2, 4]
"4.4.1024876333.1"	[377913, -2219, -2221, -1, 1]	1024876333	178.923698192	"4T1"	[]
"4.4.1025613653.1"	[20081, -3296, -1106, -1, 1]	1025613653	178.955869987	"4T1"	[]
"4.4.1026075137.1"	[885667, 1, -1944, -1, 1]	1026075137	178.975997289	"4T1"	[2]
"4.4.1026757125.1"	[2461, 3304, -424, -1, 1]	1026757125	179.00572929	"4T1"	[4]
"4.4.1026757125.2"	[22831, 394, -424, -1, 1]	1026757125	179.00572929	"4T1"	[4]
"4.4.1027243729.1"	[-67, 2081, -378, -1, 1]	1027243729	179.026934263	"4T1"	[7]
"4.4.1027461125.1"	[2566861, 3584, -3584, -1, 1]	1027461125	179.036405397	"4T1"	[2, 10]
"4.4.1028178000.1"	[2570445, 0, -3585, 0, 1]	1028178000	179.067626324	"4T1"	[2, 2]
"4.4.1029490688.1"	[1005362, 0, -2836, 0, 1]	1029490688	179.124753463	"4T1"	[2]
"4.4.1031048000.2"	[2577620, 0, -3590, 0, 1]	1031048000	179.192455636	"4T1"	[2]
"4.4.1035224208.2"	[62532, 0, -579, 0, 1]	1035224208	179.373633178	"4T1"	[2, 2]
"4.4.1035803197.1"	[422293, 1325, -1327, -1, 1]	1035803197	179.398708323	"4T1"	[2]
"4.4.1036080125.1"	[2588401, 3599, -3599, -1, 1]	1036080125	179.410697942	"4T1"	[]
"4.4.1036915893.1"	[382359, -2232, -2234, -1, 1]	1036915893	179.446868017	"4T1"	[2]
"4.4.1039590800.1"	[899300, 0, -1955, 0, 1]	1039590800	179.562484925	"4T1"	[2, 2]
"4.4.1039682000.1"	[2599205, 0, -3605, 0, 1]	1039682000	179.566422907	"4T1"	[2, 2]
"4.4.1041139712.3"	[1016738, 0, -2852, 0, 1]	1041139712	179.629331233	"4T1"	[2, 10]
"4.4.1041442717.1"	[32897, 2441, -519, -1, 1]	1041442717	179.642399279	"4T1"	[]
"4.4.1041846125.1"	[2602811, 3609, -3609, -1, 1]	1041846125	179.659793096	"4T1"	[5]
"4.4.1042430125.1"	[5941, 3959, -589, -1, 1]	1042430125	179.684964584	"4T1"	[2, 4]
"4.4.1042430125.2"	[69081, -551, -589, -1, 1]	1042430125	179.684964584	"4T1"	[2, 4]
"4.4.1044115673.2"	[901256, 1, -1961, -1, 1]	1044115673	179.75755558	"4T1"	[2, 2]
"4.4.1046988800.2"	[1022450, 0, -2860, 0, 1]	1046988800	179.881089354	"4T1"	[2, 2]
"4.4.1049025757.1"	[386831, -2245, -2247, -1, 1]	1049025757	179.96851699	"4T1"	[]
"4.4.1049560144.1"	[158661, 0, -1037, 0, 1]	1049560144	179.991432173	"4T1"	[2]
"4.4.1050476112.1"	[23373, 0, -1113, 0, 1]	1050476112	180.030689681	"4T1"	[2, 2]
"4.4.1050525125.1"	[2624501, 3624, -3624, -1, 1]	1050525125	180.032789608	"4T1"	[2]
"4.4.1052064208.2"	[389077, 0, -2249, 0, 1]	1052064208	180.098693149	"4T1"	[2, 10]
"4.4.1052854272.1"	[1028178, 0, -2868, 0, 1]	1052854272	180.132495611	"4T1"	[2]
"4.4.1053426125.1"	[2631751, 3629, -3629, -1, 1]	1053426125	180.156950167	"4T1"	[]
"4.4.1058736128.2"	[1033922, 0, -2876, 0, 1]	1058736128	180.383551476	"4T1"	[5]
"4.4.1059240125.1"	[2646281, 3639, -3639, -1, 1]	1059240125	180.405014932	"4T1"	[2, 2]
"4.4.1059729296.2"	[157604, 0, -1271, 0, 1]	1059729296	180.425839677	"4T1"	[2, 2]
"4.4.1061205925.1"	[391329, -2258, -2260, -1, 1]	1061205925	180.488658297	"4T1"	[2]
"4.4.1062313425.1"	[916981, 1, -1978, -1, 1]	1062313425	180.535730454	"4T1"	[2, 2]
"4.4.1064261952.5"	[393588, 0, -2262, 0, 1]	1064261952	180.618459578	"4T1"	[2, 2, 2]
"4.4.1064634368.3"	[1039682, 0, -2884, 0, 1]	1064634368	180.634258409	"4T1"	[2, 2]
"4.4.1065070125.1"	[2660851, 3649, -3649, -1, 1]	1065070125	180.652739065	"4T1"	[2, 2]
"4.4.1067991125.1"	[2668151, 3654, -3654, -1, 1]	1067991125	180.776473832	"4T1"	[2]
"4.4.1070044625.1"	[1936, -3596, -624, -1, 1]	1070044625	180.863309086	"4T1"	[2, 4]
"4.4.1070044625.2"	[23581, 3619, -624, -1, 1]	1070044625	180.863309086	"4T1"	[2, 4]
"4.4.1070548992.2"	[1045458, 0, -2892, 0, 1]	1070548992	180.884617862	"4T1"	[2, 10]
"4.4.1070916125.1"	[2675461, 3659, -3659, -1, 1]	1070916125	180.900123965	"4T1"	[]
"4.4.1073456397.2"	[395853, -2271, -2273, -1, 1]	1073456397	181.007304936	"4T1"	[2, 2]
"4.4.1073845125.1"	[2682781, 3664, -3664, -1, 1]	1073845125	181.023689638	"4T1"	[3, 6]
"4.4.1074578000.1"	[2686445, 0, -3665, 0, 1]	1074578000	181.05456788	"4T1"	[2]
"4.4.1077512000.1"	[2693780, 0, -3670, 0, 1]	1077512000	181.17802822	"4T1"	[2]
"4.4.1078408413.1"	[11391, 2619, -431, -1, 1]	1078408413	181.215698264	"4T1"	[4]
"4.4.1078408413.2"	[23223, -339, -431, -1, 1]	1078408413	181.215698264	"4T1"	[4]
"4.4.1079715125.1"	[2697451, 3674, -3674, -1, 1]	1079715125	181.270568293	"4T1"	[]
"4.4.1080668393.1"	[932842, 1, -1995, -1, 1]	1080668393	181.310565476	"4T1"	[2]
"4.4.1082427392.2"	[1057058, 0, -2908, 0, 1]	1082427392	181.384300079	"4T1"	[]
"4.4.1085601125.1"	[2712161, 3684, -3684, -1, 1]	1085601125	181.517111173	"4T1"	[2, 2]
"4.4.1085777173.1"	[400403, -2284, -2286, -1, 1]	1085777173	181.524469718	"4T1"	[2]
"4.4.1085822669.1"	[76873, 4591, -1533, -1, 1]	1085822669	181.526371238	"4T1"	[]
"4.4.1086338000.1"	[2715845, 0, -3685, 0, 1]	1086338000	181.547905491	"4T1"	[2, 10]
"4.4.1086373952.2"	[65792, 0, -514, 0, 1]	1086373952	181.54940754	"4T1"	[4, 12]
"4.4.1088550125.1"	[2719531, 3689, -3689, -1, 1]	1088550125	181.640257124	"4T1"	[10]
"4.4.1092748753.1"	[200241, 1939, -976, -1, 1]	1092748753	181.815154733	"4T1"	[10]
"4.4.1094371328.2"	[1068722, 0, -2924, 0, 1]	1094371328	181.882609534	"4T1"	[2, 2]
"4.4.1094460125.1"	[2734301, 3699, -3699, -1, 1]	1094460125	181.886298899	"4T1"	[2, 2]
"4.4.1094537792.3"	[946832, 0, -2006, 0, 1]	1094537792	181.889525647	"4T1"	[2, 10]
"4.4.1096139216.1"	[81461, 0, -1537, 0, 1]	1096139216	181.956020055	"4T1"	[2, 4]
"4.4.1097421125.1"	[2741701, 3704, -3704, -1, 1]	1097421125	182.009195061	"4T1"	[]
"4.4.1098162000.1"	[2745405, 0, -3705, 0, 1]	1098162000	182.039906137	"4T1"	[2, 2, 2]
"4.4.1098168253.2"	[404979, -2297, -2299, -1, 1]	1098168253	182.040165273	"4T1"	[2, 2]
"4.4.1099180577.1"	[948839, 1, -2012, -1, 1]	1099180577	182.082103282	"4T1"	[2]
"4.4.1099674425.1"	[484, -3508, -485, -1, 1]	1099674425	182.102551636	"4T1"	[2]
"4.4.1100367872.1"	[1074578, 0, -2932, 0, 1]	1100367872	182.131252999	"4T1"	[2]
"4.4.1100386125.1"	[2749111, 3709, -3709, -1, 1]	1100386125	182.132008297	"4T1"	[2, 2]
"4.4.1101128000.1"	[2752820, 0, -3710, 0, 1]	1101128000	182.162698668	"4T1"	[2, 2]
"4.4.1101277008.1"	[407277, 0, -2301, 0, 1]	1101277008	182.168861059	"4T1"	[2, 2]
"4.4.1102302937.1"	[3902, 581, -387, -1, 1]	1102302937	182.211272519	"4T1"	[]
"4.4.1103355125.1"	[2756531, 3714, -3714, -1, 1]	1103355125	182.254738774	"4T1"	[5]
"4.4.1112286125.1"	[2778851, 3729, -3729, -1, 1]	1112286125	182.622435326	"4T1"	[2]
"4.4.1112410112.1"	[1086338, 0, -2948, 0, 1]	1112410112	182.627524363	"4T1"	[2]
"4.4.1113032000.1"	[2782580, 0, -3730, 0, 1]	1113032000	182.653043293	"4T1"	[2]
"4.4.1113755968.1"	[411892, 0, -2314, 0, 1]	1113755968	182.682737569	"4T1"	[2]
"4.4.1115271125.2"	[2786311, 3734, -3734, -1, 1]	1115271125	182.744836436	"4T1"	[2, 2]
"4.4.1118260125.1"	[2793781, 3739, -3739, -1, 1]	1118260125	182.867155617	"4T1"	[2]
"4.4.1118455808.1"	[1092242, 0, -2956, 0, 1]	1118455808	182.875155018	"4T1"	[]
"4.4.1122002000.1"	[2805005, 0, -3745, 0, 1]	1122002000	183.019939632	"4T1"	[2, 2]
"4.4.1124250125.1"	[2808751, 3749, -3749, -1, 1]	1124250125	183.111548851	"4T1"	[]
"4.4.1124517888.1"	[1098162, 0, -2964, 0, 1]	1124517888	183.122450811	"4T1"	[2, 2]
"4.4.1126850013.1"	[22201, -3455, -1159, -1, 1]	1126850013	183.217320959	"4T1"	[2, 4]
"4.4.1127251125.1"	[2816251, 3754, -3754, -1, 1]	1127251125	183.23362323	"4T1"	[2, 2, 2]
"4.4.1127381525.2"	[79889, 4678, -1562, -1, 1]	1127381525	183.2389221	"4T1"	[2, 2]
"4.4.1127950400.1"	[142400, 0, -890, 0, 1]	1127950400	183.262033248	"4T1"	[2, 2, 2]
"4.4.1130256125.1"	[2823761, 3759, -3759, -1, 1]	1130256125	183.355616335	"4T1"	[2]
"4.4.1130596352.2"	[1104098, 0, -2972, 0, 1]	1130596352	183.369413095	"4T1"	[]
"4.4.1131231248.2"	[88592, 0, -791, 0, 1]	1131231248	183.39515084	"4T1"	[2, 4]
"4.4.1133265125.1"	[2831281, 3764, -3764, -1, 1]	1133265125	183.477528328	"4T1"	[]
"4.4.1133966673.1"	[7984, 4324, -736, -1, 1]	1133966673	183.505917188	"4T1"	[2]
"4.4.1134018000.1"	[2835045, 0, -3765, 0, 1]	1134018000	183.507993671	"4T1"	[2, 2]
"4.4.1135517125.1"	[3911, 4574, -924, -1, 1]	1135517125	183.568611128	"4T1"	[4]
"4.4.1135517125.2"	[84321, -2736, -924, -1, 1]	1135517125	183.568611128	"4T1"	[4]
"4.4.1135763317.1"	[418863, -2336, -2338, -1, 1]	1135763317	183.578560218	"4T1"	[]
"4.4.1136676593.1"	[981241, 1, -2046, -1, 1]	1136676593	183.615453328	"4T1"	[2, 2]
"4.4.1136691200.1"	[1110050, 0, -2980, 0, 1]	1136691200	183.616043218	"4T1"	[2, 2]
"4.4.1137032000.2"	[2842580, 0, -3770, 0, 1]	1137032000	183.6298045	"4T1"	[2, 2, 2]
"4.4.1139295125.1"	[2846351, 3774, -3774, -1, 1]	1139295125	183.721109621	"4T1"	[]
"4.4.1142316125.1"	[2853901, 3779, -3779, -1, 1]	1142316125	183.842779243	"4T1"	[]
"4.4.1144211221.1"	[168111, 3252, -1090, -1, 1]	1144211221	183.918980386	"4T1"	[]
"4.4.1145341125.2"	[2861461, 3784, -3784, -1, 1]	1145341125	183.964368396	"4T1"	[2, 2]
"4.4.1146098000.1"	[2865245, 0, -3785, 0, 1]	1146098000	183.99475313	"4T1"	[2]
"4.4.1146914361.1"	[167932, -2642, -1327, -1, 1]	1146914361	184.027509063	"4T1"	[2]
"4.4.1148370125.1"	[2869031, 3789, -3789, -1, 1]	1148370125	184.085877239	"4T1"	[2]
"4.4.1148435613.1"	[423543, -2349, -2351, -1, 1]	1148435613	184.088501646	"4T1"	[2]
"4.4.1148930048.1"	[1122002, 0, -2996, 0, 1]	1148930048	184.108312314	"4T1"	[2]
"4.4.1149128000.2"	[2872820, 0, -3790, 0, 1]	1149128000	184.11624192	"4T1"	[2]
"4.4.1149184000.1"	[44890, 0, -1340, 0, 1]	1149184000	184.118484995	"4T1"	[4]
"4.4.1149184000.2"	[404010, 0, -1340, 0, 1]	1149184000	184.118484995	"4T1"	[4]
"4.4.1151614672.1"	[425893, 0, -2353, 0, 1]	1151614672	184.215766439	"4T1"	[2, 2]
"4.4.1152903488.2"	[25652, 0, -1166, 0, 1]	1152903488	184.267285549	"4T1"	[2]
"4.4.1154320649.1"	[4028, -459, -393, -1, 1]	1154320649	184.323885283	"4T1"	[]
"4.4.1154440125.1"	[2884201, 3799, -3799, -1, 1]	1154440125	184.328654631	"4T1"	[2]
"4.4.1154939053.1"	[471059, 1399, -1401, -1, 1]	1154939053	184.348567276	"4T1"	[]
"4.4.1155074048.2"	[1128002, 0, -3004, 0, 1]	1155074048	184.353953934	"4T1"	[]
"4.4.1155660425.1"	[997646, 1, -2063, -1, 1]	1155660425	184.377346448	"4T1"	[2, 2]
"4.4.1157481125.1"	[2891801, 3804, -3804, -1, 1]	1157481125	184.449923496	"4T1"	[2]
"4.4.1158242000.2"	[2895605, 0, -3805, 0, 1]	1158242000	184.480228256	"4T1"	[2, 20]
"4.4.1160526125.1"	[2899411, 3809, -3809, -1, 1]	1160526125	184.571112683	"4T1"	[10]
"4.4.1161178213.1"	[428249, -2362, -2364, -1, 1]	1161178213	184.597034387	"4T1"	[]
"4.4.1161234432.1"	[1134018, 0, -3012, 0, 1]	1161234432	184.599268685	"4T1"	[2]
"4.4.1161288000.1"	[2903220, 0, -3810, 0, 1]	1161288000	184.601397549	"4T1"	[2, 10]
"4.4.1164986325.1"	[-5561, 4552, -670, -1, 1]	1164986325	184.74819622	"4T1"	[2]
"4.4.1167411200.1"	[1140050, 0, -3020, 0, 1]	1167411200	184.844257868	"4T1"	[2]
"4.4.1169685125.1"	[2922301, 3824, -3824, -1, 1]	1169685125	184.934203748	"4T1"	[2, 2]
"4.4.1169720829.1"	[82963, 4765, -1591, -1, 1]	1169720829	184.935614986	"4T1"	[2]
"4.4.1170001472.1"	[1012112, 0, -2074, 0, 1]	1170001472	184.946706567	"4T1"	[2, 2]
"4.4.1170286912.1"	[480852, 0, -1406, 0, 1]	1170286912	184.95798569	"4T1"	[2]
"4.4.1172746125.2"	[2929951, 3829, -3829, -1, 1]	1172746125	185.055075789	"4T1"	[4, 4]
"4.4.1173512000.1"	[2933780, 0, -3830, 0, 1]	1173512000	185.085281466	"4T1"	[2]
"4.4.1173604352.1"	[1146098, 0, -3028, 0, 1]	1173604352	185.088922777	"4T1"	[2]
"4.4.1173991117.1"	[432981, -2375, -2377, -1, 1]	1173991117	185.104170052	"4T1"	[2, 2]
"4.4.1174801473.1"	[1014187, 1, -2080, -1, 1]	1174801473	185.136104166	"4T1"	[2]
"4.4.1175811125.1"	[2937611, 3834, -3834, -1, 1]	1175811125	185.175868933	"4T1"	[]
"4.4.1178880125.1"	[2945281, 3839, -3839, -1, 1]	1178880125	185.296583332	"4T1"	[2]
"4.4.1179813888.1"	[1152162, 0, -3036, 0, 1]	1179813888	185.333264696	"4T1"	[2, 2]
"4.4.1182722000.2"	[2956805, 0, -3845, 0, 1]	1182722000	185.447365832	"4T1"	[2, 2]
"4.4.1185030125.1"	[2960651, 3849, -3849, -1, 1]	1185030125	185.537776514	"4T1"	[]
"4.4.1185052889.1"	[145078, -1819, -923, -1, 1]	1185052889	185.538667536	"4T1"	[10]
"4.4.1186039808.2"	[1158242, 0, -3044, 0, 1]	1186039808	185.5772849	"4T1"	[2, 2]
"4.4.1186850061.1"	[23245, 1177, -445, -1, 1]	1186850061	185.608971452	"4T1"	[]
"4.4.1188111125.1"	[2968351, 3854, -3854, -1, 1]	1188111125	185.658255602	"4T1"	[]
"4.4.1189260432.1"	[1028772, 0, -2091, 0, 1]	1189260432	185.703137972	"4T1"	[2, 2]
"4.4.1191016000.1"	[38160, 0, -530, 0, 1]	1191016000	185.771633098	"4T1"	[2, 4]
"4.4.1191016000.2"	[67840, 0, -530, 0, 1]	1191016000	185.771633098	"4T1"	[2, 4]
"4.4.1192282112.1"	[1164338, 0, -3052, 0, 1]	1192282112	185.820984657	"4T1"	[2]
"4.4.1193895376.1"	[20629, 0, -421, 0, 1]	1193895376	185.883810877	"4T1"	[]
"4.4.1194169589.1"	[78115, -2114, -726, -1, 1]	1194169589	185.894483372	"4T1"	[]
"4.4.1194285125.1"	[2983781, 3864, -3864, -1, 1]	1194285125	185.898979535	"4T1"	[2, 2]
"4.4.1195058000.1"	[2987645, 0, -3865, 0, 1]	1195058000	185.929048113	"4T1"	[2]
"4.4.1199827837.1"	[442523, -2401, -2403, -1, 1]	1199827837	186.114295806	"4T1"	[]
"4.4.1200475125.1"	[2999251, 3874, -3874, -1, 1]	1200475125	186.139392154	"4T1"	[2]
"4.4.1203077200.1"	[444925, 0, -2405, 0, 1]	1203077200	186.240176305	"4T1"	[2, 2]
"4.4.1203576125.2"	[3007001, 3879, -3879, -1, 1]	1203576125	186.259482097	"4T1"	[2, 2]
"4.4.1204815872.1"	[1176578, 0, -3068, 0, 1]	1204815872	186.307427858	"4T1"	[2]
"4.4.1206681125.1"	[3014761, 3884, -3884, -1, 1]	1206681125	186.379494662	"4T1"	[2]
"4.4.1207458000.1"	[3018645, 0, -3885, 0, 1]	1207458000	186.409485731	"4T1"	[2, 2, 2]
"4.4.1209790125.1"	[3022531, 3889, -3889, -1, 1]	1209790125	186.499429999	"4T1"	[2, 2, 2]
"4.4.1210568000.2"	[3026420, 0, -3890, 0, 1]	1210568000	186.529401784	"4T1"	[2, 4]
"4.4.1211107328.2"	[1182722, 0, -3076, 0, 1]	1211107328	186.550173795	"4T1"	[10]
"4.4.1212840581.1"	[86095, 4852, -1620, -1, 1]	1212840581	186.61688243	"4T1"	[]
"4.4.1212851653.1"	[447333, -2414, -2416, -1, 1]	1212851653	186.617308334	"4T1"	[]
"4.4.1213476377.1"	[88528, 3284, -833, -1, 1]	1213476377	186.641334726	"4T1"	[2]
"4.4.1213555217.1"	[1047677, 1, -2114, -1, 1]	1213555217	186.644366191	"4T1"	[2]
"4.4.1214950633.1"	[65378, 2521, -651, -1, 1]	1214950633	186.697996694	"4T1"	[2]
"4.4.1216020125.1"	[3038101, 3899, -3899, -1, 1]	1216020125	186.739069584	"4T1"	[]
"4.4.1216118592.2"	[449748, 0, -2418, 0, 1]	1216118592	186.742849759	"4T1"	[2, 2]
"4.4.1216938325.1"	[496441, 1436, -1438, -1, 1]	1216938325	186.77431063	"4T1"	[2]
"4.4.1217415168.2"	[1188882, 0, -3084, 0, 1]	1217415168	186.792604272	"4T1"	[2, 2]
"4.4.1217480704.1"	[37026, 0, -748, 0, 1]	1217480704	186.795118081	"4T1"	[2, 4]
"4.4.1217480704.2"	[102850, 0, -748, 0, 1]	1217480704	186.795118081	"4T1"	[2, 4]
"4.4.1218816000.1"	[47610, 0, -1380, 0, 1]	1218816000	186.846314837	"4T1"	[2, 4]
"4.4.1218816000.2"	[428490, 0, -1380, 0, 1]	1218816000	186.846314837	"4T1"	[2, 4]
"4.4.1219143569.1"	[178592, -2724, -1368, -1, 1]	1219143569	186.858867777	"4T1"	[2]
"4.4.1219922000.2"	[3049805, 0, -3905, 0, 1]	1219922000	186.888688284	"4T1"	[2, 2, 2]
"4.4.1219957312.2"	[228928, 0, -1022, 0, 1]	1219957312	186.890040695	"4T1"	[2]
"4.4.1222266125.1"	[3053711, 3909, -3909, -1, 1]	1222266125	186.978402037	"4T1"	[2]
"4.4.1223048000.1"	[3057620, 0, -3910, 0, 1]	1223048000	187.008297057	"4T1"	[2, 2]
"4.4.1223739392.1"	[1195058, 0, -3092, 0, 1]	1223739392	187.034720517	"4T1"	[2]
"4.4.1225395125.2"	[3061531, 3914, -3914, -1, 1]	1225395125	187.097953457	"4T1"	[2, 4]
"4.4.1231665125.1"	[3077201, 3924, -3924, -1, 1]	1231665125	187.336827418	"4T1"	[2]
"4.4.1232534093.1"	[-9281, 4633, -549, -1, 1]	1232534093	187.369861286	"4T1"	[]
"4.4.1232850437.2"	[24427, -3614, -1212, -1, 1]	1232850437	187.381882785	"4T1"	[2, 2]
"4.4.1233167913.1"	[1064626, 1, -2131, -1, 1]	1233167913	187.393944975	"4T1"	[2]
"4.4.1234806125.1"	[3085051, 3929, -3929, -1, 1]	1234806125	187.45615025	"4T1"	[2, 2]
"4.4.1235376017.1"	[197, -2079, -402, -1, 1]	1235376017	187.47777536	"4T1"	[2]
"4.4.1235376017.2"	[3416, 1140, -402, -1, 1]	1235376017	187.47777536	"4T1"	[2]
"4.4.1235592000.2"	[3088980, 0, -3930, 0, 1]	1235592000	187.485969092	"4T1"	[2, 2]
"4.4.1236436992.1"	[1207458, 0, -3108, 0, 1]	1236436992	187.518015174	"4T1"	[2, 2]
"4.4.1237951125.2"	[3092911, 3934, -3934, -1, 1]	1237951125	187.575397177	"4T1"	[2, 2]
"4.4.1239110197.1"	[457031, -2440, -2442, -1, 1]	1239110197	187.619287661	"4T1"	[]
"4.4.1241100125.1"	[3100781, 3939, -3939, -1, 1]	1241100125	187.694568343	"4T1"	[2]
"4.4.1242810368.2"	[1213682, 0, -3116, 0, 1]	1242810368	187.759196001	"4T1"	[2, 2]
"4.4.1244522869.1"	[158225, -838, -858, -1, 1]	1244522869	187.823842186	"4T1"	[5]
"4.4.1245042000.1"	[3112605, 0, -3945, 0, 1]	1245042000	187.843425983	"4T1"	[2, 2]
"4.4.1245766976.1"	[26900, 0, -538, 0, 1]	1245766976	187.87076487	"4T1"	[]
"4.4.1248716800.1"	[13050, 0, -580, 0, 1]	1248716800	187.981880008	"4T1"	[2, 2]
"4.4.1248716800.2"	[71050, 0, -580, 0, 1]	1248716800	187.981880008	"4T1"	[2, 2]
"4.4.1249200128.1"	[1219922, 0, -3124, 0, 1]	1249200128	188.000067422	"4T1"	[2]
"4.4.1249449337.1"	[28748, -3583, -909, -1, 1]	1249449337	188.009442983	"4T1"	[2]
"4.4.1250571125.1"	[3124451, 3954, -3954, -1, 1]	1250571125	188.05162872	"4T1"	[]
"4.4.1252344925.1"	[461919, -2453, -2455, -1, 1]	1252344925	188.118276009	"4T1"	[2]
"4.4.1252937825.1"	[1081711, 1, -2148, -1, 1]	1252937825	188.140537354	"4T1"	[2, 2]
"4.4.1253736125.1"	[3132361, 3959, -3959, -1, 1]	1253736125	188.170498282	"4T1"	[]
"4.4.1256740781.1"	[89285, 4939, -1649, -1, 1]	1256740781	188.283137655	"4T1"	[]
"4.4.1256905125.1"	[3140281, 3964, -3964, -1, 1]	1256905125	188.2892928	"4T1"	[2, 2]
"4.4.1257698000.1"	[3144245, 0, -3965, 0, 1]	1257698000	188.318979721	"4T1"	[2, 2, 4]
"4.4.1257728000.1"	[170, 0, -340, 0, 1]	1257728000	188.320102709	"4T1"	[2, 4]
"4.4.1257728000.2"	[8330, 0, -340, 0, 1]	1257728000	188.320102709	"4T1"	[2, 4]
"4.4.1257728000.3"	[20570, 0, -340, 0, 1]	1257728000	188.320102709	"4T1"	[2, 4]
"4.4.1257728000.4"	[28730, 0, -340, 0, 1]	1257728000	188.320102709	"4T1"	[2, 20]
"4.4.1260872000.1"	[3152180, 0, -3970, 0, 1]	1260872000	188.437680634	"4T1"	[2]
"4.4.1262028800.1"	[1232450, 0, -3140, 0, 1]	1262028800	188.480886794	"4T1"	[2, 10]
"4.4.1262118725.2"	[187615, 890, -896, -1, 1]	1262118725	188.484244224	"4T1"	[2, 2]
"4.4.1263916233.2"	[231996, 2085, -1049, -1, 1]	1263916233	188.551318172	"4T1"	[2, 2]
"4.4.1265649957.2"	[466833, -2466, -2468, -1, 1]	1265649957	188.615944276	"4T1"	[2, 2, 2]
"4.4.1266436125.2"	[3164101, 3979, -3979, -1, 1]	1266436125	188.645227509	"4T1"	[2, 2]
"4.4.1267837776.1"	[94221, 0, -1653, 0, 1]	1267837776	188.697402485	"4T1"	[2, 2]
"4.4.1267868432.2"	[1096772, 0, -2159, 0, 1]	1267868432	188.698543139	"4T1"	[2, 2]
"4.4.1268467712.1"	[1238738, 0, -3148, 0, 1]	1268467712	188.720837098	"4T1"	[]
"4.4.1268987200.1"	[469300, 0, -2470, 0, 1]	1268987200	188.740156304	"4T1"	[2, 2]
"4.4.1269621125.1"	[3172061, 3984, -3984, -1, 1]	1269621125	188.763723267	"4T1"	[]
"4.4.1270351872.1"	[738, 0, -492, 0, 1]	1270351872	188.790878762	"4T1"	[2, 4]
"4.4.1270351872.2"	[59778, 0, -492, 0, 1]	1270351872	188.790878762	"4T1"	[2, 4]
"4.4.1270418000.1"	[3176045, 0, -3985, 0, 1]	1270418000	188.793335585	"4T1"	[2]
"4.4.1272810125.1"	[3180031, 3989, -3989, -1, 1]	1272810125	188.882144686	"4T1"	[]
"4.4.1272864953.2"	[1098932, 1, -2165, -1, 1]	1272864953	188.88417874	"4T1"	[2, 2]
"4.4.1273608000.2"	[3184020, 0, -3990, 0, 1]	1273608000	188.911738441	"4T1"	[2, 2, 2]
"4.4.1274762816.2"	[189584, 0, -1394, 0, 1]	1274762816	188.954546778	"4T1"	[2, 2, 2]
"4.4.1274923008.1"	[1245042, 0, -3156, 0, 1]	1274923008	188.960482702	"4T1"	[2]
"4.4.1279025293.1"	[471773, -2479, -2481, -1, 1]	1279025293	189.112302882	"4T1"	[2]
"4.4.1279200125.1"	[3196001, 3999, -3999, -1, 1]	1279200125	189.118765066	"4T1"	[2]
"4.4.1280558493.1"	[522489, 1473, -1475, -1, 1]	1280558493	189.16895085	"4T1"	[2, 10]
"4.4.1281394688.2"	[1251362, 0, -3164, 0, 1]	1281394688	189.199824764	"4T1"	[2, 4]
"4.4.1282401125.1"	[3204001, 4004, -4004, -1, 1]	1282401125	189.236964306	"4T1"	[]
"4.4.1285606125.1"	[3212011, 4009, -4009, -1, 1]	1285606125	189.355089763	"4T1"	[2, 2]
"4.4.1286408000.2"	[3216020, 0, -4010, 0, 1]	1286408000	189.384609615	"4T1"	[4, 8]
"4.4.1287882752.1"	[1257698, 0, -3172, 0, 1]	1287882752	189.438864436	"4T1"	[2, 2]
"4.4.1290496000.1"	[50410, 0, -1420, 0, 1]	1290496000	189.534889188	"4T1"	[4]
"4.4.1290496000.2"	[453690, 0, -1420, 0, 1]	1290496000	189.534889188	"4T1"	[4]
"4.4.1293578249.1"	[189580, -2806, -1409, -1, 1]	1293578249	189.647960289	"4T1"	[2]
"4.4.1294387200.1"	[1264050, 0, -3180, 0, 1]	1294387200	189.67760286	"4T1"	[2, 2]
"4.4.1295245125.2"	[3236101, 4024, -4024, -1, 1]	1295245125	189.709024819	"4T1"	[2, 2, 2]
"4.4.1298466125.1"	[3244151, 4029, -4029, -1, 1]	1298466125	189.826856523	"4T1"	[2]
"4.4.1299272000.2"	[3248180, 0, -4030, 0, 1]	1299272000	189.856303022	"4T1"	[2, 2]
"4.4.1300342784.2"	[187850, 0, -884, 0, 1]	1300342784	189.895408054	"4T1"	[2, 2, 2]
"4.4.1300342784.4"	[7514, 0, -884, 0, 1]	1300342784	189.895408054	"4T1"	[2, 2, 2]
"4.4.1300908032.1"	[1270418, 0, -3188, 0, 1]	1300908032	189.916041173	"4T1"	[2]
"4.4.1301421429.1"	[92533, 5026, -1678, -1, 1]	1301421429	189.93477576	"4T1"	[2, 2]
"4.4.1301691125.2"	[3252211, 4034, -4034, -1, 1]	1301691125	189.94461513	"4T1"	[2, 2]
"4.4.1305986877.2"	[481731, -2505, -2507, -1, 1]	1305986877	190.101132122	"4T1"	[2, 2]
"4.4.1306057181.1"	[34375, -3025, -635, -1, 1]	1306057181	190.103690455	"4T1"	[2, 4]
"4.4.1306057181.2"	[73271, 1837, -635, -1, 1]	1306057181	190.103690455	"4T1"	[2, 4]
"4.4.1307445248.2"	[1276802, 0, -3196, 0, 1]	1307445248	190.154180503	"4T1"	[2, 4]
"4.4.1307489625.1"	[71776, 4489, -1129, -1, 1]	1307489625	190.155794025	"4T1"	[2, 4]
"4.4.1307489625.2"	[304996, 4, -1129, -1, 1]	1307489625	190.155794025	"4T1"	[2, 4]
"4.4.1308962000.2"	[3272405, 0, -4045, 0, 1]	1308962000	190.20930544	"4T1"	[6, 6]
"4.4.1309376848.1"	[484237, 0, -2509, 0, 1]	1309376848	190.22437436	"4T1"	[2]
"4.4.1311390125.1"	[3276451, 4049, -4049, -1, 1]	1311390125	190.297453729	"4T1"	[2, 2]
"4.4.1313190857.1"	[1133782, 1, -2199, -1, 1]	1313190857	190.362746733	"4T1"	[10]
"4.4.1314631125.1"	[3284551, 4054, -4054, -1, 1]	1314631125	190.414921304	"4T1"	[2, 2]
"4.4.1317876125.1"	[3292661, 4059, -4059, -1, 1]	1317876125	190.532316458	"4T1"	[2]
"4.4.1320139673.1"	[-8746, -3771, -411, -1, 1]	1320139673	190.61407709	"4T1"	[]
"4.4.1320568832.2"	[1289618, 0, -3212, 0, 1]	1320568832	190.629566696	"4T1"	[2, 4]
"4.4.1321125125.1"	[3300781, 4064, -4064, -1, 1]	1321125125	190.649639324	"4T1"	[]
"4.4.1321938000.1"	[3304845, 0, -4065, 0, 1]	1321938000	190.678958761	"4T1"	[2, 2]
"4.4.1322980672.1"	[489268, 0, -2522, 0, 1]	1322980672	190.716546914	"4T1"	[2]
"4.4.1323179600.1"	[93125, 0, -745, 0, 1]	1323179600	190.723715712	"4T1"	[2, 4]
"4.4.1325192000.2"	[3312980, 0, -4070, 0, 1]	1325192000	190.796191455	"4T1"	[2, 2]
"4.4.1327155200.3"	[1296050, 0, -3220, 0, 1]	1327155200	190.866815782	"4T1"	[2, 2, 4]
"4.4.1327635125.1"	[3317051, 4074, -4074, -1, 1]	1327635125	190.884068726	"4T1"	[]
"4.4.1328475200.4"	[1149200, 0, -2210, 0, 1]	1328475200	190.914257536	"4T1"	[2, 2, 2, 2]
"4.4.1330896125.1"	[3325201, 4079, -4079, -1, 1]	1330896125	191.001175528	"4T1"	[2]
"4.4.1333229677.1"	[491793, -2531, -2533, -1, 1]	1333229677	191.084844419	"4T1"	[2]
"4.4.1333589633.1"	[1151411, 1, -2216, -1, 1]	1333589633	191.097740767	"4T1"	[2]
"4.4.1333757952.1"	[1302498, 0, -3228, 0, 1]	1333757952	191.103770331	"4T1"	[10]
"4.4.1334191725.2"	[55275, 3405, -701, -1, 1]	1334191725	191.119306424	"4T1"	[2, 2]
"4.4.1334978000.1"	[3337445, 0, -4085, 0, 1]	1334978000	191.147458137	"4T1"	[2, 2]
"4.4.1337430125.1"	[3341531, 4089, -4089, -1, 1]	1337430125	191.235173993	"4T1"	[]
"4.4.1338248000.2"	[3345620, 0, -4090, 0, 1]	1338248000	191.264403672	"4T1"	[2, 2]
"4.4.1339565825.1"	[-9344, 4736, -518, -1, 1]	1339565825	191.311472673	"4T1"	[2, 2, 2]
"4.4.1339565825.2"	[26471, 2851, -518, -1, 1]	1339565825	191.311472673	"4T1"	[2, 2, 2]
"4.4.1340377088.2"	[1308962, 0, -3236, 0, 1]	1340377088	191.340431438	"4T1"	[2, 10]
"4.4.1343614925.1"	[26759, -3773, -1265, -1, 1]	1343614925	191.455878187	"4T1"	[2]
"4.4.1343980125.1"	[3357901, 4099, -4099, -1, 1]	1343980125	191.468886483	"4T1"	[2]
"4.4.1344443625.1"	[57936, -3036, -779, -1, 1]	1344443625	191.485392373	"4T1"	[2, 2, 4]
"4.4.1344443625.2"	[137106, 9, -779, -1, 1]	1344443625	191.485392373	"4T1"	[2, 2, 4]
"4.4.1345799557.1"	[549203, 1510, -1512, -1, 1]	1345799557	191.533654537	"4T1"	[]
"4.4.1346882525.2"	[95839, 5113, -1707, -1, 1]	1346882525	191.572174808	"4T1"	[2, 2]
"4.4.1347012608.1"	[1315442, 0, -3244, 0, 1]	1347012608	191.576800189	"4T1"	[]
"4.4.1348082000.1"	[3370205, 0, -4105, 0, 1]	1348082000	191.614812033	"4T1"	[2, 4]
"4.4.1348991888.1"	[1166948, 0, -2227, 0, 1]	1348991888	191.647136459	"4T1"	[2]
"4.4.1349232625.1"	[-12919, -4351, -414, -1, 1]	1349232625	191.655686079	"4T1"	[2, 4]
"4.4.1349232625.2"	[-12919, 4489, -414, -1, 1]	1349232625	191.655686079	"4T1"	[2, 4]
"4.4.1349232625.3"	[-5184, 3384, -414, -1, 1]	1349232625	191.655686079	"4T1"	[2, 4]
"4.4.1349232625.4"	[3656, -1036, -414, -1, 1]	1349232625	191.655686079	"4T1"	[2, 4]
"4.4.1350546125.1"	[3374311, 4109, -4109, -1, 1]	1350546125	191.702314045	"4T1"	[2]
"4.4.1350851600.1"	[200900, 0, -1435, 0, 1]	1350851600	191.713153234	"4T1"	[2, 2, 2]
"4.4.1351368000.1"	[3378420, 0, -4110, 0, 1]	1351368000	191.731472508	"4T1"	[2, 2]
"4.4.1353664512.1"	[1321938, 0, -3252, 0, 1]	1353664512	191.812877666	"4T1"	[2]
"4.4.1353835125.1"	[3382531, 4114, -4114, -1, 1]	1353835125	191.818921303	"4T1"	[2]
"4.4.1356602125.1"	[5271, 4999, -1009, -1, 1]	1356602125	191.916857276	"4T1"	[4]
"4.4.1356602125.2"	[101151, -2991, -1009, -1, 1]	1356602125	191.916857276	"4T1"	[4]
"4.4.1360251712.1"	[54292, 0, -554, 0, 1]	1360251712	192.045802925	"4T1"	[]
"4.4.1360332800.1"	[1328450, 0, -3260, 0, 1]	1360332800	192.048664944	"4T1"	[2]
"4.4.1360425125.1"	[3399001, 4124, -4124, -1, 1]	1360425125	192.051923419	"4T1"	[5]
"4.4.1360753693.1"	[501959, -2557, -2559, -1, 1]	1360753693	192.063518398	"4T1"	[]
"4.4.1362363088.1"	[559773, 0, -1517, 0, 1]	1362363088	192.120282724	"4T1"	[2, 2]
"4.4.1362774933.1"	[-10787, -4364, -466, -1, 1]	1362774933	192.134800661	"4T1"	[4]
"4.4.1362774933.2"	[24391, -1166, -466, -1, 1]	1362774933	192.134800661	"4T1"	[4]
"4.4.1364213968.1"	[504517, 0, -2561, 0, 1]	1364213968	192.185502226	"4T1"	[2]
"4.4.1364224000.1"	[53290, 0, -1460, 0, 1]	1364224000	192.185855543	"4T1"	[2, 2]
"4.4.1364224000.2"	[479610, 0, -1460, 0, 1]	1364224000	192.185855543	"4T1"	[2, 2]
"4.4.1364552000.2"	[3411380, 0, -4130, 0, 1]	1364552000	192.1974063	"4T1"	[2, 2]
"4.4.1364819984.2"	[172304, 0, -979, 0, 1]	1364819984	192.206842004	"4T1"	[2, 4]
"4.4.1367017472.1"	[1334978, 0, -3268, 0, 1]	1367017472	192.284163089	"4T1"	[2]
"4.4.1367031125.1"	[3415511, 4134, -4134, -1, 1]	1367031125	192.284643193	"4T1"	[]
"4.4.1370218401.1"	[200896, -2888, -1450, -1, 1]	1370218401	192.396624754	"4T1"	[2]
"4.4.1370340125.1"	[3423781, 4139, -4139, -1, 1]	1370340125	192.400897523	"4T1"	[2, 2]
"4.4.1374482000.1"	[3436205, 0, -4145, 0, 1]	1374482000	192.546116728	"4T1"	[2, 2]
"4.4.1374621157.1"	[507081, -2570, -2572, -1, 1]	1374621157	192.550990041	"4T1"	[2, 10]
"4.4.1376970125.1"	[3440351, 4149, -4149, -1, 1]	1376970125	192.633195703	"4T1"	[]
"4.4.1380291125.1"	[3448651, 4154, -4154, -1, 1]	1380291125	192.749239807	"4T1"	[]
"4.4.1380435968.1"	[1348082, 0, -3284, 0, 1]	1380435968	192.754296218	"4T1"	[2]
"4.4.1383616125.2"	[3456961, 4159, -4159, -1, 1]	1383616125	192.865214089	"4T1"	[2, 2]
"4.4.1386945125.1"	[3465281, 4164, -4164, -1, 1]	1386945125	192.981118676	"4T1"	[]
"4.4.1387169792.2"	[1354658, 0, -3292, 0, 1]	1387169792	192.988933306	"4T1"	[]
"4.4.1388558925.2"	[512229, -2583, -2585, -1, 1]	1388558925	193.037230689	"4T1"	[2, 2, 2]
"4.4.1391112000.2"	[3477780, 0, -4170, 0, 1]	1391112000	193.125901589	"4T1"	[2, 2]
"4.4.1393124069.1"	[99203, 5200, -1736, -1, 1]	1393124069	193.195696842	"4T1"	[]
"4.4.1395729257.1"	[1205114, 1, -2267, -1, 1]	1395729257	193.285954155	"4T1"	[2, 2]
"4.4.1396956125.1"	[3490301, 4179, -4179, -1, 1]	1396956125	193.328415511	"4T1"	[]
"4.4.1397031373.1"	[25637, -3719, -765, -1, 1]	1397031373	193.3310189	"4T1"	[]
"4.4.1400301125.1"	[3498661, 4184, -4184, -1, 1]	1400301125	193.444042564	"4T1"	[]
"4.4.1400461200.2"	[262800, 0, -1095, 0, 1]	1400461200	193.449570701	"4T1"	[2, 2, 2]
"4.4.1400686592.1"	[1367858, 0, -3308, 0, 1]	1400686592	193.457353736	"4T1"	[5]
"4.4.1402566997.1"	[517403, -2596, -2598, -1, 1]	1402566997	193.522249621	"4T1"	[2, 2]
"4.4.1403650125.1"	[3507031, 4189, -4189, -1, 1]	1403650125	193.559600545	"4T1"	[2]
"4.4.1404488000.2"	[3511220, 0, -4190, 0, 1]	1404488000	193.588479262	"4T1"	[2]
"4.4.1407469568.1"	[1374482, 0, -3316, 0, 1]	1407469568	193.691139143	"4T1"	[2]
"4.4.1409938000.1"	[445, 0, -445, 0, 1]	1409938000	193.776007636	"4T1"	[2, 2, 8]
"4.4.1409938000.2"	[36045, 0, -445, 0, 1]	1409938000	193.776007636	"4T1"	[2, 4, 4]
"4.4.1410360125.1"	[3523801, 4199, -4199, -1, 1]	1410360125	193.790509783	"4T1"	[]
"4.4.1411485248.3"	[1221008, 0, -2278, 0, 1]	1411485248	193.829147603	"4T1"	[2, 10]
"4.4.1412661517.1"	[576583, 1547, -1549, -1, 1]	1412661517	193.869517136	"4T1"	[]
"4.4.1413721125.2"	[3532201, 4204, -4204, -1, 1]	1413721125	193.905861288	"4T1"	[2, 2, 2]
"4.4.1414268928.1"	[1381122, 0, -3324, 0, 1]	1414268928	193.924642711	"4T1"	[2]
"4.4.1416588421.1"	[208737, 3618, -1212, -1, 1]	1416588421	194.004106112	"4T1"	[]
"4.4.1416645373.1"	[522603, -2609, -2611, -1, 1]	1416645373	194.006056	"4T1"	[2]
"4.4.1416756897.1"	[1223287, 1, -2284, -1, 1]	1416756897	194.009874121	"4T1"	[2]
"4.4.1417086125.1"	[3540611, 4209, -4209, -1, 1]	1417086125	194.021144212	"4T1"	[2, 2]
"4.4.1417928000.2"	[3544820, 0, -4210, 0, 1]	1417928000	194.049954241	"4T1"	[2, 2]
"4.4.1420034624.1"	[71936, 0, -562, 0, 1]	1420034624	194.121989411	"4T1"	[2]
"4.4.1420175952.1"	[525213, 0, -2613, 0, 1]	1420175952	194.126819196	"4T1"	[2, 2]
"4.4.1420455125.1"	[3549031, 4214, -4214, -1, 1]	1420455125	194.136358678	"4T1"	[]
"4.4.1425063789.1"	[-6063, 4497, -473, -1, 1]	1425063789	194.293636213	"4T1"	[]
"4.4.1427205125.1"	[3565901, 4224, -4224, -1, 1]	1427205125	194.366582724	"4T1"	[2, 2]
"4.4.1427916800.1"	[1394450, 0, -3340, 0, 1]	1427916800	194.39080839	"4T1"	[2]
"4.4.1429630272.5"	[587412, 0, -1554, 0, 1]	1429630272	194.449098451	"4T1"	[2, 2, 2]
"4.4.1430586125.1"	[3574351, 4229, -4229, -1, 1]	1430586125	194.481592546	"4T1"	[2]
"4.4.1430794053.1"	[527829, -2622, -2624, -1, 1]	1430794053	194.488658875	"4T1"	[2, 2]
"4.4.1433971125.1"	[3582811, 4234, -4234, -1, 1]	1433971125	194.596534396	"4T1"	[2, 2]
"4.4.1434342208.2"	[530452, 0, -2626, 0, 1]	1434342208	194.609122596	"4T1"	[2, 2]
"4.4.1437360125.1"	[3591281, 4239, -4239, -1, 1]	1437360125	194.711408393	"4T1"	[]
"4.4.1437941753.1"	[1241596, 1, -2301, -1, 1]	1437941753	194.731102906	"4T1"	[2]
"4.4.1439069689.1"	[-8860, 4022, -423, -1, 1]	1439069689	194.769278938	"4T1"	[9]
"4.4.1441602000.1"	[3604005, 0, -4245, 0, 1]	1441602000	194.854905655	"4T1"	[2, 2]
"4.4.1441630208.2"	[1407842, 0, -3356, 0, 1]	1441630208	194.855858836	"4T1"	[5]
"4.4.1443776512.1"	[1602, 0, -356, 0, 1]	1443776512	194.928343898	"4T1"	[4]
"4.4.1443776512.2"	[30082, 0, -356, 0, 1]	1443776512	194.928343898	"4T1"	[4]
"4.4.1444150125.1"	[3608251, 4249, -4249, -1, 1]	1444150125	194.940953311	"4T1"	[2, 2]
"4.4.1445013037.1"	[533081, -2635, -2637, -1, 1]	1445013037	194.970067183	"4T1"	[]
"4.4.1447532257.1"	[266087, 2231, -1122, -1, 1]	1447532257	195.054988857	"4T1"	[2]
"4.4.1447551125.1"	[3616751, 4254, -4254, -1, 1]	1447551125	195.055624469	"4T1"	[2, 2]
"4.4.1449064025.1"	[212540, -2970, -1491, -1, 1]	1449064025	195.106569832	"4T1"	[2, 2]
"4.4.1450956125.1"	[3625261, 4259, -4259, -1, 1]	1450956125	195.170228254	"4T1"	[]
"4.4.1452023504.1"	[107909, 0, -1769, 0, 1]	1452023504	195.206112034	"4T1"	[2]
"4.4.1453087669.1"	[-5937, -4394, -658, -1, 1]	1453087669	195.241868074	"4T1"	[3]
"4.4.1455218000.1"	[3638045, 0, -4265, 0, 1]	1455218000	195.31338842	"4T1"	[2]
"4.4.1455409152.2"	[1421298, 0, -3372, 0, 1]	1455409152	195.319802013	"4T1"	[2, 4]
"4.4.1458632000.2"	[3646580, 0, -4270, 0, 1]	1458632000	195.427841045	"4T1"	[2, 2, 4]
"4.4.1459283825.1"	[1260041, 1, -2318, -1, 1]	1459283825	195.449670302	"4T1"	[2, 2]
"4.4.1459302325.1"	[538359, -2648, -2650, -1, 1]	1459302325	195.45028975	"4T1"	[2]
"4.4.1460276800.1"	[38800, 0, -970, 0, 1]	1460276800	195.482910432	"4T1"	[2, 2]
"4.4.1461195125.1"	[3650851, 4274, -4274, -1, 1]	1461195125	195.513636546	"4T1"	[2]
"4.4.1463476625.1"	[80681, 4749, -1194, -1, 1]	1463476625	195.589910312	"4T1"	[2, 4]
"4.4.1463476625.2"	[341656, 4, -1194, -1, 1]	1463476625	195.589910312	"4T1"	[2, 4]
"4.4.1464616125.1"	[3659401, 4279, -4279, -1, 1]	1464616125	195.627972016	"4T1"	[2, 2]
"4.4.1468041125.1"	[3667961, 4284, -4284, -1, 1]	1468041125	195.742240701	"4T1"	[2, 4]
"4.4.1468898000.1"	[3672245, 0, -4285, 0, 1]	1468898000	195.77079745	"4T1"	[2]
"4.4.1471470125.1"	[3676531, 4289, -4289, -1, 1]	1471470125	195.856442718	"4T1"	[2]
"4.4.1472328000.2"	[3680820, 0, -4290, 0, 1]	1472328000	195.884982819	"4T1"	[2, 2, 2]
"4.4.1476200448.1"	[1441602, 0, -3396, 0, 1]	1476200448	196.013657847	"4T1"	[2]
"4.4.1477262800.1"	[546325, 0, -2665, 0, 1]	1477262800	196.048913785	"4T1"	[2, 2]
"4.4.1478340125.2"	[3693701, 4299, -4299, -1, 1]	1478340125	196.084647214	"4T1"	[2, 2]
"4.4.1481099328.1"	[19728, 0, -822, 0, 1]	1481099328	196.176077304	"4T1"	[2]
"4.4.1481781125.1"	[3702301, 4304, -4304, -1, 1]	1481781125	196.198649926	"4T1"	[2]
"4.4.1482642000.1"	[3706605, 0, -4305, 0, 1]	1482642000	196.227140255	"4T1"	[2, 2, 2, 2]
"4.4.1483163648.1"	[1448402, 0, -3404, 0, 1]	1483163648	196.24439796	"4T1"	[2]
"4.4.1486088000.2"	[3715220, 0, -4310, 0, 1]	1486088000	196.34106023	"4T1"	[2]
"4.4.1487948501.1"	[106105, 5374, -1794, -1, 1]	1487948501	196.402483471	"4T1"	[2, 4]
"4.4.1488091813.1"	[548993, -2674, -2676, -1, 1]	1488091813	196.407212434	"4T1"	[]
"4.4.1488675125.2"	[3719531, 4314, -4314, -1, 1]	1488675125	196.426456853	"4T1"	[2, 4, 4]
"4.4.1490143232.1"	[1455218, 0, -3412, 0, 1]	1490143232	196.474867091	"4T1"	[2]
"4.4.1491710272.2"	[551668, 0, -2678, 0, 1]	1491710272	196.526500154	"4T1"	[2]
"4.4.1495585125.1"	[3736801, 4324, -4324, -1, 1]	1495585125	196.653999885	"4T1"	[2]
"4.4.1497010752.1"	[1294992, 0, -2346, 0, 1]	1497010752	196.70084695	"4T1"	[2, 2, 4]
"4.4.1499046125.1"	[3745451, 4329, -4329, -1, 1]	1499046125	196.767672727	"4T1"	[]
"4.4.1499912000.1"	[3749780, 0, -4330, 0, 1]	1499912000	196.796080678	"4T1"	[2]
"4.4.1500021056.1"	[111476, 0, -1798, 0, 1]	1500021056	196.799657756	"4T1"	[2]
"4.4.1501123625.1"	[-2044, 2934, -429, -1, 1]	1501123625	196.835811485	"4T1"	[4]
"4.4.1501123625.2"	[2536, 1789, -429, -1, 1]	1501123625	196.835811485	"4T1"	[4]
"4.4.1502439617.1"	[1297339, 1, -2352, -1, 1]	1502439617	196.878937386	"4T1"	[10]
"4.4.1502511125.1"	[3754111, 4334, -4334, -1, 1]	1502511125	196.881279938	"4T1"	[]
"4.4.1502592013.1"	[554349, -2687, -2689, -1, 1]	1502592013	196.883929671	"4T1"	[]
"4.4.1504151552.2"	[1468898, 0, -3428, 0, 1]	1504151552	196.934996216	"4T1"	[2, 2]
"4.4.1505980125.2"	[3762781, 4339, -4339, -1, 1]	1505980125	196.994821631	"4T1"	[2, 2, 10]
"4.4.1510322000.2"	[3775805, 0, -4345, 0, 1]	1510322000	197.136656786	"4T1"	[2, 2, 2]
"4.4.1511180288.1"	[1475762, 0, -3436, 0, 1]	1511180288	197.164658097	"4T1"	[]
"4.4.1517162517.2"	[559731, -2700, -2702, -1, 1]	1517162517	197.359495411	"4T1"	[2, 2]
"4.4.1517824000.1"	[59290, 0, -1540, 0, 1]	1517824000	197.381004084	"4T1"	[2, 4]
"4.4.1517824000.2"	[533610, 0, -1540, 0, 1]	1517824000	197.381004084	"4T1"	[2, 4]
"4.4.1518225408.2"	[1482642, 0, -3444, 0, 1]	1518225408	197.394052774	"4T1"	[2, 2, 2]
"4.4.1518785168.1"	[1313828, 0, -2363, 0, 1]	1518785168	197.41224474	"4T1"	[10]
"4.4.1519896125.1"	[3797561, 4359, -4359, -1, 1]	1519896125	197.44833549	"4T1"	[2]
"4.4.1523385125.1"	[3806281, 4364, -4364, -1, 1]	1523385125	197.561551288	"4T1"	[]
"4.4.1524253337.1"	[1316192, 1, -2369, -1, 1]	1524253337	197.589693985	"4T1"	[2]
"4.4.1525286912.2"	[1489538, 0, -3452, 0, 1]	1525286912	197.623181177	"4T1"	[]
"4.4.1527752000.2"	[3819380, 0, -4370, 0, 1]	1527752000	197.702979863	"4T1"	[2, 10]
"4.4.1530115121.1"	[224512, -3052, -1532, -1, 1]	1530115121	197.779387112	"4T1"	[2]
"4.4.1530375125.1"	[3823751, 4374, -4374, -1, 1]	1530375125	197.787788466	"4T1"	[]
"4.4.1531803325.1"	[565139, -2713, -2715, -1, 1]	1531803325	197.833917959	"4T1"	[2]
"4.4.1532364800.1"	[1496450, 0, -3460, 0, 1]	1532364800	197.852044231	"4T1"	[2, 2]
"4.4.1532808577.1"	[-13264, -4540, -432, -1, 1]	1532808577	197.866367298	"4T1"	[]
"4.4.1533876125.1"	[3832501, 4379, -4379, -1, 1]	1533876125	197.900810069	"4T1"	[2]
"4.4.1534203313.1"	[35829, -3971, -1006, -1, 1]	1534203313	197.91136268	"4T1"	[2]
"4.4.1535474512.1"	[567853, 0, -2717, 0, 1]	1535474512	197.952345936	"4T1"	[2, 2]
"4.4.1536531389.1"	[109643, 5461, -1823, -1, 1]	1536531389	197.986400117	"4T1"	[]
"4.4.1537381125.1"	[3841261, 4384, -4384, -1, 1]	1537381125	198.013767161	"4T1"	[2, 2]
"4.4.1538258000.1"	[3845645, 0, -4385, 0, 1]	1538258000	198.041996368	"4T1"	[10]
"4.4.1540890125.1"	[3850031, 4389, -4389, -1, 1]	1540890125	198.126659854	"4T1"	[]
"4.4.1541768000.2"	[3854420, 0, -4390, 0, 1]	1541768000	198.154872978	"4T1"	[2]
"4.4.1546514437.1"	[570573, -2726, -2728, -1, 1]	1546514437	198.307205521	"4T1"	[]
"4.4.1546569728.1"	[1510322, 0, -3476, 0, 1]	1546569728	198.308977967	"4T1"	[2]
"4.4.1547957200.1"	[35325, 0, -785, 0, 1]	1547957200	198.353440178	"4T1"	[2]
"4.4.1550203200.2"	[573300, 0, -2730, 0, 1]	1550203200	198.425351022	"4T1"	[2, 2, 2]
"4.4.1551441125.1"	[3876401, 4404, -4404, -1, 1]	1551441125	198.464952633	"4T1"	[2]
"4.4.1552322000.1"	[3880805, 0, -4405, 0, 1]	1552322000	198.493117673	"4T1"	[2, 2]
"4.4.1553696768.1"	[1517282, 0, -3484, 0, 1]	1553696768	198.537050473	"4T1"	[2]
"4.4.1554966125.1"	[3885211, 4409, -4409, -1, 1]	1554966125	198.577588824	"4T1"	[]
"4.4.1555278237.1"	[2983, -3725, -487, -1, 1]	1555278237	198.587552672	"4T1"	[]
"4.4.1558495125.1"	[3894031, 4414, -4414, -1, 1]	1558495125	198.690161162	"4T1"	[2, 2]
"4.4.1560895637.1"	[37697, -2754, -594, -1, 1]	1560895637	198.766626411	"4T1"	[]
"4.4.1561295853.1"	[576033, -2739, -2741, -1, 1]	1561295853	198.779366202	"4T1"	[2]
"4.4.1563672109.1"	[230697, 3801, -1273, -1, 1]	1563672109	198.854957467	"4T1"	[]
"4.4.1565565125.1"	[3911701, 4424, -4424, -1, 1]	1565565125	198.915114714	"4T1"	[]
"4.4.1567087821.2"	[233671, 991, -997, -1, 1]	1567087821	198.963464163	"4T1"	[2, 2]
"4.4.1567554896.1"	[11525, 0, -461, 0, 1]	1567554896	198.978287913	"4T1"	[]
"4.4.1568352425.1"	[1354306, 1, -2403, -1, 1]	1568352425	199.003591762	"4T1"	[2, 2]
"4.4.1569106125.1"	[3920551, 4429, -4429, -1, 1]	1569106125	199.027496144	"4T1"	[2, 2]
"4.4.1569992000.1"	[3924980, 0, -4430, 0, 1]	1569992000	199.055581588	"4T1"	[2]
"4.4.1571314833.1"	[115648, 3736, -946, -1, 1]	1571314833	199.097498065	"4T1"	[2]
"4.4.1572651125.1"	[3929411, 4434, -4434, -1, 1]	1572651125	199.139814153	"4T1"	[]
"4.4.1575176192.1"	[1538258, 0, -3508, 0, 1]	1575176192	199.219701371	"4T1"	[2]
"4.4.1576200125.1"	[3938281, 4439, -4439, -1, 1]	1576200125	199.252068849	"4T1"	[2]
"4.4.1579436093.1"	[31741, -4091, -1371, -1, 1]	1579436093	199.354257255	"4T1"	[5]
"4.4.1580642000.1"	[3951605, 0, -4445, 0, 1]	1580642000	199.392298347	"4T1"	[2, 2]
"4.4.1582368768.1"	[1545282, 0, -3516, 0, 1]	1582368768	199.446732444	"4T1"	[10]
"4.4.1583310125.1"	[3956051, 4449, -4449, -1, 1]	1583310125	199.476388727	"4T1"	[]
"4.4.1585051712.2"	[1371152, 0, -2414, 0, 1]	1585051712	199.531220417	"4T1"	[2]
"4.4.1585894725.2"	[113239, 5548, -1852, -1, 1]	1585894725	199.557745399	"4T1"	[2, 2, 2]
"4.4.1586234000.1"	[93860, 0, -1235, 0, 1]	1586234000	199.568417533	"4T1"	[2, 4]
"4.4.1586234000.2"	[375440, 0, -1235, 0, 1]	1586234000	199.568417533	"4T1"	[2, 4]
"4.4.1586410525.1"	[202479, -947, -967, -1, 1]	1586410525	199.573969574	"4T1"	[2, 2]
"4.4.1586871125.2"	[3964951, 4454, -4454, -1, 1]	1586871125	199.588454123	"4T1"	[2, 2]
"4.4.1589577728.2"	[1552322, 0, -3524, 0, 1]	1589577728	199.673505379	"4T1"	[4, 4]
"4.4.1590436125.2"	[3973861, 4459, -4459, -1, 1]	1590436125	199.700456631	"4T1"	[2, 2, 2, 2]
"4.4.1590637793.2"	[1373567, 1, -2420, -1, 1]	1590637793	199.706786857	"4T1"	[2, 2]
"4.4.1591069597.1"	[587031, -2765, -2767, -1, 1]	1591069597	199.720338875	"4T1"	[2]
"4.4.1592350784.1"	[236816, 0, -1558, 0, 1]	1592350784	199.760532257	"4T1"	[2]
"4.4.1594005125.1"	[3982781, 4464, -4464, -1, 1]	1594005125	199.812396358	"4T1"	[]
"4.4.1594811088.1"	[589797, 0, -2769, 0, 1]	1594811088	199.837648923	"4T1"	[2, 2]
"4.4.1594898000.1"	[3987245, 0, -4465, 0, 1]	1594898000	199.840371492	"4T1"	[2, 2]
"4.4.1596803072.1"	[1559378, 0, -3532, 0, 1]	1596803072	199.900021057	"4T1"	[]
"4.4.1597696000.1"	[62410, 0, -1580, 0, 1]	1597696000	199.927961087	"4T1"	[20]
"4.4.1597696000.2"	[561690, 0, -1580, 0, 1]	1597696000	199.927961087	"4T1"	[4]
"4.4.1598472000.2"	[3996180, 0, -4470, 0, 1]	1598472000	199.95223289	"4T1"	[2, 2, 2]
"4.4.1607454992.1"	[1390532, 0, -2431, 0, 1]	1607454992	200.232562545	"4T1"	[2, 2, 2]
"4.4.1609840448.1"	[1172, 0, -586, 0, 1]	1609840448	200.306807297	"4T1"	[]
"4.4.1610253632.2"	[35828, 0, -1378, 0, 1]	1610253632	200.31965882	"4T1"	[2, 2]
"4.4.1611302912.2"	[1573538, 0, -3548, 0, 1]	1611302912	200.352284126	"4T1"	[]
"4.4.1612030025.1"	[50750, 25, -551, -1, 1]	1612030025	200.374882934	"4T1"	[4, 20]
"4.4.1619100125.1"	[4045501, 4499, -4499, -1, 1]	1619100125	200.594225378	"4T1"	[2, 2]
"4.4.1622972773.1"	[662719, 1658, -1660, -1, 1]	1622972773	200.71406587	"4T1"	[]
"4.4.1624303616.1"	[9386, 0, -988, 0, 1]	1624303616	200.755199772	"4T1"	[4]
"4.4.1624303616.2"	[234650, 0, -988, 0, 1]	1624303616	200.755199772	"4T1"	[4]
"4.4.1628251625.2"	[90106, 5009, -1259, -1, 1]	1628251625	200.877076916	"4T1"	[2, 4]
"4.4.1628251625.3"	[380396, 4, -1259, -1, 1]	1628251625	200.877076916	"4T1"	[2, 4]
"4.4.1633175552.2"	[1594898, 0, -3572, 0, 1]	1633175552	201.028770972	"4T1"	[2]
"4.4.1636038509.1"	[116893, 5635, -1881, -1, 1]	1636038509	201.116813982	"4T1"	[2]
"4.4.1643596825.1"	[302514, 2377, -1195, -1, 1]	1643596825	201.34869697	"4T1"	[2, 34]
"4.4.1647839232.2"	[1609218, 0, -3588, 0, 1]	1647839232	201.478500328	"4T1"	[2, 2]
"4.4.1648481600.1"	[252500, 0, -1010, 0, 1]	1648481600	201.498132769	"4T1"	[2, 2]
"4.4.1648696400.1"	[122525, 0, -1885, 0, 1]	1648696400	201.504696337	"4T1"	[2, 2, 2, 2]
"4.4.1655195648.2"	[1616402, 0, -3596, 0, 1]	1655195648	201.702988977	"4T1"	[2]
"4.4.1658437193.1"	[1432166, 1, -2471, -1, 1]	1658437193	201.801670618	"4T1"	[2]
"4.4.1660594000.1"	[14365, 0, -1105, 0, 1]	1660594000	201.867249699	"4T1"	[2, 4]
"4.4.1660594000.2"	[129285, 0, -1105, 0, 1]	1660594000	201.867249699	"4T1"	[2, 4]
"4.4.1662568448.2"	[1623602, 0, -3604, 0, 1]	1662568448	201.927228056	"4T1"	[2, 2]
"4.4.1675608128.1"	[1449488, 0, -2482, 0, 1]	1675608128	202.32200239	"4T1"	[2, 2]
"4.4.1684785152.1"	[1645298, 0, -3628, 0, 1]	1684785152	202.59845615	"4T1"	[]
"4.4.1686962741.1"	[120605, 5722, -1910, -1, 1]	1686962741	202.663889196	"4T1"	[]
"4.4.1696318317.1"	[692763, 1695, -1697, -1, 1]	1696318317	202.944290614	"4T1"	[2]
"4.4.1697936057.1"	[2866, -1715, -447, -1, 1]	1697936057	202.992659152	"4T1"	[]
"4.4.1698833729.1"	[249440, -3216, -1614, -1, 1]	1698833729	203.019483588	"4T1"	[10]
"4.4.1699678208.2"	[1659842, 0, -3644, 0, 1]	1699678208	203.044708797	"4T1"	[]
"4.4.1699815744.1"	[126324, 0, -1914, 0, 1]	1699815744	203.048816208	"4T1"	[2, 2]
"4.4.1700448256.1"	[51714, 0, -884, 0, 1]	1700448256	203.067702504	"4T1"	[2, 4]
"4.4.1700448256.2"	[143650, 0, -884, 0, 1]	1700448256	203.067702504	"4T1"	[2, 4]
"4.4.1704422873.1"	[1471912, 1, -2505, -1, 1]	1704422873	203.186260927	"4T1"	[2]
"4.4.1704492773.1"	[34391, -4250, -1424, -1, 1]	1704492773	203.18834411	"4T1"	[]
"4.4.1707149312.1"	[1667138, 0, -3652, 0, 1]	1707149312	203.267467732	"4T1"	[2]
"4.4.1710448225.1"	[51264, 1048, -562, -1, 1]	1710448225	203.365595692	"4T1"	[2]
"4.4.1714907968.1"	[704628, 0, -1702, 0, 1]	1714907968	203.49802777	"4T1"	[2]
"4.4.1718019189.1"	[253755, 3984, -1334, -1, 1]	1718019189	203.590262611	"4T1"	[10]
"4.4.1720208925.1"	[126661, 751, -763, -1, 1]	1720208925	203.655104146	"4T1"	[2]
"4.4.1729660928.2"	[1689122, 0, -3676, 0, 1]	1729660928	203.934284617	"4T1"	[]
"4.4.1732323601.1"	[-5184, -3528, -450, -1, 1]	1732323601	204.012724431	"4T1"	[]
"4.4.1738667421.1"	[124375, 5809, -1939, -1, 1]	1738667421	204.199243636	"4T1"	[2]
"4.4.1744750592.2"	[1703858, 0, -3692, 0, 1]	1744750592	204.377620542	"4T1"	[2]
"4.4.1749905021.1"	[115961, -2561, -875, -1, 1]	1749905021	204.528399239	"4T1"	[]
"4.4.1756008000.2"	[83520, 0, -870, 0, 1]	1756008000	204.706495095	"4T1"	[2, 2, 2, 4]
"4.4.1756008000.4"	[187920, 0, -870, 0, 1]	1756008000	204.706495095	"4T1"	[2, 2, 2, 4]
"4.4.1757740864.1"	[265716, 0, -1342, 0, 1]	1757740864	204.756978539	"4T1"	[2]
"4.4.1763584000.1"	[68890, 0, -1660, 0, 1]	1763584000	204.926931678	"4T1"	[20]
"4.4.1763584000.2"	[620010, 0, -1660, 0, 1]	1763584000	204.926931678	"4T1"	[20]
"4.4.1766934928.2"	[46948, 0, -1067, 0, 1]	1766934928	205.024206127	"4T1"	[2, 2]
"4.4.1767507968.2"	[1726082, 0, -3716, 0, 1]	1767507968	205.040827111	"4T1"	[2]
"4.4.1770021125.1"	[4422701, 4704, -4704, -1, 1]	1770021125	205.113673354	"4T1"	[2]
"4.4.1771284757.1"	[723473, 1732, -1734, -1, 1]	1771284757	205.150271623	"4T1"	[2]
"4.4.1775617597.1"	[655203, -2921, -2923, -1, 1]	1775617597	205.27561413	"4T1"	[2, 2]
"4.4.1786501241.1"	[262396, -3298, -1655, -1, 1]	1786501241	205.589452772	"4T1"	[2]
"4.4.1790412800.2"	[1748450, 0, -3740, 0, 1]	1790412800	205.701895437	"4T1"	[2, 2, 4]
"4.4.1791152549.1"	[128203, 5896, -1968, -1, 1]	1791152549	205.723139727	"4T1"	[]
"4.4.1798080512.2"	[1755938, 0, -3748, 0, 1]	1798080512	205.921779941	"4T1"	[2]
"4.4.1802485313.1"	[-13696, 4944, -456, -1, 1]	1802485313	206.047777135	"4T1"	[]
"4.4.1813465088.1"	[1770962, 0, -3764, 0, 1]	1813465088	206.360846069	"4T1"	[3, 6]
"4.4.1815848000.1"	[4880, 0, -610, 0, 1]	1815848000	206.428602765	"4T1"	[2, 2, 2]
"4.4.1815848000.2"	[78080, 0, -610, 0, 1]	1815848000	206.428602765	"4T1"	[2, 2, 2]
"4.4.1821181952.5"	[1778498, 0, -3772, 0, 1]	1821181952	206.580029185	"4T1"	[2, 2]
"4.4.1821504528.1"	[33552, 0, -699, 0, 1]	1821504528	206.589176175	"4T1"	[2]
"4.4.1822138353.1"	[1573657, 1, -2590, -1, 1]	1822138353	206.607145428	"4T1"	[2, 2]
"4.4.1825346000.1"	[23765, 0, -485, 0, 1]	1825346000	206.698011985	"4T1"	[4]
"4.4.1825346000.2"	[58685, 0, -485, 0, 1]	1825346000	206.698011985	"4T1"	[4]
"4.4.1829839625.1"	[5636, -4706, -809, -1, 1]	1829839625	206.825106672	"4T1"	[2, 4]
"4.4.1829839625.2"	[43376, 4729, -809, -1, 1]	1829839625	206.825106672	"4T1"	[2, 4]
"4.4.1830741125.2"	[4574461, 4784, -4784, -1, 1]	1830741125	206.850575898	"4T1"	[2, 2]
"4.4.1834313517.1"	[37147, -4409, -1477, -1, 1]	1834313517	206.951410912	"4T1"	[2, 2]
"4.4.1836664832.1"	[1793618, 0, -3788, 0, 1]	1836664832	207.017699229	"4T1"	[]
"4.4.1844430848.2"	[1801202, 0, -3796, 0, 1]	1844430848	207.236187627	"4T1"	[2, 2]
"4.4.1847872093.1"	[754849, 1769, -1771, -1, 1]	1847872093	207.332782747	"4T1"	[]
"4.4.1852109937.2"	[341277, 2523, -1268, -1, 1]	1852109937	207.451553056	"4T1"	[2, 2]
"4.4.1857856464.1"	[138069, 0, -2001, 0, 1]	1857856464	207.612280745	"4T1"	[2, 10]
"4.4.1859540800.2"	[687700, 0, -2990, 0, 1]	1859540800	207.659320173	"4T1"	[2, 2]
"4.4.1860012032.2"	[1816418, 0, -3812, 0, 1]	1860012032	207.672474821	"4T1"	[2, 10]
"4.4.1864267328.1"	[1612688, 0, -2618, 0, 1]	1864267328	207.791150224	"4T1"	[2, 2, 4]
"4.4.1869154304.1"	[4850, 0, -388, 0, 1]	1869154304	207.927192095	"4T1"	[4]
"4.4.1869154304.2"	[32786, 0, -388, 0, 1]	1869154304	207.927192095	"4T1"	[4]
"4.4.1869155837.1"	[-6253, 5763, -843, -1, 1]	1869155837	207.927234728	"4T1"	[]
"4.4.1875658752.3"	[1831698, 0, -3828, 0, 1]	1875658752	208.107847363	"4T1"	[2, 10]
"4.4.1879629661.2"	[277911, 4167, -1395, -1, 1]	1879629661	208.217904972	"4T1"	[2, 2]
"4.4.1905026549.1"	[284777, 1092, -1098, -1, 1]	1905026549	208.917710648	"4T1"	[]
"4.4.1905378624.1"	[134100, 0, -894, 0, 1]	1905378624	208.927362693	"4T1"	[10]
"4.4.1911240521.1"	[-19124, 5662, -465, -1, 1]	1911240521	209.087868886	"4T1"	[20]
"4.4.1911240521.2"	[-9196, -4266, -465, -1, 1]	1911240521	209.087868886	"4T1"	[4]
"4.4.1912097600.5"	[142100, 0, -2030, 0, 1]	1912097600	209.111305849	"4T1"	[2, 2, 2]
"4.4.1915062272.2"	[1870178, 0, -3868, 0, 1]	1915062272	209.192314567	"4T1"	[]
"4.4.1917170512.1"	[39933, 0, -493, 0, 1]	1917170512	209.249864348	"4T1"	[4]
"4.4.1917170512.2"	[59653, 0, -493, 0, 1]	1917170512	209.249864348	"4T1"	[4]
"4.4.1920672325.1"	[708789, -3038, -3040, -1, 1]	1920672325	209.345350446	"4T1"	[2, 2, 2]
"4.4.1922992128.2"	[1877922, 0, -3876, 0, 1]	1922992128	209.408534072	"4T1"	[2, 2, 2]
"4.4.1925896000.1"	[16660, 0, -1190, 0, 1]	1925896000	209.487545254	"4T1"	[2, 4]
"4.4.1925896000.2"	[149940, 0, -1190, 0, 1]	1925896000	209.487545254	"4T1"	[2, 4]
"4.4.1927666125.1"	[4816711, 4909, -4909, -1, 1]	1927666125	209.535664597	"4T1"	[2, 2, 2]
"4.4.1930938368.1"	[1885682, 0, -3884, 0, 1]	1930938368	209.624530554	"4T1"	[]
"4.4.1937664000.1"	[75690, 0, -1740, 0, 1]	1937664000	209.806827891	"4T1"	[2, 4]
"4.4.1937664000.2"	[681210, 0, -1740, 0, 1]	1937664000	209.806827891	"4T1"	[2, 4]
"4.4.1944392000.2"	[4860980, 0, -4930, 0, 1]	1944392000	209.988715212	"4T1"	[2, 2, 2]
"4.4.1948441249.1"	[1088, 2576, -468, -1, 1]	1948441249	210.097956733	"4T1"	[]
"4.4.1953290621.1"	[140035, 6157, -2055, -1, 1]	1953290621	210.228560315	"4T1"	[]
"4.4.1953680053.1"	[720983, -3064, -3066, -1, 1]	1953680053	210.239037968	"4T1"	[2]
"4.4.1954875392.2"	[1909058, 0, -3908, 0, 1]	1954875392	210.27118874	"4T1"	[2]
"4.4.1962370112.2"	[1697552, 0, -2686, 0, 1]	1962370112	210.472437249	"4T1"	[2]
"4.4.1962515008.2"	[45072, 0, -626, 0, 1]	1962515008	210.476322318	"4T1"	[2, 2]
"4.4.1962887168.2"	[1916882, 0, -3916, 0, 1]	1962887168	210.486299987	"4T1"	[2, 2]
"4.4.1968898325.1"	[40009, -4568, -1530, -1, 1]	1968898325	210.647263868	"4T1"	[2]
"4.4.1969739109.1"	[252183, -1056, -1076, -1, 1]	1969739109	210.669748586	"4T1"	[2]
"4.4.1975325993.1"	[146384, 4188, -1059, -1, 1]	1975325993	210.818973632	"4T1"	[2]
"4.4.1978959872.2"	[1932578, 0, -3932, 0, 1]	1978959872	210.915864311	"4T1"	[]
"4.4.1980257921.1"	[244135, -2353, -1190, -1, 1]	1980257921	210.950442047	"4T1"	[2]
"4.4.1984260096.1"	[11466, 0, -1092, 0, 1]	1984260096	211.056946038	"4T1"	[2, 4]
"4.4.1984260096.2"	[286650, 0, -1092, 0, 1]	1984260096	211.056946038	"4T1"	[2, 20]
"4.4.1991149888.2"	[736372, 0, -3094, 0, 1]	1991149888	211.239917121	"4T1"	[2, 2, 4]
"4.4.2003191808.2"	[1956242, 0, -3956, 0, 1]	2003191808	211.558575392	"4T1"	[2]
"4.4.2003288912.1"	[44573, 0, -1537, 0, 1]	2003288912	211.561139152	"4T1"	[2, 2]
"4.4.2004002000.1"	[5010005, 0, -5005, 0, 1]	2004002000	211.579963393	"4T1"	[2, 2, 10]
"4.4.2005909453.1"	[819599, 1843, -1845, -1, 1]	2005909453	211.630292044	"4T1"	[]
"4.4.2008897541.1"	[144095, 6244, -2084, -1, 1]	2008897541	211.709061426	"4T1"	[2]
"4.4.2011301888.2"	[1964162, 0, -3964, 0, 1]	2011301888	211.772378959	"4T1"	[]
"4.4.2015643024.1"	[8676, 0, -723, 0, 1]	2015643024	211.886557435	"4T1"	[2, 2]
"4.4.2015940752.1"	[26852, 0, -959, 0, 1]	2015940752	211.894381373	"4T1"	[2, 2]
"4.4.2027776000.3"	[79210, 0, -1780, 0, 1]	2027776000	212.204698065	"4T1"	[2, 4]
"4.4.2027776000.4"	[712890, 0, -1780, 0, 1]	2027776000	212.204698065	"4T1"	[2, 4]
"4.4.2029568425.1"	[11554, -4303, -595, -1, 1]	2029568425	212.251576392	"4T1"	[2]
"4.4.2035730432.1"	[1988018, 0, -3988, 0, 1]	2035730432	212.412498441	"4T1"	[2]
"4.4.2038720832.1"	[62132, 0, -634, 0, 1]	2038720832	212.490461702	"4T1"	[]
"4.4.2038958864.2"	[303236, 0, -1763, 0, 1]	2038958864	212.496663791	"4T1"	[2, 2]
"4.4.2047173397.1"	[39139, -4504, -922, -1, 1]	2047173397	212.710367202	"4T1"	[]
"4.4.2048503525.1"	[303165, 4350, -1456, -1, 1]	2048503525	212.744910331	"4T1"	[2, 2]
"4.4.2052098048.3"	[2004002, 0, -4004, 0, 1]	2052098048	212.838175218	"4T1"	[2, 2]
"4.4.2060306432.2"	[2012018, 0, -4012, 0, 1]	2060306432	213.050694667	"4T1"	[2, 2]
"4.4.2062736609.2"	[303232, -3544, -1778, -1, 1]	2062736609	213.113491399	"4T1"	[2, 2]
"4.4.2065284909.1"	[148213, 6331, -2113, -1, 1]	2065284909	213.179280906	"4T1"	[2]
"4.4.2069360513.2"	[1787347, 1, -2760, -1, 1]	2069360513	213.28437441	"4T1"	[2]
"4.4.2071086800.1"	[4325, 0, -865, 0, 1]	2071086800	213.32884164	"4T1"	[2]
"4.4.2072046400.2"	[272500, 0, -1090, 0, 1]	2072046400	213.353547847	"4T1"	[2, 2]
"4.4.2076772352.1"	[2028098, 0, -4028, 0, 1]	2076772352	213.475098861	"4T1"	[10]
"4.4.2077637473.1"	[114979, 3293, -844, -1, 1]	2077637473	213.497327218	"4T1"	[2]
"4.4.2079503696.1"	[154541, 0, -2117, 0, 1]	2079503696	213.545254189	"4T1"	[2]
"4.4.2082918901.1"	[73305, 1854, -654, -1, 1]	2082918901	213.632877512	"4T1"	[13]
"4.4.2085029888.2"	[2036162, 0, -4036, 0, 1]	2085029888	213.686984868	"4T1"	[2]
"4.4.2087359477.1"	[852973, 1880, -1882, -1, 1]	2087359477	213.746647611	"4T1"	[2]
"4.4.2087946125.1"	[5217311, 5109, -5109, -1, 1]	2087946125	213.76166429	"4T1"	[2, 2]
"4.4.2101594112.1"	[2052338, 0, -4052, 0, 1]	2101594112	214.110127827	"4T1"	[2]
"4.4.2105694877.2"	[777143, -3181, -3183, -1, 1]	2105694877	214.214497835	"4T1"	[2]
"4.4.2108247197.2"	[42977, -4727, -1583, -1, 1]	2108247197	214.279380883	"4T1"	[2, 2]
"4.4.2109900800.2"	[2060450, 0, -4060, 0, 1]	2109900800	214.321386021	"4T1"	[2, 2]
"4.4.2109955664.1"	[61589, 0, -509, 0, 1]	2109955664	214.322779263	"4T1"	[]
"4.4.2110056448.1"	[16362, 0, -404, 0, 1]	2110056448	214.325338549	"4T1"	[2]
"4.4.2110056448.2"	[24442, 0, -404, 0, 1]	2110056448	214.325338549	"4T1"	[2]
"4.4.2119936000.1"	[82810, 0, -1820, 0, 1]	2119936000	214.57577387	"4T1"	[2, 2, 4]
"4.4.2119936000.2"	[745290, 0, -1820, 0, 1]	2119936000	214.57577387	"4T1"	[2, 2, 4]
"4.4.2122452725.2"	[152389, 6418, -2142, -1, 1]	2122452725	214.639430033	"4T1"	[2, 2]
"4.4.2126563328.1"	[2076722, 0, -4076, 0, 1]	2126563328	214.743278921	"4T1"	[]
"4.4.2126696000.1"	[125840, 0, -1430, 0, 1]	2126696000	214.746628193	"4T1"	[2, 4]
"4.4.2126696000.2"	[503360, 0, -1430, 0, 1]	2126696000	214.746628193	"4T1"	[2, 4]
"4.4.2134919168.1"	[2084882, 0, -4084, 0, 1]	2134919168	214.953914851	"4T1"	[34]
"4.4.2136866624.1"	[158804, 0, -2146, 0, 1]	2136866624	215.002917898	"4T1"	[2]
"4.4.2137737953.2"	[29743, -4529, -786, -1, 1]	2137737953	215.024831951	"4T1"	[2, 2]
"4.4.2137769125.1"	[10371, 6274, -1264, -1, 1]	2137769125	215.025615807	"4T1"	[4]
"4.4.2137769125.2"	[160821, -3756, -1264, -1, 1]	2137769125	215.025615807	"4T1"	[4]
"4.4.2140636501.1"	[91475, 4310, -882, -1, 1]	2140636501	215.097682688	"4T1"	[]
"4.4.2141700569.1"	[-19622, 5881, -483, -1, 1]	2141700569	215.124407906	"4T1"	[]
"4.4.2149701125.2"	[5371661, 5184, -5184, -1, 1]	2149701125	215.32503225	"4T1"	[2, 2, 2]
"4.4.2159226009.1"	[317500, -3626, -1819, -1, 1]	2159226009	215.563152211	"4T1"	[2]
"4.4.2160084992.4"	[2109458, 0, -4108, 0, 1]	2160084992	215.584587839	"4T1"	[2]
"4.4.2162507873.1"	[18944, 5968, -1010, -1, 1]	2162507873	215.645015582	"4T1"	[2]
"4.4.2166122048.3"	[1873808, 0, -2822, 0, 1]	2166122048	215.735060438	"4T1"	[2, 10]
"4.4.2172651425.2"	[1876631, 1, -2828, -1, 1]	2172651425	215.897450419	"4T1"	[2, 2]
"4.4.2174655125.1"	[5434031, 5214, -5214, -1, 1]	2174655125	215.94721038	"4T1"	[2]
"4.4.2175304625.1"	[121501, 5789, -1454, -1, 1]	2175304625	215.963332707	"4T1"	[2, 2]
"4.4.2175304625.2"	[509096, 4, -1454, -1, 1]	2175304625	215.963332707	"4T1"	[2, 2]
"4.4.2176944128.2"	[2125922, 0, -4124, 0, 1]	2176944128	216.004013504	"4T1"	[]
"4.4.2180400989.1"	[156623, 6505, -2171, -1, 1]	2180400989	216.08971295	"4T1"	[2, 2]
"4.4.2181825073.1"	[6561, 81, -486, -1, 1]	2181825073	216.124987948	"4T1"	[11]
"4.4.2185398272.2"	[2134178, 0, -4132, 0, 1]	2185398272	216.213421225	"4T1"	[2]
"4.4.2187186125.2"	[5465351, 5229, -5229, -1, 1]	2187186125	216.257628188	"4T1"	[6, 6]
"4.4.2191371125.1"	[5475811, 5234, -5234, -1, 1]	2191371125	216.361001821	"4T1"	[2]
"4.4.2202355712.2"	[2150738, 0, -4148, 0, 1]	2202355712	216.631629394	"4T1"	[2, 2]
"4.4.2203950125.2"	[5507251, 5249, -5249, -1, 1]	2203950125	216.670826803	"4T1"	[2, 2]
"4.4.2210201773.1"	[815753, -3259, -3261, -1, 1]	2210201773	216.82431386	"4T1"	[2, 2]
"4.4.2210782784.2"	[279104, 0, -1246, 0, 1]	2210782784	216.838561981	"4T1"	[2]
"4.4.2210859008.2"	[2159042, 0, -4156, 0, 1]	2210859008	216.840431013	"4T1"	[5]
"4.4.2227865653.2"	[822279, -3272, -3274, -1, 1]	2227865653	217.256235232	"4T1"	[2, 2]
"4.4.2229058368.1"	[50868, 0, -942, 0, 1]	2229058368	217.285307089	"4T1"	[2]
"4.4.2236467200.2"	[2184050, 0, -4180, 0, 1]	2236467200	217.465632976	"4T1"	[2, 2]
"4.4.2239723701.1"	[-18155, 6172, -550, -1, 1]	2239723701	217.544752255	"4T1"	[20]
"4.4.2239723701.2"	[-6833, -5150, -550, -1, 1]	2239723701	217.544752255	"4T1"	[4]
"4.4.2246962192.2"	[421648, 0, -1387, 0, 1]	2246962192	217.720308605	"4T1"	[2, 2]
"4.4.2250044368.1"	[832117, 0, -3289, 0, 1]	2250044368	217.794932402	"4T1"	[2, 2]
"4.4.2252360133.1"	[46051, -4886, -1636, -1, 1]	2252360133	217.850949891	"4T1"	[2]
"4.4.2253621248.2"	[2200802, 0, -4196, 0, 1]	2253621248	217.881437625	"4T1"	[2]
"4.4.2255122213.1"	[921719, 1954, -1956, -1, 1]	2255122213	217.917707114	"4T1"	[]
"4.4.2257920881.1"	[332096, -3708, -1860, -1, 1]	2257920881	217.985286123	"4T1"	[2]
"4.4.2262222848.1"	[2209202, 0, -4204, 0, 1]	2262222848	218.089042663	"4T1"	[]
"4.4.2262971225.1"	[54664, 2273, -617, -1, 1]	2262971225	218.107077202	"4T1"	[2]
"4.4.2263404325.1"	[835409, -3298, -3300, -1, 1]	2263404325	218.117512089	"4T1"	[2, 2, 2]
"4.4.2263571297.1"	[-5093, 4021, -492, -1, 1]	2263571297	218.121534626	"4T1"	[4]
"4.4.2263571297.2"	[1472, -2544, -492, -1, 1]	2263571297	218.121534626	"4T1"	[4]
"4.4.2263910400.5"	[68850, 0, -1020, 0, 1]	2263910400	218.1297033	"4T1"	[2, 2, 4]
"4.4.2263910400.6"	[191250, 0, -1020, 0, 1]	2263910400	218.1297033	"4T1"	[2, 2, 4]
"4.4.2275934909.1"	[340933, 1193, -1199, -1, 1]	2275934909	218.418771111	"4T1"	[]
"4.4.2276548432.1"	[935397, 0, -1961, 0, 1]	2276548432	218.433489391	"4T1"	[2, 4]
"4.4.2290444281.1"	[282850, -2531, -1279, -1, 1]	2290444281	218.766053772	"4T1"	[2]
"4.4.2298638861.1"	[165265, 6679, -2229, -1, 1]	2298638861	218.961462997	"4T1"	[]
"4.4.2305199161.1"	[6476, -578, -495, -1, 1]	2305199161	219.117524711	"4T1"	[]
"4.4.2305476608.1"	[2251442, 0, -4244, 0, 1]	2305476608	219.124117499	"4T1"	[2]
"4.4.2306481793.1"	[425811, 2815, -1414, -1, 1]	2306481793	219.147998057	"4T1"	[2]
"4.4.2308635200.1"	[180800, 0, -1130, 0, 1]	2308635200	219.199131097	"4T1"	[2, 2, 2]
"4.4.2313638096.2"	[171941, 0, -2233, 0, 1]	2313638096	219.317787827	"4T1"	[2, 2]
"4.4.2314176512.2"	[2259938, 0, -4252, 0, 1]	2314176512	219.330546294	"4T1"	[]
"4.4.2318781125.1"	[5794261, 5384, -5384, -1, 1]	2318781125	219.439567753	"4T1"	[10]
"4.4.2324426000.1"	[137540, 0, -1495, 0, 1]	2324426000	219.572997736	"4T1"	[2, 4]
"4.4.2324426000.2"	[550160, 0, -1495, 0, 1]	2324426000	219.572997736	"4T1"	[2, 4]
"4.4.2331625472.3"	[2276978, 0, -4268, 0, 1]	2331625472	219.742822121	"4T1"	[2, 2]
"4.4.2332304273.2"	[2014637, 1, -2930, -1, 1]	2332304273	219.758813686	"4T1"	[2, 2, 2]
"4.4.2333389376.2"	[347024, 0, -1886, 0, 1]	2333389376	219.784369888	"4T1"	[2, 2]
"4.4.2340374528.1"	[2285522, 0, -4276, 0, 1]	2340374528	219.948670243	"4T1"	[2]
"4.4.2341434925.1"	[957091, 1991, -1993, -1, 1]	2341434925	219.973580069	"4T1"	[2]
"4.4.2344695125.1"	[5859031, 5414, -5414, -1, 1]	2344695125	220.050112594	"4T1"	[2, 2]
"4.4.2355278189.1"	[37453, 5195, -773, -1, 1]	2355278189	220.297999089	"4T1"	[5]
"4.4.2357921792.1"	[2302658, 0, -4292, 0, 1]	2357921792	220.359789612	"4T1"	[2, 2]
"4.4.2358821225.3"	[347020, -3790, -1901, -1, 1]	2358821225	220.380800754	"4T1"	[2, 2, 2]
"4.4.2358928469.1"	[169673, 6766, -2258, -1, 1]	2358928469	220.383305619	"4T1"	[]
"4.4.2365581049.1"	[-2908, 6281, -813, -1, 1]	2365581049	220.538521178	"4T1"	[2]
"4.4.2371896400.1"	[113125, 0, -905, 0, 1]	2371896400	220.685566022	"4T1"	[2, 2]
"4.4.2374122816.2"	[176436, 0, -2262, 0, 1]	2374122816	220.737335254	"4T1"	[2, 2, 2]
"4.4.2379935808.2"	[2058768, 0, -2958, 0, 1]	2379935808	220.872329101	"4T1"	[2, 2]
"4.4.2380212224.3"	[13754, 0, -1196, 0, 1]	2380212224	220.878742087	"4T1"	[4]
"4.4.2380212224.4"	[343850, 0, -1196, 0, 1]	2380212224	220.878742087	"4T1"	[4]
"4.4.2382729125.1"	[-11459, -5726, -684, -1, 1]	2382729125	220.937109742	"4T1"	[4]
"4.4.2382729125.2"	[39641, 4494, -684, -1, 1]	2382729125	220.937109742	"4T1"	[4]
"4.4.2384365568.1"	[2328482, 0, -4316, 0, 1]	2384365568	220.975034521	"4T1"	[2]
"4.4.2386099825.1"	[-11184, -5684, -628, -1, 1]	2386099825	221.015204852	"4T1"	[2]
"4.4.2390122000.1"	[113680, 0, -1015, 0, 1]	2390122000	221.108285665	"4T1"	[2, 2, 4]
"4.4.2390122000.2"	[255780, 0, -1015, 0, 1]	2390122000	221.108285665	"4T1"	[2, 2, 4]
"4.4.2393212928.5"	[2337122, 0, -4324, 0, 1]	2393212928	221.179735848	"4T1"	[2, 2]
"4.4.2394508621.1"	[307337, -1165, -1185, -1, 1]	2394508621	221.209666623	"4T1"	[]
"4.4.2401237133.1"	[49231, -5045, -1689, -1, 1]	2401237133	221.36490161	"4T1"	[]
"4.4.2408041429.1"	[356967, 4716, -1578, -1, 1]	2408041429	221.52155361	"4T1"	[]
"4.4.2408704000.1"	[94090, 0, -1940, 0, 1]	2408704000	221.536789915	"4T1"	[2, 2]
"4.4.2408704000.2"	[846810, 0, -1940, 0, 1]	2408704000	221.536789915	"4T1"	[2, 2]
"4.4.2418900125.1"	[6044501, 5499, -5499, -1, 1]	2418900125	221.770861849	"4T1"	[2]
"4.4.2419853312.2"	[2363138, 0, -4348, 0, 1]	2419853312	221.792706268	"4T1"	[]
"4.4.2422710992.1"	[533, 0, -533, 0, 1]	2422710992	221.858157765	"4T1"	[20]
"4.4.2422710992.2"	[64493, 0, -533, 0, 1]	2422710992	221.858157765	"4T1"	[4]
"4.4.2425509857.1"	[180736, 4640, -1172, -1, 1]	2425509857	221.922206078	"4T1"	[2]
"4.4.2428618725.1"	[67525, -4130, -856, -1, 1]	2428618725	221.993283451	"4T1"	[2, 2, 4]
"4.4.2428618725.2"	[140455, 2500, -856, -1, 1]	2428618725	221.993283451	"4T1"	[2, 2, 4]
"4.4.2428808000.5"	[6072020, 0, -5510, 0, 1]	2428808000	221.9976086	"4T1"	[2, 2, 2]
"4.4.2429368533.1"	[993129, 2028, -2030, -1, 1]	2429368533	222.010415934	"4T1"	[2, 2]
"4.4.2433138625.2"	[-14464, -5296, -504, -1, 1]	2433138625	222.096499316	"4T1"	[2, 6]
"4.4.2433138625.3"	[5711, 1429, -504, -1, 1]	2433138625	222.096499316	"4T1"	[2, 6]
"4.4.2435943824.1"	[362276, 0, -1927, 0, 1]	2435943824	222.160486185	"4T1"	[2]
"4.4.2437695488.1"	[2380562, 0, -4364, 0, 1]	2437695488	222.200413793	"4T1"	[]
"4.4.2444341392.1"	[148032, 0, -771, 0, 1]	2444341392	222.351705789	"4T1"	[6]
"4.4.2446641152.1"	[2389298, 0, -4372, 0, 1]	2446641152	222.403987279	"4T1"	[2]
"4.4.2447484928.3"	[25578, 0, -812, 0, 1]	2447484928	222.42315998	"4T1"	[4]
"4.4.2447484928.4"	[139258, 0, -812, 0, 1]	2447484928	222.42315998	"4T1"	[4]
"4.4.2449456192.2"	[86272, 0, -674, 0, 1]	2449456192	222.467932718	"4T1"	[4, 4]
"4.4.2455026496.2"	[371124, 0, -1586, 0, 1]	2455026496	222.594303485	"4T1"	[2, 2]
"4.4.2464581632.2"	[2406818, 0, -4388, 0, 1]	2464581632	222.810576261	"4T1"	[2]
"4.4.2487214912.1"	[919828, 0, -3458, 0, 1]	2487214912	223.320364594	"4T1"	[2, 2]
"4.4.2490615872.4"	[2154512, 0, -3026, 0, 1]	2490615872	223.396666252	"4T1"	[2, 2, 2]
"4.4.2491615232.2"	[2433218, 0, -4412, 0, 1]	2491615232	223.419072367	"4T1"	[]
"4.4.2497616897.1"	[2157539, 1, -3032, -1, 1]	2497616897	223.553490888	"4T1"	[10]
"4.4.2500659200.2"	[2442050, 0, -4420, 0, 1]	2500659200	223.621536453	"4T1"	[2, 2, 2]
"4.4.2501260333.2"	[923289, -3467, -3469, -1, 1]	2501260333	223.634974326	"4T1"	[2]
"4.4.2517768000.2"	[6294420, 0, -5610, 0, 1]	2517768000	224.003047781	"4T1"	[2, 2, 2]
"4.4.2518796288.1"	[2459762, 0, -4436, 0, 1]	2518796288	224.025915692	"4T1"	[2]
"4.4.2518923037.1"	[1029833, 2065, -2067, -1, 1]	2518923037	224.028733955	"4T1"	[]
"4.4.2521008881.1"	[-14551, 5529, -510, -1, 1]	2521008881	224.075097416	"4T1"	[]
"4.4.2533446736.1"	[13525, 0, -541, 0, 1]	2533446736	224.350966339	"4T1"	[]
"4.4.2542860733.1"	[78381, -1935, -699, -1, 1]	2542860733	224.559092152	"4T1"	[]
"4.4.2544479981.1"	[183245, 7027, -2345, -1, 1]	2544479981	224.594832417	"4T1"	[2]
"4.4.2554878197.1"	[52517, -5204, -1742, -1, 1]	2554878197	224.823937696	"4T1"	[]
"4.4.2555267072.1"	[2495378, 0, -4468, 0, 1]	2555267072	224.832492255	"4T1"	[10]
"4.4.2563698457.1"	[61728, -5135, -1297, -1, 1]	2563698457	225.017728099	"4T1"	[2]
"4.4.2567238329.1"	[377852, -3954, -1983, -1, 1]	2567238329	225.095362215	"4T1"	[2]
"4.4.2571725893.1"	[88851, 3826, -796, -1, 1]	2571725893	225.193665162	"4T1"	[]
"4.4.2573600768.2"	[2513282, 0, -4484, 0, 1]	2573600768	225.234697392	"4T1"	[2]
"4.4.2582792192.1"	[2522258, 0, -4492, 0, 1]	2582792192	225.435530867	"4T1"	[]
"4.4.2583946625.1"	[145031, 6309, -1584, -1, 1]	2583946625	225.460717428	"4T1"	[2, 2, 4]
"4.4.2583946625.2"	[605296, 4, -1584, -1, 1]	2583946625	225.460717428	"4T1"	[2, 2, 2]
"4.4.2593433600.1"	[46250, 0, -740, 0, 1]	2593433600	225.667378194	"4T1"	[2, 2, 4]
"4.4.2593433600.2"	[90650, 0, -740, 0, 1]	2593433600	225.667378194	"4T1"	[2, 2, 2]
"4.4.2598060125.1"	[6492301, 5699, -5699, -1, 1]	2598060125	225.767955094	"4T1"	[2]
"4.4.2598705469.1"	[385515, 4899, -1639, -1, 1]	2598705469	225.781973671	"4T1"	[]
"4.4.2603811392.3"	[2252432, 0, -3094, 0, 1]	2603811392	225.892795863	"4T1"	[2, 2, 2]
"4.4.2610098437.1"	[1067203, 2102, -2104, -1, 1]	2610098437	226.029030197	"4T1"	[]
"4.4.2610464768.2"	[2549282, 0, -4516, 0, 1]	2610464768	226.036960653	"4T1"	[2, 2]
"4.4.2619721728.3"	[2558322, 0, -4524, 0, 1]	2619721728	226.23708195	"4T1"	[2, 2]
"4.4.2623189649.1"	[324413, -2709, -1368, -1, 1]	2623189649	226.311916535	"4T1"	[2]
"4.4.2623866176.1"	[194996, 0, -2378, 0, 1]	2623866176	226.326506723	"4T1"	[2]
"4.4.2638284800.1"	[2576450, 0, -4540, 0, 1]	2638284800	226.636794420921	"4T1"	[10]
"4.4.2652219392.1"	[10682, 0, -436, 0, 1]	2652219392	226.935459623	"4T1"	[2]
"4.4.2652219392.2"	[36842, 0, -436, 0, 1]	2652219392	226.935459623	"4T1"	[2]
"4.4.2656741625.1"	[-20564, -6146, -519, -1, 1]	2656741625	227.032133326	"4T1"	[10]
"4.4.2656741625.2"	[-1174, 3549, -519, -1, 1]	2656741625	227.032133326	"4T1"	[2]
"4.4.2656913408.2"	[2594642, 0, -4556, 0, 1]	2656913408	227.035803171	"4T1"	[2, 10]
"4.4.2668589297.1"	[2305337, 1, -3134, -1, 1]	2668589297	227.284822158	"4T1"	[2]
"4.4.2672083229.1"	[192583, 7201, -2403, -1, 1]	2672083229	227.359180557	"4T1"	[]
"4.4.2674755089.2"	[393760, -4036, -2024, -1, 1]	2674755089	227.415994305	"4T1"	[2, 2]
"4.4.2679786000.1"	[85860, 0, -795, 0, 1]	2679786000	227.522854886	"4T1"	[2, 2, 4]
"4.4.2679786000.2"	[152640, 0, -795, 0, 1]	2679786000	227.522854886	"4T1"	[2, 2, 4]
"4.4.2694367232.2"	[2631218, 0, -4588, 0, 1]	2694367232	227.831724291	"4T1"	[2]
"4.4.2697634953.1"	[2330446, 1, -3151, -1, 1]	2697634953	227.900771315	"4T1"	[2, 2, 2]
"4.4.2713192448.2"	[2649602, 0, -4604, 0, 1]	2713192448	228.228643972	"4T1"	[]
"4.4.2720547136.1"	[113076, 0, -698, 0, 1]	2720547136	228.383152629	"4T1"	[]
"4.4.2722629632.2"	[2658818, 0, -4612, 0, 1]	2722629632	228.426845177	"4T1"	[2, 2]
"4.4.2726347072.1"	[1120212, 0, -2146, 0, 1]	2726347072	228.504777981	"4T1"	[2]
"4.4.2732083200.5"	[2668050, 0, -4620, 0, 1]	2732083200	228.624874555	"4T1"	[2, 2, 2]
"4.4.2737055525.2"	[197339, 7288, -2432, -1, 1]	2737055525	228.728826564	"4T1"	[2, 2]
"4.4.2739012293.1"	[-6599, 6974, -1016, -1, 1]	2739012293	228.76969615	"4T1"	[]
"4.4.2741553152.2"	[2677298, 0, -4628, 0, 1]	2741553152	228.822732554	"4T1"	[2, 2]
"4.4.2744100864.1"	[23850, 0, -636, 0, 1]	2744100864	228.875875001	"4T1"	[3, 12]
"4.4.2744100864.2"	[77274, 0, -636, 0, 1]	2744100864	228.875875001	"4T1"	[4]
"4.4.2751039488.1"	[2686562, 0, -4636, 0, 1]	2751039488	229.020419616	"4T1"	[2]
"4.4.2753628992.2"	[61268, 0, -1802, 0, 1]	2753628992	229.074293804	"4T1"	[2, 2]
"4.4.2756807125.1"	[14621, 7124, -1434, -1, 1]	2756807125	229.140362408	"4T1"	[20]
"4.4.2756807125.2"	[208251, -4266, -1434, -1, 1]	2756807125	229.140362408	"4T1"	[52]
"4.4.2759979653.1"	[206249, 948, -960, -1, 1]	2759979653	229.206257542	"4T1"	[]
"4.4.2764939088.1"	[27293, 0, -557, 0, 1]	2764939088	229.309153986	"4T1"	[]
"4.4.2770061312.1"	[2705138, 0, -4652, 0, 1]	2770061312	229.415282702	"4T1"	[]
"4.4.2782116025.1"	[29760, 4840, -661, -1, 1]	2782116025	229.664467952	"4T1"	[2, 4]
"4.4.2782116025.2"	[58620, -2375, -661, -1, 1]	2782116025	229.664467952	"4T1"	[2, 4]
"4.4.2784477321.1"	[409996, -4118, -2065, -1, 1]	2784477321	229.713183863	"4T1"	[2]
"4.4.2792598597.1"	[44563, 550, -592, -1, 1]	2792598597	229.880497778	"4T1"	[]
"4.4.2793448592.1"	[218768, 0, -1243, 0, 1]	2793448592	229.897988205	"4T1"	[2, 2]
"4.4.2796632901.1"	[415161, 5082, -1700, -1, 1]	2796632901	229.963476569	"4T1"	[2]
"4.4.2797260929.1"	[-4937, -4139, -528, -1, 1]	2797260929	229.976385962	"4T1"	[]
"4.4.2797311925.1"	[1143941, 2176, -2178, -1, 1]	2797311925	229.977434112	"4T1"	[26]
"4.4.2808301568.1"	[2742482, 0, -4684, 0, 1]	2808301568	230.202976977	"4T1"	[]
"4.4.2810647825.2"	[519689, 3107, -1560, -1, 1]	2810647825	230.251043949	"4T1"	[2, 2]
"4.4.2815166528.2"	[22592, 0, -706, 0, 1]	2815166528	230.34353236	"4T1"	[2, 2]
"4.4.2817902592.5"	[2751858, 0, -4692, 0, 1]	2817902592	230.399479768	"4T1"	[2, 2, 2]
"4.4.2819368400.2"	[209525, 0, -2465, 0, 1]	2819368400	230.42943605	"4T1"	[2, 2, 2]
"4.4.2827442000.1"	[7068605, 0, -5945, 0, 1]	2827442000	230.594224787	"4T1"	[2, 2, 2, 2]
"4.4.2837748800.4"	[2454800, 0, -3230, 0, 1]	2837748800	230.804082899	"4T1"	[2, 2, 2]
"4.4.2845178713.1"	[-9526, -4871, -531, -1, 1]	2845178713	230.955010028	"4T1"	[2]
"4.4.2845178713.2"	[4644, 2214, -531, -1, 1]	2845178713	230.955010028	"4T1"	[2]
"4.4.2850214237.1"	[1052223, -3701, -3703, -1, 1]	2850214237	231.057130891	"4T1"	[2, 2]
"4.4.2856470528.1"	[2789522, 0, -4724, 0, 1]	2856470528	231.183820691	"4T1"	[2]
"4.4.2860719061.1"	[367941, -1274, -1294, -1, 1]	2860719061	231.269734823	"4T1"	[]
"4.4.2862142528.2"	[76048, 0, -1358, 0, 1]	2862142528	231.29849887	"4T1"	[2]
"4.4.2868706217.2"	[160624, 16, -867, -1, 1]	2868706217	231.430992932	"4T1"	[2, 6]
"4.4.2876452517.1"	[59407, -5522, -1848, -1, 1]	2876452517	231.587066898	"4T1"	[]
"4.4.2884329581.1"	[12331, 6151, -729, -1, 1]	2884329581	231.745452599	"4T1"	[5]
"4.4.2885568512.1"	[2817938, 0, -4748, 0, 1]	2885568512	231.770334498	"4T1"	[]
"4.4.2885794000.1"	[5085, 0, -565, 0, 1]	2885794000	231.774862193	"4T1"	[4]
"4.4.2885794000.2"	[68365, 0, -565, 0, 1]	2885794000	231.774862193	"4T1"	[4]
"4.4.2886096704.1"	[214484, 0, -2494, 0, 1]	2886096704	231.780939932	"4T1"	[2]
"4.4.2888406125.2"	[7218011, 6009, -6009, -1, 1]	2888406125	231.827293128	"4T1"	[2, 2, 2]
"4.4.2890392973.1"	[1067069, -3727, -3729, -1, 1]	2890392973	231.86714961	"4T1"	[2]
"4.4.2893350013.1"	[1183309, 2213, -2215, -1, 1]	2893350013	231.926430265	"4T1"	[]
"4.4.2895300608.6"	[2827442, 0, -4756, 0, 1]	2895300608	231.965509551	"4T1"	[2, 4, 4]
"4.4.2902845125.1"	[7254101, 6024, -6024, -1, 1]	2902845125	232.116474895	"4T1"	[2, 2]
"4.4.2914813952.2"	[2846498, 0, -4772, 0, 1]	2914813952	232.355367825	"4T1"	[2]
"4.4.2930852925.1"	[1082019, -3753, -3755, -1, 1]	2930852925	232.674348395	"4T1"	[2, 2, 2]
"4.4.2936655101.1"	[211955, 7549, -2519, -1, 1]	2936655101	232.78941869	"4T1"	[]
"4.4.2942649737.1"	[-21008, -6359, -537, -1, 1]	2942649737	232.90812695	"4T1"	[]
"4.4.2951188357.2"	[1089533, -3766, -3768, -1, 1]	2951188357	233.076899472	"4T1"	[4, 4]
"4.4.2954037248.2"	[2884802, 0, -4804, 0, 1]	2954037248	233.133128553	"4T1"	[2, 4]
"4.4.2955053056.1"	[226, 0, -452, 0, 1]	2955053056	233.153167905	"4T1"	[2, 2, 16]
"4.4.2955053056.2"	[50850, 0, -452, 0, 1]	2955053056	233.153167905	"4T1"	[2, 2, 8]
"4.4.2956283200.2"	[1093300, 0, -3770, 0, 1]	2956283200	233.177428655	"4T1"	[2, 2, 10]
"4.4.2958490688.1"	[2559248, 0, -3298, 0, 1]	2958490688	233.220945485	"4T1"	[2, 2]
"4.4.2965274577.1"	[71913, -5523, -1394, -1, 1]	2965274577	233.35452596	"4T1"	[10]
"4.4.2978494025.2"	[368824, -2887, -1457, -1, 1]	2978494025	233.614170908	"4T1"	[2, 2, 4]
"4.4.2982364992.1"	[6228, 0, -1038, 0, 1]	2982364992	233.690037465	"4T1"	[2]
"4.4.2983626752.5"	[2913698, 0, -4828, 0, 1]	2983626752	233.714750568	"4T1"	[2, 2]
"4.4.2989069200.1"	[2585700, 0, -3315, 0, 1]	2989069200	233.821257793	"4T1"	[2, 2, 2, 2]
"4.4.2990235125.1"	[7472531, 6114, -6114, -1, 1]	2990235125	233.844055708	"4T1"	[2]
"4.4.2996738393.1"	[2589016, 1, -3321, -1, 1]	2996738393	233.971095205	"4T1"	[2]
"4.4.3001823725.1"	[445905, 5265, -1761, -1, 1]	3001823725	234.070291743	"4T1"	[2, 4]
"4.4.3010538201.1"	[443452, -4282, -2147, -1, 1]	3010538201	234.239987172	"4T1"	[2]
"4.4.3012547648.2"	[565312, 0, -1606, 0, 1]	3012547648	234.279064493	"4T1"	[2]
"4.4.3013363712.1"	[2942738, 0, -4852, 0, 1]	3013363712	234.294928748	"4T1"	[2]
"4.4.3015677008.1"	[1239093, 0, -2257, 0, 1]	3015677008	234.339881632	"4T1"	[2]
"4.4.3033270272.2"	[2962178, 0, -4868, 0, 1]	3033270272	234.68091736	"4T1"	[2, 4]
"4.4.3043248128.2"	[2971922, 0, -4876, 0, 1]	3043248128	234.873673793	"4T1"	[2]
"4.4.3043604597.1"	[-13969, 7270, -842, -1, 1]	3043604597	234.880551437	"4T1"	[5]
"4.4.3044385773.2"	[63011, -5681, -1901, -1, 1]	3044385773	234.895621183	"4T1"	[2, 2]
"4.4.3054256336.1"	[461709, 0, -1769, 0, 1]	3054256336	235.085785846	"4T1"	[2]
"4.4.3058149200.1"	[241325, 0, -985, 0, 1]	3058149200	235.160658401	"4T1"	[2]
"4.4.3063252992.2"	[2991458, 0, -4892, 0, 1]	3063252992	235.258712861	"4T1"	[]
"4.4.3065967877.1"	[-4077, -6228, -744, -1, 1]	3065967877	235.310821533	"4T1"	[]
"4.4.3073623725.1"	[221989, 7723, -2577, -1, 1]	3073623725	235.457579384	"4T1"	[2, 2]
"4.4.3081403657.2"	[570132, 3253, -1633, -1, 1]	3081403657	235.606435254	"4T1"	[2, 2]
"4.4.3089535137.1"	[2669239, 1, -3372, -1, 1]	3089535137	235.76171644	"4T1"	[2, 2]
"4.4.3090288877.1"	[1264043, 2287, -2289, -1, 1]	3090288877	235.776094557	"4T1"	[2]
"4.4.3090964304.1"	[229709, 0, -2581, 0, 1]	3090964304	235.788976563	"4T1"	[2]
"4.4.3093383168.1"	[3020882, 0, -4916, 0, 1]	3093383168	235.835092768	"4T1"	[2]
"4.4.3095804125.1"	[17001, 7549, -1519, -1, 1]	3095804125	235.881221804	"4T1"	[4]
"4.4.3095804125.2"	[234261, -4521, -1519, -1, 1]	3095804125	235.881221804	"4T1"	[4]
"4.4.3103459328.2"	[3030722, 0, -4924, 0, 1]	3103459328	236.026906621	"4T1"	[]
"4.4.3110060125.1"	[27671, 6829, -999, -1, 1]	3110060125	236.15230899	"4T1"	[2, 4]
"4.4.3110060125.2"	[214631, -961, -999, -1, 1]	3110060125	236.15230899	"4T1"	[2, 4]
"4.4.3112136000.1"	[1460, 0, -730, 0, 1]	3112136000	236.191705336	"4T1"	[4]
"4.4.3112136000.2"	[71540, 0, -730, 0, 1]	3112136000	236.191705336	"4T1"	[4]
"4.4.3115362112.1"	[1280052, 0, -2294, 0, 1]	3115362112	236.252891999	"4T1"	[26]
"4.4.3116660525.2"	[468395, 1395, -1401, -1, 1]	3116660525	236.277504378	"4T1"	[2, 4]
"4.4.3123660800.1"	[3050450, 0, -4940, 0, 1]	3123660800	236.410067436	"4T1"	[2, 2]
"4.4.3126876849.1"	[460672, -4364, -2188, -1, 1]	3126876849	236.470894542	"4T1"	[2]
"4.4.3133786112.1"	[3060338, 0, -4948, 0, 1]	3133786112	236.601415154	"4T1"	[2]
"4.4.3136832989.1"	[136725, 5215, -1063, -1, 1]	3136832989	236.658904138	"4T1"	[]
"4.4.3143278709.1"	[227093, 7810, -2606, -1, 1]	3143278709	236.780385182	"4T1"	[]
"4.4.3144219625.1"	[-784, -3571, -549, -1, 1]	3144219625	236.798102785	"4T1"	[3, 6]
"4.4.3144219625.2"	[5076, -2106, -549, -1, 1]	3144219625	236.798102785	"4T1"	[2]
"4.4.3145026625.1"	[85536, 5184, -894, -1, 1]	3145026625	236.813295559	"4T1"	[2, 2]
"4.4.3145026625.2"	[164771, 1739, -894, -1, 1]	3145026625	236.813295559	"4T1"	[2, 2]
"4.4.3154085888.5"	[3080162, 0, -4964, 0, 1]	3154085888	236.983647092	"4T1"	[2, 2, 10]
"4.4.3178938989.1"	[214003, -3455, -1173, -1, 1]	3178938989	237.449111157	"4T1"	[]
"4.4.3183746825.1"	[2750686, 1, -3423, -1, 1]	3183746825	237.538839954	"4T1"	[2, 2]
"4.4.3184658432.3"	[3110018, 0, -4988, 0, 1]	3184658432	237.555841841	"4T1"	[2]
"4.4.3191189653.1"	[1305409, 2324, -2326, -1, 1]	3191189653	237.677545466	"4T1"	[]
"4.4.3194882048.2"	[3120002, 0, -4996, 0, 1]	3194882048	237.746267396	"4T1"	[2, 2]
"4.4.3195077904.1"	[161856, 0, -843, 0, 1]	3195077904	237.749910955	"4T1"	[2]
"4.4.3200697253.1"	[1181729, -3922, -3924, -1, 1]	3200697253	237.854377852	"4T1"	[2, 4]
"4.4.3204246125.1"	[8007451, 6329, -6329, -1, 1]	3204246125	237.920282554	"4T1"	[2, 2]
"4.4.3214277941.1"	[477747, 5448, -1822, -1, 1]	3214277941	238.106283826	"4T1"	[2]
"4.4.3229611125.1"	[8070851, 6354, -6354, -1, 1]	3229611125	238.389738974	"4T1"	[2, 2]
"4.4.3239357072.1"	[2802212, 0, -3451, 0, 1]	3239357072	238.569382059	"4T1"	[2, 2]
"4.4.3245420969.1"	[478220, -4446, -2229, -1, 1]	3245420969	238.680950938	"4T1"	[2]
"4.4.3246245888.1"	[3170162, 0, -5036, 0, 1]	3246245888	238.696116434	"4T1"	[]
"4.4.3248367641.1"	[-21434, 6757, -555, -1, 1]	3248367641	238.735109947	"4T1"	[]
"4.4.3256567808.2"	[3180242, 0, -5044, 0, 1]	3256567808	238.885633032	"4T1"	[2, 2]
"4.4.3261001808.1"	[72557, 0, -1961, 0, 1]	3261001808	238.966905599	"4T1"	[2, 2]
"4.4.3264656317.2"	[1205363, -3961, -3963, -1, 1]	3264656317	239.03382828	"4T1"	[2, 2]
"4.4.3270014800.2"	[1209325, 0, -3965, 0, 1]	3270014800	239.131853229	"4T1"	[2, 2, 2]
"4.4.3277260800.2"	[3200450, 0, -5060, 0, 1]	3277260800	239.264215889	"4T1"	[2, 2]
"4.4.3279373457.2"	[2833357, 1, -3474, -1, 1]	3279373457	239.302766457	"4T1"	[2, 2]
"4.4.3284930021.1"	[237475, 7984, -2664, -1, 1]	3284930021	239.404070647	"4T1"	[5]
"4.4.3292639888.2"	[617872, 0, -1679, 0, 1]	3292639888	239.544420001	"4T1"	[2, 2]
"4.4.3301293169.1"	[-15175, -5863, -558, -1, 1]	3301293169	239.701649878	"4T1"	[3]
"4.4.3308423168.5"	[3230882, 0, -5084, 0, 1]	3308423168	239.830969662	"4T1"	[2, 2]
"4.4.3318843392.1"	[3241058, 0, -5092, 0, 1]	3318843392	240.019590194	"4T1"	[2]
"4.4.3319952625.1"	[148416, -4776, -1214, -1, 1]	3319952625	240.039642683	"4T1"	[2, 2, 4]
"4.4.3319952625.2"	[344601, 9, -1214, -1, 1]	3319952625	240.039642683	"4T1"	[2, 2, 4]
"4.4.3321287488.1"	[120852, 0, -746, 0, 1]	3321287488	240.063767405	"4T1"	[]
"4.4.3339732992.1"	[3261458, 0, -5108, 0, 1]	3339732992	240.396387271	"4T1"	[2]
"4.4.3350202368.2"	[3271682, 0, -5116, 0, 1]	3350202368	240.584564511	"4T1"	[]
"4.4.3356357409.1"	[416083, -3065, -1546, -1, 1]	3356357409	240.694989836	"4T1"	[2]
"4.4.3356926349.1"	[242753, 8071, -2693, -1, 1]	3356926349	240.705189308	"4T1"	[2, 4]
"4.4.3357936125.1"	[8391601, 6479, -6479, -1, 1]	3357936125	240.723288522	"4T1"	[2]
"4.4.3364608033.1"	[622911, 3399, -1706, -1, 1]	3364608033	240.84277325	"4T1"	[2]
"4.4.3366170561.1"	[496096, -4528, -2270, -1, 1]	3366170561	240.8707303	"4T1"	[2, 2]
"4.4.3371190272.1"	[3292178, 0, -5132, 0, 1]	3371190272	240.960478122	"4T1"	[]
"4.4.3394544477.1"	[70537, -5999, -2007, -1, 1]	3394544477	241.376716864	"4T1"	[]
"4.4.3396056233.1"	[82874, -5911, -1491, -1, 1]	3396056233	241.403586579	"4T1"	[2]
"4.4.3402795008.2"	[3323042, 0, -5156, 0, 1]	3402795008	241.523251512	"4T1"	[2]
"4.4.3413362688.1"	[3333362, 0, -5164, 0, 1]	3413362688	241.710551463	"4T1"	[]
"4.4.3415530816.1"	[162900, 0, -1086, 0, 1]	3415530816	241.748925252	"4T1"	[2]
"4.4.3416354773.1"	[1261419, -4052, -4054, -1, 1]	3416354773	241.763503711	"4T1"	[2, 10]
"4.4.3426962000.1"	[8567405, 0, -6545, 0, 1]	3426962000	241.95094472	"4T1"	[2, 2, 2]
"4.4.3429288512.1"	[6032, 0, -754, 0, 1]	3429288512	241.991998467	"4T1"	[2, 2, 2]
"4.4.3429288512.2"	[96512, 0, -754, 0, 1]	3429288512	241.991998467	"4T1"	[2, 2, 2]
"4.4.3433995549.2"	[510687, 5631, -1883, -1, 1]	3433995549	242.074995236	"4T1"	[2, 2]
"4.4.3439654208.1"	[76532, 0, -2014, 0, 1]	3439654208	242.1746586	"4T1"	[2]
"4.4.3445164032.2"	[3364418, 0, -5188, 0, 1]	3445164032	242.271582512	"4T1"	[2]
"4.4.3446625125.2"	[8613281, 6564, -6564, -1, 1]	3446625125	242.297265253	"4T1"	[2, 2]
"4.4.3448019264.1"	[256244, 0, -2726, 0, 1]	3448019264	242.321763482	"4T1"	[2]
"4.4.3463512697.1"	[-21708, -6714, -567, -1, 1]	3463512697	242.593519957	"4T1"	[4]
"4.4.3463512697.2"	[-9604, 5390, -567, -1, 1]	3463512697	242.593519957	"4T1"	[4]
"4.4.3466446848.1"	[3385202, 0, -5204, 0, 1]	3466446848	242.644882552	"4T1"	[2]
"4.4.3466612800.1"	[2998800, 0, -3570, 0, 1]	3466612800	242.647786583	"4T1"	[2, 2, 2, 2]
"4.4.3477112832.2"	[3395618, 0, -5212, 0, 1]	3477112832	242.831317372	"4T1"	[]
"4.4.3498493952.1"	[3416498, 0, -5228, 0, 1]	3498493952	243.203758262	"4T1"	[]
"4.4.3503260349.1"	[253483, 8245, -2751, -1, 1]	3503260349	243.286552023	"4T1"	[]
"4.4.3503617357.1"	[1433503, 2435, -2437, -1, 1]	3503617357	243.292749958	"4T1"	[]
"4.4.3509209088.5"	[3426962, 0, -5236, 0, 1]	3509209088	243.389764988	"4T1"	[2, 2, 2]
"4.4.3516552000.1"	[8791380, 0, -6630, 0, 1]	3516552000	243.516986601	"4T1"	[2, 2, 2]
"4.4.3519940608.2"	[3437442, 0, -5244, 0, 1]	3519940608	243.575629669	"4T1"	[2, 2]
"4.4.3520182257.1"	[34288, 7612, -1284, -1, 1]	3520182257	243.579810016	"4T1"	[2]
"4.4.3528755200.1"	[2050, 0, -820, 0, 1]	3528755200	243.727976454	"4T1"	[2, 2, 4]
"4.4.3528755200.2"	[166050, 0, -820, 0, 1]	3528755200	243.727976454	"4T1"	[2, 2, 4]
"4.4.3535519025.2"	[60320, 3940, -716, -1, 1]	3535519025	243.844685439	"4T1"	[2, 4]
"4.4.3544495533.1"	[-20859, -7101, -641, -1, 1]	3544495533	243.999315692	"4T1"	[15]
"4.4.3549123877.1"	[1310481, -4130, -4132, -1, 1]	3549123877	244.078929292	"4T1"	[2]
"4.4.3559112000.2"	[8897780, 0, -6670, 0, 1]	3559112000	244.250473162	"4T1"	[2, 2, 4]
"4.4.3563030528.2"	[3479522, 0, -5276, 0, 1]	3563030528	244.317674434	"4T1"	[]
"4.4.3573843968.2"	[3490082, 0, -5284, 0, 1]	3573843968	244.502833744	"4T1"	[2, 2]
"4.4.3576769925.1"	[74459, -6158, -2060, -1, 1]	3576769925	244.552862875	"4T1"	[2]
"4.4.3577598021.1"	[258935, 8332, -2780, -1, 1]	3577598021	244.567016404	"4T1"	[]
"4.4.3586477781.1"	[539701, 1496, -1502, -1, 1]	3586477781	244.718631956	"4T1"	[]
"4.4.3606382592.2"	[3521858, 0, -5308, 0, 1]	3606382592	245.057472264	"4T1"	[]
"4.4.3611001717.1"	[1477533, 2472, -2474, -1, 1]	3611001717	245.135903198	"4T1"	[2]
"4.4.3614286161.1"	[532832, -4692, -2352, -1, 1]	3614286161	245.19162601	"4T1"	[2]
"4.4.3625216000.1"	[141610, 0, -2380, 0, 1]	3625216000	245.376785067	"4T1"	[2, 4]
"4.4.3625216000.2"	[1274490, 0, -2380, 0, 1]	3625216000	245.376785067	"4T1"	[2, 20]
"4.4.3630961153.1"	[-29209, 7781, -576, -1, 1]	3630961153	245.473944116	"4T1"	[2, 2]
"4.4.3630961153.2"	[-15376, 6244, -576, -1, 1]	3630961153	245.473944116	"4T1"	[2, 2]
"4.4.3632318464.1"	[110466, 0, -1292, 0, 1]	3632318464	245.496881416	"4T1"	[2, 4]
"4.4.3632318464.2"	[306850, 0, -1292, 0, 1]	3632318464	245.496881416	"4T1"	[2, 4]
"4.4.3639068672.2"	[3553778, 0, -5332, 0, 1]	3639068672	245.610858304	"4T1"	[2]
"4.4.3644699968.2"	[1347892, 0, -4186, 0, 1]	3644699968	245.705821169	"4T1"	[2, 2]
"4.4.3647016000.1"	[26640, 0, -1110, 0, 1]	3647016000	245.744845437	"4T1"	[2, 4]
"4.4.3647016000.2"	[106560, 0, -1110, 0, 1]	3647016000	245.744845437	"4T1"	[2, 4]
"4.4.3655658393.1"	[54674, -5927, -1019, -1, 1]	3655658393	245.890302628	"4T1"	[2]
"4.4.3656304589.1"	[45815, -5131, -789, -1, 1]	3656304589	245.901168167	"4T1"	[5]
"4.4.3660260953.1"	[678026, 3545, -1779, -1, 1]	3660260953	245.967661534	"4T1"	[2]
"4.4.3660976549.1"	[544725, 5814, -1944, -1, 1]	3660976549	245.979682574	"4T1"	[]
"4.4.3671617616.1"	[272861, 0, -2813, 0, 1]	3671617616	246.158230433	"4T1"	[2]
"4.4.3676116125.2"	[9186901, 6779, -6779, -1, 1]	3676116125	246.233594804	"4T1"	[2, 2, 2]
"4.4.3685542352.1"	[49653, 0, -613, 0, 1]	3685542352	246.391290124	"4T1"	[]
"4.4.3693873152.5"	[3607298, 0, -5372, 0, 1]	3693873152	246.530407975	"4T1"	[2, 2]
"4.4.3704642000.1"	[9261605, 0, -6805, 0, 1]	3704642000	246.709891061	"4T1"	[4, 8]
"4.4.3709603904.2"	[551696, 0, -2378, 0, 1]	3709603904	246.792458852	"4T1"	[2, 4, 4]
"4.4.3710105993.1"	[3205742, 1, -3695, -1, 1]	3710105993	246.800809171	"4T1"	[2]
"4.4.3718967173.1"	[74621, -6074, -1236, -1, 1]	3718967173	246.948041513	"4T1"	[]
"4.4.3720006973.1"	[1522229, 2509, -2511, -1, 1]	3720006973	246.965300986	"4T1"	[]
"4.4.3726952448.2"	[3639602, 0, -5396, 0, 1]	3726952448	247.080495103	"4T1"	[2]
"4.4.3728614709.1"	[270013, 8506, -2838, -1, 1]	3728614709	247.108040638	"4T1"	[2]
"4.4.3741652169.1"	[551692, -4774, -2393, -1, 1]	3741652169	247.323767237	"4T1"	[2]
"4.4.3745539377.1"	[-4568, 4756, -582, -1, 1]	3745539377	247.387978484	"4T1"	[]
"4.4.3749778929.1"	[174737, -1809, -948, -1, 1]	3749778929	247.457953006	"4T1"	[2]
"4.4.3756779801.2"	[466190, -3243, -1635, -1, 1]	3756779801	247.573373801	"4T1"	[2, 2]
"4.4.3767287616.1"	[38900, 0, -778, 0, 1]	3767287616	247.746309876	"4T1"	[]
"4.4.3771287552.2"	[3682898, 0, -5428, 0, 1]	3771287552	247.812045172	"4T1"	[2]
"4.4.3776030037.2"	[1394331, -4260, -4262, -1, 1]	3776030037	247.889915865	"4T1"	[2, 2, 2]
"4.4.3784042496.1"	[21866, 0, -1508, 0, 1]	3784042496	248.021312415	"4T1"	[2, 2]
"4.4.3784042496.2"	[546650, 0, -1508, 0, 1]	3784042496	248.021312415	"4T1"	[2, 2]
"4.4.3793553408.2"	[3704642, 0, -5444, 0, 1]	3793553408	248.177011563	"4T1"	[2]
"4.4.3804710912.2"	[3715538, 0, -5452, 0, 1]	3804710912	248.359293638	"4T1"	[2]
"4.4.3805293725.2"	[275639, 8593, -2867, -1, 1]	3805293725	248.368804132	"4T1"	[2, 2]
"4.4.3815884800.2"	[3726450, 0, -5460, 0, 1]	3815884800	248.541442026	"4T1"	[2, 2, 2]
"4.4.3827075072.2"	[3737378, 0, -5468, 0, 1]	3827075072	248.723457021	"4T1"	[]
"4.4.3828052800.2"	[1415700, 0, -4290, 0, 1]	3828052800	248.739341253	"4T1"	[2, 2, 2]
"4.4.3832754125.1"	[22271, 8399, -1689, -1, 1]	3832754125	248.815676819	"4T1"	[4]
"4.4.3832754125.2"	[290871, -5031, -1689, -1, 1]	3832754125	248.815676819	"4T1"	[4]
"4.4.3838624016.2"	[570884, 0, -2419, 0, 1]	3838624016	248.910887913	"4T1"	[2, 2]
"4.4.3854456573.1"	[101731, -4339, -911, -1, 1]	3854456573	249.167152595	"4T1"	[]
"4.4.3856043425.1"	[94611, -6299, -1588, -1, 1]	3856043425	249.192793717	"4T1"	[2, 2]
"4.4.3860744192.1"	[3770258, 0, -5492, 0, 1]	3860744192	249.268704567	"4T1"	[2]
"4.4.3871223649.1"	[570880, -4856, -2434, -1, 1]	3871223649	249.437684032	"4T1"	[2]
"4.4.3882753189.1"	[281323, 8680, -2896, -1, 1]	3882753189	249.62320001	"4T1"	[2, 2]
"4.4.3895220941.1"	[579861, 5997, -2005, -1, 1]	3895220941	249.823347908	"4T1"	[]
"4.4.3896583821.1"	[111725, -5235, -1077, -1, 1]	3896583821	249.845197412	"4T1"	[2, 4]
"4.4.3896583821.2"	[229297, 3163, -1077, -1, 1]	3896583821	249.845197412	"4T1"	[2, 4]
"4.4.3905865728.1"	[3814322, 0, -5524, 0, 1]	3905865728	249.993851421	"4T1"	[2]
"4.4.3917866937.2"	[3385364, 1, -3797, -1, 1]	3917866937	250.185664063	"4T1"	[2, 2]
"4.4.3939878912.2"	[3847538, 0, -5548, 0, 1]	3939878912	250.536334196	"4T1"	[2, 2]
"4.4.3953044017.1"	[3415777, 1, -3814, -1, 1]	3953044017	250.745364234	"4T1"	[2, 2, 2]
"4.4.3954916944.1"	[597861, 0, -2013, 0, 1]	3954916944	250.775059347	"4T1"	[2, 2]
"4.4.3955513013.1"	[82621, -6476, -2166, -1, 1]	3955513013	250.784507762	"4T1"	[]
"4.4.3960993101.1"	[287065, 8767, -2925, -1, 1]	3960993101	250.871323792	"4T1"	[2, 4]
"4.4.3962616853.1"	[1463283, -4364, -4366, -1, 1]	3962616853	250.897030111	"4T1"	[2, 2]
"4.4.3968362417.1"	[735477, 3691, -1852, -1, 1]	3968362417	250.987927228	"4T1"	[2]
"4.4.3980675024.1"	[295829, 0, -2929, 0, 1]	3980675024	251.182385689	"4T1"	[2]
"4.4.3981731024.1"	[629, 0, -629, 0, 1]	3981731024	251.199042551	"4T1"	[20]
"4.4.3981731024.2"	[15725, 0, -629, 0, 1]	3981731024	251.199042551	"4T1"	[4]
"4.4.3981876625.1"	[-29824, 8024, -594, -1, 1]	3981876625	251.201338935	"4T1"	[2]
"4.4.3981876625.2"	[3461, -3071, -594, -1, 1]	3981876625	251.201338935	"4T1"	[2]
"4.4.4003000601.2"	[590396, -4938, -2475, -1, 1]	4003000601	251.533835875	"4T1"	[2, 2]
"4.4.4004195792.1"	[89093, 0, -2173, 0, 1]	4004195792	251.552609125	"4T1"	[2]
"4.4.4004529472.1"	[14292, 0, -794, 0, 1]	4004529472	251.557849594	"4T1"	[]
"4.4.4008347648.2"	[3914402, 0, -5596, 0, 1]	4008347648	251.617791025	"4T1"	[]
"4.4.4031301632.2"	[3936818, 0, -5612, 0, 1]	4031301632	251.977245195	"4T1"	[2]
"4.4.4040013461.1"	[292865, 8854, -2954, -1, 1]	4040013461	252.113268629	"4T1"	[10]
"4.4.4044402317.1"	[305143, 1145, -1157, -1, 1]	4044402317	252.181711368	"4T1"	[]
"4.4.4045283569.1"	[225, 8209, -1054, -1, 1]	4045283569	252.195447482	"4T1"	[2]
"4.4.4053097673.1"	[305488, 5996, -1511, -1, 1]	4053097673	252.317148193	"4T1"	[2]
"4.4.4056748117.1"	[1660313, 2620, -2622, -1, 1]	4056748117	252.373941711	"4T1"	[]
"4.4.4059890496.1"	[301716, 0, -2958, 0, 1]	4059890496	252.422800076	"4T1"	[2, 2]
"4.4.4065855488.2"	[3970562, 0, -5636, 0, 1]	4065855488	252.515467052	"4T1"	[2]
"4.4.4071900944.1"	[514064, 0, -1691, 0, 1]	4071900944	252.609280069	"4T1"	[2]
"4.4.4077406208.2"	[3981842, 0, -5644, 0, 1]	4077406208	252.694619587	"4T1"	[2, 2]
"4.4.4081518493.1"	[1507223, -4429, -4431, -1, 1]	4081518493	252.758309557	"4T1"	[2, 2]
"4.4.4085658000.1"	[10980, 0, -915, 0, 1]	4085658000	252.822372545	"4T1"	[2, 2, 4]
"4.4.4085658000.2"	[175680, 0, -915, 0, 1]	4085658000	252.822372545	"4T1"	[2, 2, 4]
"4.4.4094091125.1"	[10231651, 7154, -7154, -1, 1]	4094091125	252.952733087	"4T1"	[2]
"4.4.4095324497.1"	[3538789, 1, -3882, -1, 1]	4095324497	252.971781856	"4T1"	[2]
"4.4.4103684801.1"	[10000, 100, -600, -1, 1]	4103684801	253.100788964	"4T1"	[7]
"4.4.4114164800.1"	[54800, 0, -1370, 0, 1]	4114164800	253.262226774	"4T1"	[2, 2, 4]
"4.4.4126796864.1"	[160400, 0, -802, 0, 1]	4126796864	253.456406385	"4T1"	[5, 10]
"4.4.4140896832.1"	[250128, 0, -1158, 0, 1]	4140896832	253.672624773	"4T1"	[2, 2]
"4.4.4147054592.2"	[4049858, 0, -5692, 0, 1]	4147054592	253.766878801	"4T1"	[]
"4.4.4152030653.1"	[86861, -6635, -2219, -1, 1]	4152030653	253.842968447	"4T1"	[]
"4.4.4157286125.1"	[10389611, 7209, -7209, -1, 1]	4157286125	253.923256381	"4T1"	[2]
"4.4.4158363200.2"	[3597200, 0, -3910, 0, 1]	4158363200	253.939701474	"4T1"	[2, 2]
"4.4.4165509529.1"	[9698, 905, -603, -1, 1]	4165509529	254.048732854	"4T1"	[]
"4.4.4170401792.1"	[4072658, 0, -5708, 0, 1]	4170401792	254.123293132	"4T1"	[]
"4.4.4172236957.1"	[1707673, 2657, -2659, -1, 1]	4172236957	254.151244949	"4T1"	[2, 2]
"4.4.4173567625.1"	[187856, -5356, -1359, -1, 1]	4173567625	254.171506891	"4T1"	[2, 8]
"4.4.4173567625.2"	[434646, 9, -1359, -1, 1]	4173567625	254.171506891	"4T1"	[2, 8]
"4.4.4179761201.1"	[519145, -3421, -1724, -1, 1]	4179761201	254.265752114	"4T1"	[2]
"4.4.4182099968.1"	[4084082, 0, -5716, 0, 1]	4182099968	254.301312974	"4T1"	[2]
"4.4.4183713792.1"	[1098, 0, -732, 0, 1]	4183713792	254.325842408	"4T1"	[4]
"4.4.4183713792.2"	[132858, 0, -732, 0, 1]	4183713792	254.325842408	"4T1"	[4]
"4.4.4194601488.1"	[3628548, 0, -3927, 0, 1]	4194601488	254.491145558	"4T1"	[2, 2, 2]
"4.4.4198240576.1"	[634644, 0, -2074, 0, 1]	4198240576	254.54632449	"4T1"	[3, 6]
"4.4.4200395525.2"	[304639, 9028, -3012, -1, 1]	4200395525	254.578982742	"4T1"	[2, 2]
"4.4.4205545472.2"	[4106978, 0, -5732, 0, 1]	4205545472	254.65697932	"4T1"	[2]
"4.4.4207607872.1"	[789568, 0, -1898, 0, 1]	4207607872	254.688194533	"4T1"	[2, 2]
"4.4.4226520493.1"	[1560809, -4507, -4509, -1, 1]	4226520493	254.973910524	"4T1"	[2]
"4.4.4230707125.1"	[25161, 8824, -1774, -1, 1]	4230707125	255.037028971	"4T1"	[4]
"4.4.4230707125.2"	[321471, -5286, -1774, -1, 1]	4230707125	255.037028971	"4T1"	[4]
"4.4.4238917184.2"	[630416, 0, -2542, 0, 1]	4238917184	255.160669474	"4T1"	[2, 2]
"4.4.4240836608.2"	[4141442, 0, -5756, 0, 1]	4240836608	255.189549394	"4T1"	[]
"4.4.4273170921.1"	[630412, -5102, -2557, -1, 1]	4273170921	255.674588765	"4T1"	[2]
"4.4.4281757229.1"	[310613, 9115, -3041, -1, 1]	4281757229	255.802927214	"4T1"	[]
"4.4.4288120832.2"	[4187618, 0, -5788, 0, 1]	4288120832	255.897918694	"4T1"	[]
"4.4.4289346693.1"	[1755699, 2694, -2696, -1, 1]	4289346693	255.916205356	"4T1"	[2]
"4.4.4311861248.1"	[4210802, 0, -5804, 0, 1]	4311861248	256.251369027	"4T1"	[13]
"4.4.4317544400.1"	[138125, 0, -1105, 0, 1]	4317544400	256.335763917	"4T1"	[2, 2, 4]
"4.4.4317544400.2"	[270725, 0, -1105, 0, 1]	4317544400	256.335763917	"4T1"	[2, 2, 4]
"4.4.4317935125.1"	[-21619, 8594, -834, -1, 1]	4317935125	256.341563128	"4T1"	[2, 4]
"4.4.4317935125.2"	[90521, -3866, -834, -1, 1]	4317935125	256.341563128	"4T1"	[2, 4]
"4.4.4318877392.1"	[1774557, 0, -2701, 0, 1]	4318877392	256.355546804	"4T1"	[2, 2]
"4.4.4322444393.1"	[43604, 8434, -1421, -1, 1]	4322444393	256.408462026	"4T1"	[2]
"4.4.4323756032.1"	[4222418, 0, -5812, 0, 1]	4323756032	256.4279115	"4T1"	[2]
"4.4.4323977216.1"	[24986, 0, -1612, 0, 1]	4323977216	256.431190863	"4T1"	[4]
"4.4.4323977216.2"	[624650, 0, -1612, 0, 1]	4323977216	256.431190863	"4T1"	[3, 12]
"4.4.4324594573.2"	[1597053, -4559, -4561, -1, 1]	4324594573	256.440343381	"4T1"	[2, 2]
"4.4.4333266000.3"	[37485, 0, -1785, 0, 1]	4333266000	256.568796671	"4T1"	[2, 2, 2, 4]
"4.4.4333266000.4"	[337365, 0, -1785, 0, 1]	4333266000	256.568796671	"4T1"	[2, 2, 4, 4]
"4.4.4335245029.1"	[-8227, -7600, -1116, -1, 1]	4335245029	256.598085788	"4T1"	[3]
"4.4.4345236153.1"	[107124, -6687, -1685, -1, 1]	4345236153	256.745798928	"4T1"	[10]
"4.4.4347594752.5"	[4245698, 0, -5828, 0, 1]	4347594752	256.780632315	"4T1"	[2, 4]
"4.4.4359538688.1"	[4257362, 0, -5836, 0, 1]	4359538688	256.956811157	"4T1"	[5]
"4.4.4374053437.1"	[1615331, -4585, -4587, -1, 1]	4374053437	257.170424127	"4T1"	[2, 10]
"4.4.4378747456.2"	[163600, 0, -818, 0, 1]	4378747456	257.239392041	"4T1"	[2, 2]
"4.4.4383475712.3"	[4280738, 0, -5852, 0, 1]	4383475712	257.308806954	"4T1"	[2, 2]
"4.4.4384556864.2"	[325844, 0, -3074, 0, 1]	4384556864	257.324671317	"4T1"	[2, 2]
"4.4.4385499901.1"	[653427, 6363, -2127, -1, 1]	4385499901	257.338506644	"4T1"	[]
"4.4.4403734848.1"	[347508, 0, -1182, 0, 1]	4403734848	257.605594488	"4T1"	[2]
"4.4.4408077325.1"	[1804391, 2731, -2733, -1, 1]	4408077325	257.669076566	"4T1"	[2]
"4.4.4411564289.1"	[650912, -5184, -2598, -1, 1]	4411564289	257.720018072	"4T1"	[2]
"4.4.4415658768.1"	[101412, 0, -939, 0, 1]	4415658768	257.779796308	"4T1"	[2, 2]
"4.4.4424652713.1"	[3823522, 1, -4035, -1, 1]	4424652713	257.910959554	"4T1"	[2, 2]
"4.4.4431546368.2"	[4327682, 0, -5884, 0, 1]	4431546368	258.011357905	"4T1"	[]
"4.4.4437264384.1"	[134946, 0, -1428, 0, 1]	4437264384	258.094545558	"4T1"	[2, 2, 4]
"4.4.4437264384.2"	[374850, 0, -1428, 0, 1]	4437264384	258.094545558	"4T1"	[2, 2, 4]
"4.4.4444671125.2"	[11107951, 7454, -7454, -1, 1]	4444671125	258.202181922	"4T1"	[2, 2]
"4.4.4446821981.1"	[322735, 9289, -3099, -1, 1]	4446821981	258.23341342	"4T1"	[2]
"4.4.4455121232.1"	[79013, 0, -653, 0, 1]	4455121232	258.353816577	"4T1"	[]
"4.4.4479879168.2"	[4374882, 0, -5916, 0, 1]	4479879168	258.712001036	"4T1"	[2, 2, 4]
"4.4.4480087248.1"	[1656837, 0, -4641, 0, 1]	4480087248	258.715005127	"4T1"	[2, 2, 2, 2]
"4.4.4483962449.1"	[-4232, -4844, -618, -1, 1]	4483962449	258.770933033	"4T1"	[4]
"4.4.4483962449.2"	[8960, 1752, -618, -1, 1]	4483962449	258.770933033	"4T1"	[4]
"4.4.4492003328.2"	[4386722, 0, -5924, 0, 1]	4492003328	258.886865538	"4T1"	[2]
"4.4.4499566137.1"	[3888292, 1, -4069, -1, 1]	4499566137	258.995763331	"4T1"	[2, 2]
"4.4.4504143872.1"	[4398578, 0, -5932, 0, 1]	4504143872	259.061612008	"4T1"	[]
"4.4.4507995949.1"	[582453, -1601, -1621, -1, 1]	4507995949	259.11698354	"4T1"	[]
"4.4.4528384000.1"	[176890, 0, -2660, 0, 1]	4528384000	259.409461293	"4T1"	[2, 4]
"4.4.4528384000.2"	[1592010, 0, -2660, 0, 1]	4528384000	259.409461293	"4T1"	[2, 4]
"4.4.4528428853.1"	[1853749, 2768, -2770, -1, 1]	4528428853	259.410103644	"4T1"	[2]
"4.4.4528474112.2"	[4422338, 0, -5948, 0, 1]	4528474112	259.410751805	"4T1"	[]
"4.4.4530525029.1"	[328883, 9376, -3128, -1, 1]	4530525029	259.440118186	"4T1"	[]
"4.4.4540663808.2"	[4434242, 0, -5956, 0, 1]	4540663808	259.585145607	"4T1"	[2]
"4.4.4549540393.1"	[356, 4246, -621, -1, 1]	4549540393	259.71191905	"4T1"	[]
"4.4.4552163129.1"	[671740, -5266, -2639, -1, 1]	4552163129	259.749340884	"4T1"	[2]
"4.4.4557401125.1"	[44071, 8264, -1204, -1, 1]	4557401125	259.824029515	"4T1"	[2, 4]
"4.4.4557401125.2"	[317541, -1166, -1204, -1, 1]	4557401125	259.824029515	"4T1"	[2, 4]
"4.4.4565092352.1"	[4458098, 0, -5972, 0, 1]	4565092352	259.933582201	"4T1"	[2]
"4.4.4577331200.2"	[4470050, 0, -5980, 0, 1]	4577331200	260.107625463	"4T1"	[2, 2]
"4.4.4588935125.1"	[11468551, 7574, -7574, -1, 1]	4588935125	260.272317733	"4T1"	[2]
"4.4.4601858048.1"	[4494002, 0, -5996, 0, 1]	4601858048	260.455363085	"4T1"	[]
"4.4.4605500225.1"	[65984, -4232, -782, -1, 1]	4605500225	260.506882662	"4T1"	[2]
"4.4.4614146048.4"	[4506002, 0, -6004, 0, 1]	4614146048	260.629057912	"4T1"	[2]
"4.4.4620876496.1"	[5949, 0, -661, 0, 1]	4620876496	260.724047949	"4T1"	[]
"4.4.4621910977.2"	[857387, 3983, -1998, -1, 1]	4621910977	260.738638873	"4T1"	[2, 4]
"4.4.4625021189.1"	[697463, 1698, -1704, -1, 1]	4625021189	260.782492373	"4T1"	[]
"4.4.4641534469.3"	[691857, 6546, -2188, -1, 1]	4641534469	261.014957278	"4T1"	[2, 2]
"4.4.4648312125.1"	[28221, 9249, -1859, -1, 1]	4648312125	261.110189885	"4T1"	[2, 4]
"4.4.4648312125.2"	[353601, -5541, -1859, -1, 1]	4648312125	261.110189885	"4T1"	[2, 4]
"4.4.4675831808.2"	[4566242, 0, -6044, 0, 1]	4675831808	261.495801434	"4T1"	[13]
"4.4.4688218112.5"	[4578338, 0, -6052, 0, 1]	4688218112	261.668805622	"4T1"	[2, 2, 2]
"4.4.4700272469.1"	[341353, 9550, -3186, -1, 1]	4700272469	261.836844542	"4T1"	[17]
"4.4.4702390693.2"	[1736673, -4754, -4756, -1, 1]	4702390693	261.866339395	"4T1"	[2, 2]
"4.4.4713039872.2"	[4602578, 0, -6068, 0, 1]	4713039872	262.014471302	"4T1"	[2, 2, 2]
"4.4.4721710400.2"	[350900, 0, -3190, 0, 1]	4721710400	262.134894547	"4T1"	[2, 2, 4]
"4.4.4750395392.1"	[4639058, 0, -6092, 0, 1]	4750395392	262.532116465	"4T1"	[]
"4.4.4755784000.1"	[41140, 0, -1870, 0, 1]	4755784000	262.606535601	"4T1"	[2, 4]
"4.4.4755784000.2"	[370260, 0, -1870, 0, 1]	4755784000	262.606535601	"4T1"	[2, 4]
"4.4.4770167957.1"	[100217, -7112, -2378, -1, 1]	4770167957	262.804875373	"4T1"	[]
"4.4.4773994597.1"	[1954463, 2842, -2844, -1, 1]	4773994597	262.857565198	"4T1"	[]
"4.4.4775581504.1"	[82516, 0, -842, 0, 1]	4775581504	262.879406368	"4T1"	[]
"4.4.4786316861.1"	[347675, 9637, -3215, -1, 1]	4786316861	263.027018151	"4T1"	[]
"4.4.4794973625.1"	[-3604, -7911, -1029, -1, 1]	4794973625	263.145868416	"4T1"	[2, 2, 2]
"4.4.4794973625.2"	[186716, 3984, -1029, -1, 1]	4794973625	263.145868416	"4T1"	[2, 2, 2]
"4.4.4795795472.4"	[4148612, 0, -4199, 0, 1]	4795795472	263.157143334	"4T1"	[2, 2, 2, 2]
"4.4.4800432128.1"	[4687922, 0, -6124, 0, 1]	4800432128	263.220726478	"4T1"	[]
"4.4.4800636869.1"	[14743, -7232, -864, -1, 1]	4800636869	263.22353306	"4T1"	[]
"4.4.4803595600.1"	[5725, 0, -1145, 0, 1]	4803595600	263.264081205	"4T1"	[2, 6]
"4.4.4805508473.1"	[4152812, 1, -4205, -1, 1]	4805508473	263.290286345	"4T1"	[2]
"4.4.4805807877.3"	[1774893, -4806, -4808, -1, 1]	4805807877	263.29438728	"4T1"	[2, 2, 2, 2]
"4.4.4838131712.3"	[4724738, 0, -6148, 0, 1]	4838131712	263.736004087	"4T1"	[2, 2]
"4.4.4839977225.1"	[714380, -5430, -2721, -1, 1]	4839977225	263.761151119	"4T1"	[2, 2]
"4.4.4857841625.1"	[276656, 8649, -2169, -1, 1]	4857841625	264.004201167	"4T1"	[2, 4]
"4.4.4857841625.2"	[1141156, 4, -2169, -1, 1]	4857841625	264.004201167	"4T1"	[2, 4]
"4.4.4863346688.2"	[4749362, 0, -6164, 0, 1]	4863346688	264.078963925	"4T1"	[2]
"4.4.4863634417.1"	[120413, -7075, -1782, -1, 1]	4863634417	264.082869748	"4T1"	[2]
"4.4.4875978752.2"	[4761698, 0, -6172, 0, 1]	4875978752	264.250276927	"4T1"	[]
"4.4.4887035873.1"	[-31189, -8379, -636, -1, 1]	4887035873	264.399957947	"4T1"	[17]
"4.4.4899208813.1"	[2005819, 2879, -2881, -1, 1]	4899208813	264.564450439	"4T1"	[]
"4.4.4899907584.1"	[28314, 0, -1716, 0, 1]	4899907584	264.573883599	"4T1"	[2, 4]
"4.4.4899907584.2"	[707850, 0, -1716, 0, 1]	4899907584	264.573883599	"4T1"	[2, 4]
"4.4.4901292032.5"	[4786418, 0, -6188, 0, 1]	4901292032	264.592570175	"4T1"	[2, 2, 2]
"4.4.4905657377.1"	[279872, 16, -1124, -1, 1]	4905657377	264.651465476	"4T1"	[6]
"4.4.4913973248.1"	[4798802, 0, -6196, 0, 1]	4913973248	264.763550852	"4T1"	[2]
"4.4.4916921152.2"	[1818388, 0, -4862, 0, 1]	4916921152	264.80324999	"4T1"	[2, 2, 4]
"4.4.4922830913.1"	[4254251, 1, -4256, -1, 1]	4922830913	264.882782436	"4T1"	[2, 2, 2]
"4.4.4939384832.2"	[4823618, 0, -6212, 0, 1]	4939384832	265.105181382	"4T1"	[2, 4]
"4.4.4950181904.1"	[736196, 0, -2747, 0, 1]	4950181904	265.24993708	"4T1"	[2]
"4.4.4960746989.1"	[360493, 9811, -3273, -1, 1]	4960746989	265.3913535	"4T1"	[2]
"4.4.4962312000.1"	[66420, 0, -1230, 0, 1]	4962312000	265.412282367	"4T1"	[2, 2, 4]
"4.4.4962312000.2"	[361620, 0, -1230, 0, 1]	4962312000	265.412282367	"4T1"	[2, 2, 4]
"4.4.4964619728.1"	[114413, 0, -677, 0, 1]	4964619728	265.443134547	"4T1"	[]
"4.4.4967358073.1"	[921846, 4129, -2071, -1, 1]	4967358073	265.479729725	"4T1"	[2]
"4.4.4971791824.1"	[751581, 0, -2257, 0, 1]	4971791824	265.538950201	"4T1"	[2]
"4.4.4975786037.1"	[-6253, 9396, -1362, -1, 1]	4975786037	265.592265977	"4T1"	[]
"4.4.4977625088.2"	[4860962, 0, -6236, 0, 1]	4977625088	265.616803308	"4T1"	[]
"4.4.4985741853.1"	[104881, -7271, -2431, -1, 1]	4985741853	265.725019176	"4T1"	[2]
"4.4.4987192481.2"	[736192, -5512, -2762, -1, 1]	4987192481	265.744345593	"4T1"	[4, 4]
"4.4.4991220125.2"	[12474101, 7899, -7899, -1, 1]	4991220125	265.797982967	"4T1"	[2, 2]
"4.4.5028841472.2"	[4910978, 0, -6268, 0, 1]	5028841472	266.297436848	"4T1"	[]
"4.4.5040379712.1"	[112148, 0, -2438, 0, 1]	5040379712	266.450054682	"4T1"	[2]
"4.4.5049132725.2"	[366989, 9898, -3302, -1, 1]	5049132725	266.565657259	"4T1"	[2, 2, 2, 4]
"4.4.5054547968.1"	[4936082, 0, -6284, 0, 1]	5054547968	266.637102084	"4T1"	[]
"4.4.5061888000.1"	[10530, 0, -780, 0, 1]	5061888000	266.733849607	"4T1"	[4, 4]
"4.4.5061888000.2"	[57330, 0, -780, 0, 1]	5061888000	266.733849607	"4T1"	[4, 4]
"4.4.5061888000.3"	[94770, 0, -780, 0, 1]	5061888000	266.733849607	"4T1"	[4, 4]
"4.4.5061888000.4"	[141570, 0, -780, 0, 1]	5061888000	266.733849607	"4T1"	[4, 4]
"4.4.5071351104.1"	[376884, 0, -3306, 0, 1]	5071351104	266.85842578	"4T1"	[2, 2]
"4.4.5079464000.1"	[300560, 0, -2210, 0, 1]	5079464000	266.965088532	"4T1"	[2, 2, 4]
"4.4.5079464000.2"	[1202240, 0, -2210, 0, 1]	5079464000	266.965088532	"4T1"	[2, 2, 4]
"4.4.5083129856.3"	[90650, 0, -1036, 0, 1]	5083129856	267.013242768	"4T1"	[4]
"4.4.5083129856.4"	[177674, 0, -1036, 0, 1]	5083129856	267.013242768	"4T1"	[4]
"4.4.5085569125.1"	[31451, 9674, -1944, -1, 1]	5085569125	267.045270277	"4T1"	[2, 4]
"4.4.5085569125.2"	[387261, -5796, -1944, -1, 1]	5085569125	267.045270277	"4T1"	[2, 20]
"4.4.5093230592.1"	[4973858, 0, -6308, 0, 1]	5093230592	267.145790181	"4T1"	[2]
"4.4.5093401025.2"	[633599, -3777, -1902, -1, 1]	5093401025	267.148025005	"4T1"	[2, 2, 2]
"4.4.5097328361.1"	[7684, 2689, -645, -1, 1]	5097328361	267.199507149	"4T1"	[]
"4.4.5106157568.1"	[4986482, 0, -6316, 0, 1]	5106157568	267.315137767	"4T1"	[]
"4.4.5124738625.1"	[231936, -5936, -1504, -1, 1]	5124738625	267.557993285	"4T1"	[2, 4]
"4.4.5124738625.2"	[535131, 9, -1504, -1, 1]	5124738625	267.557993285	"4T1"	[2, 4]
"4.4.5132060672.2"	[5011778, 0, -6332, 0, 1]	5132060672	267.653511495	"4T1"	[]
"4.4.5142706000.1"	[55485, 0, -685, 0, 1]	5142706000	267.792200706	"4T1"	[4]
"4.4.5142706000.2"	[115765, 0, -685, 0, 1]	5142706000	267.792200706	"4T1"	[4]
"4.4.5143534429.1"	[192663, 2901, -1003, -1, 1]	5143534429	267.802984592	"4T1"	[]
"4.4.5154499933.1"	[2110529, 2953, -2955, -1, 1]	5154499933	267.945602959	"4T1"	[2]
"4.4.5175393781.1"	[772011, 6912, -2310, -1, 1]	5175393781	268.216721635	"4T1"	[3, 3]
"4.4.5182266193.1"	[101088, -6084, -1056, -1, 1]	5182266193	268.305718662	"4T1"	[2]
"4.4.5184063488.1"	[5062562, 0, -6364, 0, 1]	5184063488	268.328978844	"4T1"	[10]
"4.4.5193747341.1"	[783919, 1799, -1805, -1, 1]	5193747341	268.454201083	"4T1"	[]
"4.4.5194429200.1"	[406800, 0, -1695, 0, 1]	5194429200	268.463011624	"4T1"	[2, 2]
"4.4.5195695168.1"	[62352, 0, -866, 0, 1]	5195695168	268.479367345	"4T1"	[2]
"4.4.5206079813.2"	[109651, -7430, -2484, -1, 1]	5206079813	268.613419458	"4T1"	[2, 2]
"4.4.5210163200.3"	[5088050, 0, -6380, 0, 1]	5210163200	268.666075684	"4T1"	[2, 2]
"4.4.5210405200.2"	[1926925, 0, -5005, 0, 1]	5210405200	268.669195359	"4T1"	[2, 2, 2]
"4.4.5223237632.1"	[5100818, 0, -6388, 0, 1]	5223237632	268.834465595	"4T1"	[2]
"4.4.5228245541.1"	[380155, 10072, -3360, -1, 1]	5228245541	268.898880372	"4T1"	[5]
"4.4.5234944000.2"	[204490, 0, -2860, 0, 1]	5234944000	268.98496773	"4T1"	[2, 2, 4]
"4.4.5234944000.3"	[1840410, 0, -2860, 0, 1]	5234944000	268.98496773	"4T1"	[4, 4, 4]
"4.4.5244169024.2"	[792756, 0, -2318, 0, 1]	5244169024	269.103390902	"4T1"	[2]
"4.4.5249435648.2"	[5126402, 0, -6404, 0, 1]	5249435648	269.170929388	"4T1"	[2, 2]
"4.4.5266130944.1"	[13426, 0, -548, 0, 1]	5266130944	269.384692301	"4T1"	[2, 4]
"4.4.5266130944.2"	[61650, 0, -548, 0, 1]	5266130944	269.384692301	"4T1"	[2, 4]
"4.4.5271599248.1"	[140068, 0, -1843, 0, 1]	5271599248	269.45459676	"4T1"	[2]
"4.4.5279625125.1"	[13195001, 8124, -8124, -1, 1]	5279625125	269.557097716	"4T1"	[2]
"4.4.5284576837.1"	[2163883, 2990, -2992, -1, 1]	5284576837	269.620279281	"4T1"	[10]
"4.4.5288239409.1"	[780800, -5676, -2844, -1, 1]	5288239409	269.666983453	"4T1"	[2]
"4.4.5288855552.2"	[5164898, 0, -6428, 0, 1]	5288855552	269.674837965	"4T1"	[]
"4.4.5292718400.2"	[372500, 0, -1490, 0, 1]	5292718400	269.724065426	"4T1"	[2, 2]
"4.4.5302028288.2"	[5177762, 0, -6436, 0, 1]	5302028288	269.842598378	"4T1"	[2]
"4.4.5313568625.1"	[-31744, -8616, -654, -1, 1]	5313568625	269.989312796	"4T1"	[4]
"4.4.5313568625.2"	[-16039, 7089, -654, -1, 1]	5313568625	269.989312796	"4T1"	[4]
"4.4.5318972621.1"	[386825, 10159, -3389, -1, 1]	5318972621	270.057932642	"4T1"	[]
"4.4.5322704896.1"	[161874, 0, -1564, 0, 1]	5322704896	270.105294484	"4T1"	[2, 4]
"4.4.5322704896.2"	[449650, 0, -1564, 0, 1]	5322704896	270.105294484	"4T1"	[2, 4]
"4.4.5324896625.1"	[25616, -8036, -1364, -1, 1]	5324896625	270.133095491	"4T1"	[2, 2]
"4.4.5324896625.2"	[138281, 8059, -1364, -1, 1]	5324896625	270.133095491	"4T1"	[2, 2]
"4.4.5328422912.1"	[5203538, 0, -6452, 0, 1]	5328422912	270.177806704	"4T1"	[2]
"4.4.5341644800.2"	[5216450, 0, -6460, 0, 1]	5341644800	270.345255004	"4T1"	[2, 2, 2]
"4.4.5365118825.2"	[4636666, 1, -4443, -1, 1]	5365118825	270.641776966	"4T1"	[2, 2]
"4.4.5368137728.1"	[5242322, 0, -6476, 0, 1]	5368137728	270.679840844	"4T1"	[]
"4.4.5369019737.2"	[406736, 6900, -1737, -1, 1]	5369019737	270.690958636	"4T1"	[2, 2]
"4.4.5378181625.1"	[152316, 6774, -1159, -1, 1]	5378181625	270.806364005	"4T1"	[2, 2]
"4.4.5378181625.2"	[287466, 2269, -1159, -1, 1]	5378181625	270.806364005	"4T1"	[2, 2]
"4.4.5381408768.1"	[5255282, 0, -6484, 0, 1]	5381408768	270.846978767	"4T1"	[2]
"4.4.5386984777.1"	[-9484, 6245, -657, -1, 1]	5386984777	270.917111831	"4T1"	[]
"4.4.5411238217.1"	[134478, -7463, -1879, -1, 1]	5411238217	271.22153108	"4T1"	[2]
"4.4.5421320192.1"	[5294258, 0, -6508, 0, 1]	5421320192	271.347774841	"4T1"	[]
"4.4.5427045025.1"	[108835, -1465, -826, -1, 1]	5427045025	271.419381289	"4T1"	[2]
"4.4.5431181837.1"	[114527, -7589, -2537, -1, 1]	5431181837	271.471089454	"4T1"	[]
"4.4.5433478976.2"	[403796, 0, -3422, 0, 1]	5433478976	271.499789834	"4T1"	[2]
"4.4.5442071081.1"	[803596, -5758, -2885, -1, 1]	5442071081	271.607058707	"4T1"	[2]
"4.4.5449452352.2"	[2239092, 0, -3034, 0, 1]	5449452352	271.699109435	"4T1"	[2, 2]
"4.4.5453218525.1"	[813735, 7095, -2371, -1, 1]	5453218525	271.746040791	"4T1"	[2, 2]
"4.4.5459279936.3"	[689216, 0, -1958, 0, 1]	5459279936	271.821522743	"4T1"	[2, 4]
"4.4.5461379072.5"	[5333378, 0, -6532, 0, 1]	5461379072	271.847648354	"4T1"	[2, 2]
"4.4.5488166912.1"	[5359538, 0, -6548, 0, 1]	5488166912	272.180387338	"4T1"	[2]
"4.4.5511276432.1"	[194112, 0, -1011, 0, 1]	5511276432	272.466459646	"4T1"	[2, 2]
"4.4.5511553616.1"	[118469, 0, -701, 0, 1]	5511553616	272.469885436	"4T1"	[]
"4.4.5511833600.1"	[31850, 0, -1820, 0, 1]	5511833600	272.473345702	"4T1"	[2, 2, 4]
"4.4.5511833600.2"	[796250, 0, -1820, 0, 1]	5511833600	272.473345702	"4T1"	[2, 2, 4]
"4.4.5528471552.3"	[5398898, 0, -6572, 0, 1]	5528471552	272.678734512	"4T1"	[2]
"4.4.5535839609.1"	[-23612, -7850, -663, -1, 1]	5535839609	272.769542121	"4T1"	[2]
"4.4.5535839609.2"	[8230, -2543, -663, -1, 1]	5535839609	272.769542121	"4T1"	[2]
"4.4.5549593333.1"	[2272589, 3064, -3066, -1, 1]	5549593333	272.938807626	"4T1"	[]
"4.4.5558892176.1"	[826724, 0, -2911, 0, 1]	5558892176	273.053069239	"4T1"	[2]
"4.4.5561224357.1"	[2054081, -5170, -5172, -1, 1]	5561224357	273.081703947	"4T1"	[10]
"4.4.5561987648.2"	[4811408, 0, -4522, 0, 1]	5561987648	273.091073739	"4T1"	[2, 2, 2]
"4.4.5568923648.5"	[5438402, 0, -6596, 0, 1]	5568923648	273.176172569	"4T1"	[2, 4, 4]
"4.4.5589222925.1"	[2064429, -5183, -5185, -1, 1]	5589222925	273.424771549	"4T1"	[2, 2, 2]
"4.4.5590122125.1"	[46111, 7669, -909, -1, 1]	5590122125	273.435768101	"4T1"	[4]
"4.4.5590122125.2"	[154751, 879, -909, -1, 1]	5590122125	273.435768101	"4T1"	[4]
"4.4.5595836549.1"	[407183, 10420, -3476, -1, 1]	5595836549	273.5056203	"4T1"	[5]
"4.4.5595973632.3"	[5464818, 0, -6612, 0, 1]	5595973632	273.507295324	"4T1"	[2, 2]
"4.4.5611284433.1"	[-32104, 8996, -666, -1, 1]	5611284433	273.694185324	"4T1"	[]
"4.4.5623089152.2"	[5491298, 0, -6628, 0, 1]	5623089152	273.838017688	"4T1"	[2, 2]
"4.4.5639752000.1"	[1780, 0, -890, 0, 1]	5639752000	274.040658061	"4T1"	[2, 2, 4]
"4.4.5639752000.2"	[144180, 0, -890, 0, 1]	5639752000	274.040658061	"4T1"	[2, 2, 4]
"4.4.5656479377.1"	[4888589, 1, -4562, -1, 1]	5656479377	274.243632044	"4T1"	[2, 2]
"4.4.5663885312.2"	[5531138, 0, -6652, 0, 1]	5663885312	274.333353669	"4T1"	[]
"4.4.5684532925.1"	[2327941, 3101, -3103, -1, 1]	5684532925	274.583032183	"4T1"	[2]
"4.4.5689685421.2"	[414085, 10507, -3505, -1, 1]	5689685421	274.645231988	"4T1"	[2, 2, 2]
"4.4.5691164672.1"	[5557778, 0, -6668, 0, 1]	5691164672	274.663081376	"4T1"	[]
"4.4.5698481101.1"	[254375, 7025, -1425, -1, 1]	5698481101	274.75131397	"4T1"	[]
"4.4.5702413264.1"	[85789, 0, -709, 0, 1]	5702413264	274.798698856	"4T1"	[]
"4.4.5704828928.1"	[5571122, 0, -6676, 0, 1]	5704828928	274.827796882	"4T1"	[2]
"4.4.5709952469.1"	[166975, -6340, -1298, -1, 1]	5709952469	274.889482234	"4T1"	[2, 4]
"4.4.5709952469.2"	[339797, 3826, -1298, -1, 1]	5709952469	274.889482234	"4T1"	[2, 4]
"4.4.5730270325.1"	[2116559, -5248, -5250, -1, 1]	5730270325	275.133693008	"4T1"	[2, 2, 2]
"4.4.5738306661.1"	[856557, 7278, -2432, -1, 1]	5738306661	275.23010665	"4T1"	[2]
"4.4.5741140193.1"	[4961791, 1, -4596, -1, 1]	5741140193	275.264076991	"4T1"	[2]
"4.4.5773395968.5"	[5638082, 0, -6716, 0, 1]	5773395968	275.649898021	"4T1"	[2, 2]
"4.4.5784314741.1"	[421045, 10594, -3534, -1, 1]	5784314741	275.780134475	"4T1"	[]
"4.4.5793206336.1"	[179600, 0, -898, 0, 1]	5793206336	275.886055104	"4T1"	[2]
"4.4.5794315072.2"	[2142868, 0, -5278, 0, 1]	5794315072	275.899254308	"4T1"	[2, 2, 2]
"4.4.5808094016.1"	[431636, 0, -3538, 0, 1]	5808094016	276.063131096	"4T1"	[2]
"4.4.5813385181.1"	[752711, -1819, -1839, -1, 1]	5813385181	276.125982904	"4T1"	[]
"4.4.5841725401.1"	[-23814, 8217, -675, -1, 1]	5841725401	276.461897585	"4T1"	[]
"4.4.5856217088.2"	[5718962, 0, -6764, 0, 1]	5856217088	276.633194478	"4T1"	[2, 4]
"4.4.5870077952.1"	[5732498, 0, -6772, 0, 1]	5870077952	276.796737616	"4T1"	[2]
"4.4.5871334693.1"	[95201, 6070, -924, -1, 1]	5871334693	276.811551469	"4T1"	[4]
"4.4.5871334693.2"	[157319, -832, -924, -1, 1]	5871334693	276.811551469	"4T1"	[4]
"4.4.5872127825.1"	[31561, 7751, -848, -1, 1]	5872127825	276.8208993	"4T1"	[2]
"4.4.5879724509.1"	[428063, 10681, -3563, -1, 1]	5879724509	276.910385664	"4T1"	[]
"4.4.5883882125.1"	[-17299, -9011, -1049, -1, 1]	5883882125	276.959324262	"4T1"	[4]
"4.4.5883882125.2"	[111181, 7049, -1049, -1, 1]	5883882125	276.959324262	"4T1"	[4]
"4.4.5895678077.1"	[124597, -7907, -2643, -1, 1]	5895678077	277.098031394	"4T1"	[5]
"4.4.5897848832.2"	[5759618, 0, -6788, 0, 1]	5897848832	277.123534351	"4T1"	[2]
"4.4.5902138000.1"	[280720, 0, -1595, 0, 1]	5902138000	277.173904639	"4T1"	[2, 2, 4]
"4.4.5902138000.2"	[631620, 0, -1595, 0, 1]	5902138000	277.173904639	"4T1"	[2, 2, 4]
"4.4.5911758848.1"	[5773202, 0, -6796, 0, 1]	5911758848	277.286788288	"4T1"	[]
"4.4.5916798929.1"	[873952, -6004, -3008, -1, 1]	5916798929	277.345869744	"4T1"	[2]
"4.4.5928846125.1"	[14817811, 8609, -8609, -1, 1]	5928846125	277.48693808	"4T1"	[10]
"4.4.5930689453.2"	[2190633, -5339, -5341, -1, 1]	5930689453	277.50850382	"4T1"	[2, 2]
"4.4.5966857616.1"	[753296, 0, -2047, 0, 1]	5966857616	277.930634348	"4T1"	[2]
"4.4.5981525392.1"	[1122448, 0, -2263, 0, 1]	5981525392	278.101279937	"4T1"	[2]
"4.4.5981554688.1"	[5841362, 0, -6836, 0, 1]	5981554688	278.101620454	"4T1"	[2]
"4.4.5994073408.1"	[2462868, 0, -3182, 0, 1]	5994073408	278.247015232	"4T1"	[26]
"4.4.5995563008.4"	[5855042, 0, -6844, 0, 1]	5995563008	278.264300562	"4T1"	[2]
"4.4.6030658189.1"	[900477, 7461, -2493, -1, 1]	6030658189	278.670616549	"4T1"	[]
"4.4.6038582336.3"	[898064, 0, -3034, 0, 1]	6038582336	278.762113182	"4T1"	[2, 2, 2]
"4.4.6043789312.1"	[63162, 0, -1276, 0, 1]	6043789312	278.822186823	"4T1"	[4]
"4.4.6043789312.2"	[343882, 0, -1276, 0, 1]	6043789312	278.822186823	"4T1"	[4]
"4.4.6045996937.1"	[347158, 5609, -1423, -1, 1]	6045996937	278.847644797	"4T1"	[2]
"4.4.6065850368.2"	[5923682, 0, -6884, 0, 1]	6065850368	279.076278653	"4T1"	[2]
"4.4.6072885389.1"	[442273, 10855, -3621, -1, 1]	6072885389	279.157159901	"4T1"	[]
"4.4.6079956992.1"	[5937458, 0, -6892, 0, 1]	6079956992	279.23839094	"4T1"	[]
"4.4.6097276881.1"	[759445, -4133, -2080, -1, 1]	6097276881	279.437044484	"4T1"	[2]
"4.4.6099077077.1"	[2497993, 3212, -3214, -1, 1]	6099077077	279.457667861	"4T1"	[]
"4.4.6104880976.2"	[922869, 0, -2501, 0, 1]	6104880976	279.524127327	"4T1"	[2, 2]
"4.4.6108415552.2"	[7312, 0, -914, 0, 1]	6108415552	279.564577945	"4T1"	[2, 10]
"4.4.6116397701.1"	[416941, -4796, -1620, -1, 1]	6116397701	279.655863214	"4T1"	[]
"4.4.6122375168.2"	[5978882, 0, -6916, 0, 1]	6122375168	279.724164096	"4T1"	[2, 2]
"4.4.6135072293.1"	[129791, -8066, -2696, -1, 1]	6135072293	279.869080641	"4T1"	[2, 2]
"4.4.6141898048.3"	[2271412, 0, -5434, 0, 1]	6141898048	279.946892327	"4T1"	[2, 2]
"4.4.6150735872.1"	[6006578, 0, -6932, 0, 1]	6150735872	280.04754474	"4T1"	[2]
"4.4.6159755264.1"	[35594, 0, -1924, 0, 1]	6159755264	280.150153227	"4T1"	[2, 2, 4]
"4.4.6159755264.2"	[889850, 0, -1924, 0, 1]	6159755264	280.150153227	"4T1"	[2, 2, 2]
"4.4.6173877233.2"	[5335961, 1, -4766, -1, 1]	6173877233	280.310584722	"4T1"	[2, 2]
"4.4.6179370125.2"	[15444031, 8789, -8789, -1, 1]	6179370125	280.372911939	"4T1"	[2, 2]
"4.4.6193399808.2"	[6048242, 0, -6956, 0, 1]	6193399808	280.531916756	"4T1"	[2]
"4.4.6193433077.1"	[2287743, -5456, -5458, -1, 1]	6193433077	280.532293488	"4T1"	[34]
"4.4.6207653888.1"	[6062162, 0, -6964, 0, 1]	6207653888	280.693188351	"4T1"	[2]
"4.4.6217263936.1"	[198900, 0, -1326, 0, 1]	6217263936	280.801760386	"4T1"	[2, 2, 4]
"4.4.6217263936.2"	[389844, 0, -1326, 0, 1]	6217263936	280.801760386	"4T1"	[2, 2, 4]
"4.4.6243584000.1"	[290, 0, -580, 0, 1]	6243584000	281.098475161	"4T1"	[2, 4]
"4.4.6243584000.2"	[35090, 0, -580, 0, 1]	6243584000	281.098475161	"4T1"	[2, 4]
"4.4.6243584000.3"	[49010, 0, -580, 0, 1]	6243584000	281.098475161	"4T1"	[2, 4]
"4.4.6243584000.4"	[83810, 0, -580, 0, 1]	6243584000	281.098475161	"4T1"	[2, 20]
"4.4.6244311521.1"	[922496, -6168, -3090, -1, 1]	6244311521	281.106663411	"4T1"	[2]
"4.4.6250514432.1"	[6104018, 0, -6988, 0, 1]	6250514432	281.176448144	"4T1"	[5]
"4.4.6270219584.1"	[46100, 0, -922, 0, 1]	6270219584	281.397793384	"4T1"	[]
"4.4.6279309157.1"	[205947, -3054, -1072, -1, 1]	6279309157	281.4997195	"4T1"	[]
"4.4.6282279757.1"	[2320581, -5495, -5497, -1, 1]	6282279757	281.533006393	"4T1"	[2]
"4.4.6293522432.2"	[6146018, 0, -7012, 0, 1]	6293522432	281.658878779	"4T1"	[2]
"4.4.6301325392.1"	[733, 0, -733, 0, 1]	6301325392	281.746141194	"4T1"	[39]
"4.4.6330273109.1"	[945495, 7644, -2554, -1, 1]	6330273109	282.069164299	"4T1"	[]
"4.4.6334124688.1"	[50832, 0, -1059, 0, 1]	6334124688	282.112059916	"4T1"	[10]
"4.4.6336677888.2"	[6188162, 0, -7036, 0, 1]	6336677888	282.140484509	"4T1"	[]
"4.4.6344936000.1"	[375440, 0, -2470, 0, 1]	6344936000	282.232362696	"4T1"	[2, 4]
"4.4.6344936000.2"	[1501760, 0, -2470, 0, 1]	6344936000	282.232362696	"4T1"	[2, 4]
"4.4.6352755181.1"	[-8685, -9203, -1345, -1, 1]	6352755181	282.319274795	"4T1"	[3]
"4.4.6365530112.2"	[6216338, 0, -7052, 0, 1]	6365530112	282.461098799	"4T1"	[2, 2]
"4.4.6368480069.1"	[464023, 11116, -3708, -1, 1]	6368480069	282.493818122	"4T1"	[2]
"4.4.6383544325.1"	[2614691, 3286, -3288, -1, 1]	6383544325	282.660725669	"4T1"	[2]
"4.4.6408931328.3"	[6258722, 0, -7076, 0, 1]	6408931328	282.941339042	"4T1"	[2, 2]
"4.4.6411376025.2"	[947260, -6250, -3131, -1, 1]	6411376025	282.968317289	"4T1"	[2, 2, 2]
"4.4.6412343849.2"	[304840, -2371, -1229, -1, 1]	6412343849	282.978995497	"4T1"	[2, 2]
"4.4.6413571125.2"	[16029451, 8954, -8954, -1, 1]	6413571125	282.992534556	"4T1"	[2, 2, 2]
"4.4.6419558608.2"	[2637693, 0, -3293, 0, 1]	6419558608	283.058559399	"4T1"	[2]
"4.4.6423431168.8"	[6272882, 0, -7084, 0, 1]	6423431168	283.101238088	"4T1"	[2, 2, 2]
"4.4.6429819968.3"	[5562128, 0, -4862, 0, 1]	6429819968	283.17160558	"4T1"	[2, 2, 2]
"4.4.6430108541.1"	[971981, 2001, -2007, -1, 1]	6430108541	283.174782742	"4T1"	[]
"4.4.6431763637.1"	[2375831, -5560, -5562, -1, 1]	6431763637	283.193003127	"4T1"	[2, 2]
"4.4.6467028992.2"	[6315458, 0, -7108, 0, 1]	6467028992	283.580394264	"4T1"	[2, 10]
"4.4.6468095257.1"	[206348, -4360, -1137, -1, 1]	6468095257	283.59208252	"4T1"	[2]
"4.4.6473631897.1"	[1203042, 4713, -2363, -1, 1]	6473631897	283.652751211	"4T1"	[2]
"4.4.6486889625.1"	[-42844, 10374, -699, -1, 1]	6486889625	283.797867062	"4T1"	[10]
"4.4.6486889625.2"	[-9274, -6411, -699, -1, 1]	6486889625	283.797867062	"4T1"	[2]
"4.4.6510774272.2"	[6358178, 0, -7132, 0, 1]	6510774272	284.05874219	"4T1"	[]
"4.4.6525388800.5"	[6372450, 0, -7140, 0, 1]	6525388800	284.218012594	"4T1"	[2, 2, 2, 2]
"4.4.6528209293.1"	[2674039, 3323, -3325, -1, 1]	6528209293	284.248719768	"4T1"	[]
"4.4.6528241189.1"	[846015, -1928, -1948, -1, 1]	6528241189	284.249066968	"4T1"	[]
"4.4.6540019712.1"	[6386738, 0, -7148, 0, 1]	6540019712	284.377193795	"4T1"	[]
"4.4.6554667008.1"	[6401042, 0, -7156, 0, 1]	6554667008	284.536285944	"4T1"	[50]
"4.4.6570725617.1"	[-16279, -7375, -702, -1, 1]	6570725617	284.710401007	"4T1"	[]
"4.4.6576782537.3"	[5684342, 1, -4919, -1, 1]	6576782537	284.775990123	"4T1"	[2, 2, 4]
"4.4.6582894309.1"	[51987, -4674, -788, -1, 1]	6582894309	284.842127315	"4T1"	[2, 20]
"4.4.6582894309.2"	[79017, 732, -788, -1, 1]	6582894309	284.842127315	"4T1"	[2, 4]
"4.4.6594062425.1"	[164936, -8239, -2073, -1, 1]	6594062425	284.962861748	"4T1"	[2, 2]
"4.4.6594785600.5"	[490100, 0, -3770, 0, 1]	6594785600	284.970674441	"4T1"	[2, 2, 2, 2]
"4.4.6610932800.1"	[5718800, 0, -4930, 0, 1]	6610932800	285.144950748	"4T1"	[2, 2, 2]
"4.4.6628152917.1"	[140497, -8384, -2802, -1, 1]	6628152917	285.330455598	"4T1"	[]
"4.4.6633053321.1"	[826640, -4311, -2169, -1, 1]	6633053321	285.38317945	"4T1"	[2]
"4.4.6635776000.1"	[259210, 0, -3220, 0, 1]	6635776000	285.412460355	"4T1"	[2, 20]
"4.4.6635776000.2"	[2332890, 0, -3220, 0, 1]	6635776000	285.412460355	"4T1"	[2, 4]
"4.4.6642376000.1"	[57460, 0, -2210, 0, 1]	6642376000	285.483402324	"4T1"	[2, 4]
"4.4.6642376000.2"	[517140, 0, -2210, 0, 1]	6642376000	285.483402324	"4T1"	[2, 4]
"4.4.6642894848.2"	[6487202, 0, -7204, 0, 1]	6642894848	285.488977067	"4T1"	[3, 6]
"4.4.6643993837.1"	[2454273, -5651, -5653, -1, 1]	6643993837	285.500784035	"4T1"	[2]
"4.4.6712942288.1"	[2482597, 0, -5681, 0, 1]	6712942288	286.238619309	"4T1"	[2, 2]
"4.4.6716868608.1"	[6559442, 0, -7244, 0, 1]	6716868608	286.280464521	"4T1"	[5]
"4.4.6740558369.1"	[6368, -3660, -708, -1, 1]	6740558369	286.532552395	"4T1"	[]
"4.4.6752121449.1"	[997772, -6414, -3213, -1, 1]	6752121449	286.655356376	"4T1"	[2]
"4.4.6761449472.5"	[6602978, 0, -7268, 0, 1]	6761449472	286.754308373	"4T1"	[2, 2]
"4.4.6773532581.1"	[493835, 11464, -3824, -1, 1]	6773532581	286.882334324	"4T1"	[2]
"4.4.6774679552.1"	[2682, 0, -596, 0, 1]	6774679552	286.894478092	"4T1"	[2]
"4.4.6774679552.2"	[86122, 0, -596, 0, 1]	6774679552	286.894478092	"4T1"	[2]
"4.4.6806177792.2"	[6646658, 0, -7292, 0, 1]	6806177792	287.227370518	"4T1"	[]
"4.4.6820971125.2"	[17047811, 9234, -9234, -1, 1]	6820971125	287.383316755	"4T1"	[2, 2]
"4.4.6822401917.1"	[2794733, 3397, -3399, -1, 1]	6822401917	287.398386215	"4T1"	[5]
"4.4.6828647293.1"	[2522523, -5729, -5731, -1, 1]	6828647293	287.464136341	"4T1"	[2]
"4.4.6851053568.2"	[6690482, 0, -7316, 0, 1]	6851053568	287.699654811	"4T1"	[2]
"4.4.6866044928.2"	[6705122, 0, -7324, 0, 1]	6866044928	287.856910715	"4T1"	[]
"4.4.6881321713.1"	[1279181, 4859, -2436, -1, 1]	6881321713	288.016895968	"4T1"	[2]
"4.4.6881839325.1"	[146009, -8543, -2855, -1, 1]	6881839325	288.022311963	"4T1"	[2]
"4.4.6882175376.1"	[1023524, 0, -3239, 0, 1]	6882175376	288.025828044	"4T1"	[2]
"4.4.6890760877.1"	[2545481, -5755, -5757, -1, 1]	6890760877	288.115613973	"4T1"	[2, 2]
"4.4.6895139625.1"	[181756, 9169, -1549, -1, 1]	6895139625	288.161373983	"4T1"	[2, 4]
"4.4.6902672336.1"	[512981, 0, -3857, 0, 1]	6902672336	288.240043444	"4T1"	[2, 2]
"4.4.6916360192.1"	[4018, 0, -1148, 0, 1]	6916360192	288.382830815	"4T1"	[2, 4]
"4.4.6916360192.2"	[325458, 0, -1148, 0, 1]	6916360192	288.382830815	"4T1"	[2, 4]
"4.4.6925802369.1"	[1023520, -6496, -3254, -1, 1]	6925802369	288.481205131	"4T1"	[2]
"4.4.6940769488.1"	[127933, 0, -757, 0, 1]	6940769488	288.636935746	"4T1"	[]
"4.4.6945611273.2"	[6003262, 1, -5055, -1, 1]	6945611273	288.687259869	"4T1"	[2, 2]
"4.4.6956337152.2"	[6793298, 0, -7372, 0, 1]	6956337152	288.798647944	"4T1"	[2, 2]
"4.4.6971929573.1"	[2856079, 3434, -3436, -1, 1]	6971929573	288.960345469	"4T1"	[2, 4]
"4.4.6986565632.2"	[6822818, 0, -7388, 0, 1]	6986565632	289.111878674	"4T1"	[]
"4.4.7000755497.1"	[-43588, 10641, -717, -1, 1]	7000755497	289.25856511	"4T1"	[]
"4.4.7006862144.2"	[520724, 0, -3886, 0, 1]	7006862144	289.321623392	"4T1"	[2]
"4.4.7026904349.1"	[128375, 8961, -1311, -1, 1]	7026904349	289.528293428	"4T1"	[]
"4.4.7027633808.1"	[6079268, 0, -5083, 0, 1]	7027633808	289.535807078	"4T1"	[2, 2, 2]
"4.4.7067739712.3"	[187792, 0, -2134, 0, 1]	7067739712	289.94801292	"4T1"	[2, 2]
"4.4.7088952961.1"	[-33625, 9725, -720, -1, 1]	7088952961	290.165332349	"4T1"	[4]
"4.4.7088952961.2"	[-2889, -5643, -720, -1, 1]	7088952961	290.165332349	"4T1"	[4]
"4.4.7092881408.1"	[6926642, 0, -7444, 0, 1]	7092881408	290.205523839	"4T1"	[2]
"4.4.7097743589.1"	[1073587, 2102, -2108, -1, 1]	7097743589	290.255245141	"4T1"	[]
"4.4.7118554625.1"	[408151, 10469, -2624, -1, 1]	7118554625	290.467773317	"4T1"	[2, 4]
"4.4.7118554625.2"	[1674416, 4, -2624, -1, 1]	7118554625	290.467773317	"4T1"	[2, 4]
"4.4.7122217024.1"	[123136, 0, -962, 0, 1]	7122217024	290.505126536	"4T1"	[2, 2, 2]
"4.4.7122217024.2"	[192400, 0, -962, 0, 1]	7122217024	290.505126536	"4T1"	[2, 2, 4]
"4.4.7122528149.1"	[45785, 9652, -1118, -1, 1]	7122528149	290.508299071	"4T1"	[]
"4.4.7138691072.1"	[6971378, 0, -7468, 0, 1]	7138691072	290.672969281	"4T1"	[5]
"4.4.7140289797.1"	[151627, -8702, -2908, -1, 1]	7140289797	290.689242121	"4T1"	[2]
"4.4.7155432157.1"	[149039, -8429, -1707, -1, 1]	7155432157	290.843235344	"4T1"	[]
"4.4.7161118528.2"	[2942388, 0, -3478, 0, 1]	7161118528	290.901000895	"4T1"	[2]
"4.4.7169312768.2"	[7001282, 0, -7484, 0, 1]	7169312768	290.984182399	"4T1"	[]
"4.4.7170361344.1"	[32850, 0, -876, 0, 1]	7170361344	290.994821574	"4T1"	[2, 4]
"4.4.7170361344.2"	[158994, 0, -876, 0, 1]	7170361344	290.994821574	"4T1"	[2, 4]
"4.4.7184648192.2"	[7016258, 0, -7492, 0, 1]	7184648192	291.139664207	"4T1"	[2]
"4.4.7191388769.1"	[896683, -4489, -2258, -1, 1]	7191388769	291.207926396	"4T1"	[2]
"4.4.7195258432.1"	[1350208, 0, -2482, 0, 1]	7195258432	291.247093004	"4T1"	[2, 2]
"4.4.7215368192.1"	[7046258, 0, -7508, 0, 1]	7215368192	291.450378985	"4T1"	[2]
"4.4.7222930577.1"	[78128, 10900, -1832, -1, 1]	7222930577	291.526715846	"4T1"	[2]
"4.4.7229282833.1"	[181329, -8627, -2170, -1, 1]	7229282833	291.590791012	"4T1"	[2]
"4.4.7230752768.2"	[7061282, 0, -7516, 0, 1]	7230752768	291.60561222	"4T1"	[]
"4.4.7267563953.1"	[-33784, -9564, -726, -1, 1]	7267563953	291.976041007	"4T1"	[6]
"4.4.7267563953.2"	[14641, 121, -726, -1, 1]	7267563953	291.976041007	"4T1"	[6]
"4.4.7272698221.1"	[1087137, 8193, -2737, -1, 1]	7272698221	292.027594948	"4T1"	[]
"4.4.7275847573.1"	[2980769, 3508, -3510, -1, 1]	7275847573	292.05920455	"4T1"	[]
"4.4.7277004800.1"	[7106450, 0, -7540, 0, 1]	7277004800	292.070816896	"4T1"	[2, 2, 2]
"4.4.7301384000.1"	[95060, 0, -970, 0, 1]	7301384000	292.315131864	"4T1"	[4]
"4.4.7301384000.2"	[234740, 0, -970, 0, 1]	7301384000	292.315131864	"4T1"	[20]
"4.4.7301460073.2"	[1357656, 5005, -2509, -1, 1]	7301460073	292.315893268	"4T1"	[2, 4]
"4.4.7307259341.1"	[499487, -5243, -1769, -1, 1]	7307259341	292.373919796	"4T1"	[]
"4.4.7307921408.2"	[7136642, 0, -7556, 0, 1]	7307921408	292.380542134	"4T1"	[2, 4]
"4.4.7323404288.2"	[7151762, 0, -7564, 0, 1]	7323404288	292.53528178	"4T1"	[2]
"4.4.7340196125.1"	[18345701, 9579, -9579, -1, 1]	7340196125	292.702826358	"4T1"	[2]
"4.4.7347203453.1"	[560849, 1539, -1551, -1, 1]	7347203453	292.772658649	"4T1"	[]
"4.4.7357983625.1"	[-24624, -8631, -729, -1, 1]	7357983625	292.879992159	"4T1"	[2, 2]
"4.4.7357983625.2"	[14276, 1094, -729, -1, 1]	7357983625	292.879992159	"4T1"	[2, 2]
"4.4.7390238672.1"	[93533, 0, -773, 0, 1]	7390238672	293.200438917	"4T1"	[]
"4.4.7401064448.1"	[7227602, 0, -7604, 0, 1]	7401064448	293.307755483	"4T1"	[2]
"4.4.7403504333.1"	[157351, -8861, -2961, -1, 1]	7403504333	293.33192595	"4T1"	[5]
"4.4.7408725392.1"	[6408932, 0, -5219, 0, 1]	7408725392	293.383627765	"4T1"	[2, 2]
"4.4.7419552413.1"	[-25711, -10227, -999, -1, 1]	7419552413	293.490755889	"4T1"	[4]
"4.4.7419552413.2"	[168301, -2765, -999, -1, 1]	7419552413	293.490755889	"4T1"	[4]
"4.4.7430237917.1"	[3044113, 3545, -3547, -1, 1]	7430237917	293.596368875	"4T1"	[]
"4.4.7431425856.2"	[552276, 0, -4002, 0, 1]	7431425856	293.608103145	"4T1"	[2, 2]
"4.4.7433799113.1"	[37196, -9156, -1191, -1, 1]	7433799113	293.631541583	"4T1"	[2]
"4.4.7447857152.1"	[7273298, 0, -7628, 0, 1]	7447857152	293.770264714	"4T1"	[]
"4.4.7460077961.1"	[1102732, -6742, -3377, -1, 1]	7460077961	293.890698796	"4T1"	[2]
"4.4.7462437853.1"	[2756783, -5989, -5991, -1, 1]	7462437853	293.913938099	"4T1"	[2]
"4.4.7463487488.2"	[7288562, 0, -7636, 0, 1]	7463487488	293.924272727	"4T1"	[2]
"4.4.7494797312.2"	[7319138, 0, -7652, 0, 1]	7494797312	294.232046919	"4T1"	[2]
"4.4.7502983488.2"	[2774772, 0, -6006, 0, 1]	7502983488	294.31235761	"4T1"	[2, 2, 10]
"4.4.7541066681.1"	[2750, 5025, -735, -1, 1]	7541066681	294.685112104	"4T1"	[2, 2]
"4.4.7541066681.2"	[14516, -858, -735, -1, 1]	7541066681	294.685112104	"4T1"	[2, 2]
"4.4.7563585536.1"	[43706, 0, -2132, 0, 1]	7563585536	294.904860631	"4T1"	[2, 2]
"4.4.7563585536.2"	[1092650, 0, -2132, 0, 1]	7563585536	294.904860631	"4T1"	[2, 2]
"4.4.7571063533.1"	[3069, -9801, -1141, -1, 1]	7571063533	294.977725561	"4T1"	[]
"4.4.7596748304.2"	[1129796, 0, -3403, 0, 1]	7596748304	295.227585296	"4T1"	[2, 10]
"4.4.7604897792.5"	[7426658, 0, -7708, 0, 1]	7604897792	295.306730553	"4T1"	[2, 2]
"4.4.7620530425.1"	[1764, 10137, -925, -1, 1]	7620530425	295.458371889	"4T1"	[10]
"4.4.7621099109.1"	[556243, 12160, -4056, -1, 1]	7621099109	295.463883899	"4T1"	[2, 2]
"4.4.7622502400.1"	[66250, 0, -1060, 0, 1]	7622502400	295.477484075	"4T1"	[2, 4]
"4.4.7622502400.2"	[214650, 0, -1060, 0, 1]	7622502400	295.477484075	"4T1"	[2, 4]
"4.4.7624944704.1"	[962624, 0, -2314, 0, 1]	7624944704	295.501149504	"4T1"	[2, 2]
"4.4.7625505232.1"	[3133197, 0, -3589, 0, 1]	7625505232	295.506580104	"4T1"	[2]
"4.4.7636502528.1"	[7457522, 0, -7724, 0, 1]	7636502528	295.613065419	"4T1"	[]
"4.4.7652329472.1"	[7472978, 0, -7732, 0, 1]	7652329472	295.766113871	"4T1"	[2]
"4.4.7668682048.1"	[159732, 0, -986, 0, 1]	7668682048	295.923996086	"4T1"	[4]
"4.4.7668682048.2"	[238612, 0, -986, 0, 1]	7668682048	295.923996086	"4T1"	[4]
"4.4.7671482933.1"	[163181, -9020, -3014, -1, 1]	7671482933	295.95101297	"4T1"	[]
"4.4.7672669813.1"	[282197, 6596, -1350, -1, 1]	7672669813	295.962459191	"4T1"	[]
"4.4.7684668736.2"	[1161684, 0, -2806, 0, 1]	7684668736	296.078101795	"4T1"	[2]
"4.4.7689198113.1"	[585728, 8256, -2076, -1, 1]	7689198113	296.121719584	"4T1"	[2]
"4.4.7692033141.1"	[2265, 9312, -830, -1, 1]	7692033141	296.149011029	"4T1"	[4]
"4.4.7692033141.2"	[81981, -2076, -830, -1, 1]	7692033141	296.149011029	"4T1"	[4]
"4.4.7715899152.1"	[13572, 0, -1131, 0, 1]	7715899152	296.378459041	"4T1"	[2, 2, 4]
"4.4.7715899152.2"	[217152, 0, -1131, 0, 1]	7715899152	296.378459041	"4T1"	[2, 2, 4]
"4.4.7724864272.1"	[205252, 0, -2231, 0, 1]	7724864272	296.464512249	"4T1"	[2]
"4.4.7731709952.3"	[7550498, 0, -7772, 0, 1]	7731709952	296.530171237	"4T1"	[2]
"4.4.7734046977.1"	[1438467, 5151, -2582, -1, 1]	7734046977	296.552576368	"4T1"	[10]
"4.4.7743881293.1"	[3172799, 3619, -3621, -1, 1]	7743881293	296.646802656	"4T1"	[2]
"4.4.7751016000.3"	[458640, 0, -2730, 0, 1]	7751016000	296.715106814	"4T1"	[2, 2, 2, 4]
"4.4.7751016000.4"	[1834560, 0, -2730, 0, 1]	7751016000	296.715106814	"4T1"	[2, 2, 2, 4]
"4.4.7779534848.1"	[7597202, 0, -7796, 0, 1]	7779534848	296.987662131	"4T1"	[2]
"4.4.7795509248.2"	[7612802, 0, -7804, 0, 1]	7795509248	297.140002568	"4T1"	[]
"4.4.7812264473.1"	[6752656, 1, -5361, -1, 1]	7812264473	297.299538002	"4T1"	[2, 2]
"4.4.7821346625.1"	[-16384, 8064, -744, -1, 1]	7821346625	297.38590679	"4T1"	[2]
"4.4.7821346625.2"	[13391, 2109, -744, -1, 1]	7821346625	297.38590679	"4T1"	[2]
"4.4.7827289049.1"	[1157180, -6906, -3459, -1, 1]	7827289049	297.442376921	"4T1"	[2]
"4.4.7827507200.5"	[7644050, 0, -7820, 0, 1]	7827507200	297.444449372	"4T1"	[2, 2, 2]
"4.4.7856210557.2"	[2902331, -6145, -6147, -1, 1]	7856210557	297.716756339	"4T1"	[2, 2]
"4.4.7861905425.1"	[6795581, 1, -5378, -1, 1]	7861905425	297.77069446	"4T1"	[2, 2]
"4.4.7868476736.2"	[584756, 0, -4118, 0, 1]	7868476736	297.832897282	"4T1"	[2]
"4.4.7875627008.1"	[7691042, 0, -7844, 0, 1]	7875627008	297.900536196	"4T1"	[2, 2]
"4.4.7893708777.2"	[198498, -9015, -2267, -1, 1]	7893708777	298.071377744	"4T1"	[2, 2]
"4.4.7903134325.1"	[3238141, 3656, -3658, -1, 1]	7903134325	298.160316575	"4T1"	[2]
"4.4.7916293657.1"	[-44788, 11086, -747, -1, 1]	7916293657	298.284354169	"4T1"	[]
"4.4.7925540864.1"	[7850, 0, -628, 0, 1]	7925540864	298.371424263	"4T1"	[10]
"4.4.7925540864.2"	[90746, 0, -628, 0, 1]	7925540864	298.371424263	"4T1"	[2]
"4.4.7937298589.1"	[1187055, 8559, -2859, -1, 1]	7937298589	298.482022998	"4T1"	[2]
"4.4.7961658977.3"	[6881839, 1, -5412, -1, 1]	7961658977	298.710777917	"4T1"	[2, 2]
"4.4.7972308992.1"	[7785458, 0, -7892, 0, 1]	7972308992	298.810621421	"4T1"	[2]
"4.4.7999228688.1"	[6919748, 0, -5423, 0, 1]	7999228688	299.062547356	"4T1"	[6, 6]
"4.4.8013155648.2"	[178292, 0, -3074, 0, 1]	8013155648	299.19263226	"4T1"	[2, 4]
"4.4.8014202801.1"	[1184896, -6988, -3500, -1, 1]	8014202801	299.202406347	"4T1"	[2]
"4.4.8016008000.2"	[20040020, 0, -10010, 0, 1]	8016008000	299.219253757	"4T1"	[2, 2, 2]
"4.4.8020871168.1"	[7832882, 0, -7916, 0, 1]	8020871168	299.264626172	"4T1"	[]
"4.4.8063763008.1"	[107408, 0, -1918, 0, 1]	8063763008	299.663907929	"4T1"	[2, 2]
"4.4.8082275989.1"	[1048973, -2146, -2166, -1, 1]	8082275989	299.835753952	"4T1"	[5]
"4.4.8085850112.1"	[7896338, 0, -7948, 0, 1]	8085850112	299.868896603	"4T1"	[]
"4.4.8100185168.1"	[134693, 0, -797, 0, 1]	8100185168	300.001714504	"4T1"	[]
"4.4.8102325125.1"	[20250781, 10064, -10064, -1, 1]	8102325125	300.021526618	"4T1"	[10]
"4.4.8134756352.2"	[7944098, 0, -7972, 0, 1]	8134756352	300.321301532	"4T1"	[2, 2]
"4.4.8150391872.1"	[7050512, 0, -5474, 0, 1]	8150391872	300.465506803	"4T1"	[2, 2, 2]
"4.4.8155835456.2"	[1212944, 0, -3526, 0, 1]	8155835456	300.515663893	"4T1"	[2, 2]
"4.4.8158183813.1"	[3013949, -6262, -6264, -1, 1]	8158183813	300.537293862	"4T1"	[2]
"4.4.8167442432.1"	[7976018, 0, -7988, 0, 1]	8167442432	300.622526584	"4T1"	[2]
"4.4.8177069225.1"	[-15376, -10292, -947, -1, 1]	8177069225	300.711071822	"4T1"	[2, 8]
"4.4.8177069225.2"	[74194, -6847, -947, -1, 1]	8177069225	300.711071822	"4T1"	[2, 8]
"4.4.8179082425.1"	[1521614, 5297, -2655, -1, 1]	8179082425	300.729578931	"4T1"	[2, 2]
"4.4.8183810048.2"	[7992002, 0, -7996, 0, 1]	8183810048	300.773025981	"4T1"	[]
"4.4.8199688625.1"	[361, -10351, -1334, -1, 1]	8199688625	300.918813111	"4T1"	[2, 2, 2]
"4.4.8199688625.2"	[327016, 5204, -1334, -1, 1]	8199688625	300.918813111	"4T1"	[2, 2, 2]
"4.4.8200194048.2"	[8008002, 0, -8004, 0, 1]	8200194048	300.92345011	"4T1"	[2, 2]
"4.4.8205738913.1"	[13859, -1891, -756, -1, 1]	8205738913	300.97430735	"4T1"	[]
"4.4.8216594432.1"	[8024018, 0, -8012, 0, 1]	8216594432	301.073799082	"4T1"	[5]
"4.4.8221732325.1"	[175159, -9338, -3120, -1, 1]	8221732325	301.120853929	"4T1"	[2]
"4.4.8226503077.1"	[3370823, 3730, -3732, -1, 1]	8226503077	301.164526612	"4T1"	[2]
"4.4.8242408000.1"	[32320, 0, -1010, 0, 1]	8242408000	301.309987254	"4T1"	[2, 8]
"4.4.8242408000.2"	[72720, 0, -1010, 0, 1]	8242408000	301.309987254	"4T1"	[2, 8]
"4.4.8263666000.1"	[71485, 0, -2465, 0, 1]	8263666000	301.504076836	"4T1"	[2, 4]
"4.4.8263666000.2"	[643365, 0, -2465, 0, 1]	8263666000	301.504076836	"4T1"	[2, 4]
"4.4.8279135125.1"	[87941, 11134, -1614, -1, 1]	8279135125	301.645077628	"4T1"	[2, 4]
"4.4.8279135125.2"	[583631, -1576, -1614, -1, 1]	8279135125	301.645077628	"4T1"	[2, 4]
"4.4.8280493861.1"	[1238661, 8742, -2920, -1, 1]	8280493861	301.657453039	"4T1"	[]
"4.4.8282359808.1"	[8088242, 0, -8044, 0, 1]	8282359808	301.674445663	"4T1"	[]
"4.4.8289552821.1"	[605485, 12682, -4230, -1, 1]	8289552821	301.739923434	"4T1"	[2, 2]
"4.4.8294222053.1"	[3064233, -6314, -6316, -1, 1]	8294222053	301.782404502	"4T1"	[2, 2]
"4.4.8318014784.1"	[618164, 0, -4234, 0, 1]	8318014784	301.998594655	"4T1"	[2]
"4.4.8319494144.1"	[48074, 0, -2236, 0, 1]	8319494144	302.012021382	"4T1"	[4]
"4.4.8319494144.2"	[1201850, 0, -2236, 0, 1]	8319494144	302.012021382	"4T1"	[4]
"4.4.8331855872.2"	[8136578, 0, -8068, 0, 1]	8331855872	302.124146949	"4T1"	[2]
"4.4.8364935168.2"	[8168882, 0, -8084, 0, 1]	8364935168	302.423576306	"4T1"	[2]
"4.4.8375736689.1"	[1045313, -4845, -2436, -1, 1]	8375736689	302.521157875	"4T1"	[2]
"4.4.8394646721.1"	[1241312, -7152, -3582, -1, 1]	8394646721	302.691765189	"4T1"	[2]
"4.4.8396988925.1"	[3102219, -6353, -6355, -1, 1]	8396988925	302.712876611	"4T1"	[2, 2, 2]
"4.4.8414676992.1"	[8217458, 0, -8108, 0, 1]	8414676992	302.872165294	"4T1"	[]
"4.4.8431290368.1"	[8233682, 0, -8116, 0, 1]	8431290368	303.021547382	"4T1"	[2]
"4.4.8439822656.1"	[246356, 0, -1018, 0, 1]	8439822656	303.09818116	"4T1"	[]
"4.4.8441325568.1"	[88218, 0, -1508, 0, 1]	8441325568	303.111673726	"4T1"	[2, 10]
"4.4.8441325568.2"	[480298, 0, -1508, 0, 1]	8441325568	303.111673726	"4T1"	[2, 2]
"4.4.8461993984.1"	[257346, 0, -1972, 0, 1]	8461993984	303.29704432	"4T1"	[2, 4]
"4.4.8461993984.2"	[714850, 0, -1972, 0, 1]	8461993984	303.29704432	"4T1"	[2, 4]
"4.4.8465221825.2"	[35871, -8669, -958, -1, 1]	8465221825	303.325963468	"4T1"	[2, 12]
"4.4.8465221825.3"	[119511, 5271, -958, -1, 1]	8465221825	303.325963468	"4T1"	[2, 12]
"4.4.8502154921.1"	[-45484, -11098, -765, -1, 1]	8502154921	303.656270366	"4T1"	[2, 2]
"4.4.8502154921.2"	[3500, -4975, -765, -1, 1]	8502154921	303.656270366	"4T1"	[2, 2]
"4.4.8504003117.1"	[181307, -9497, -3173, -1, 1]	8504003117	303.672771199	"4T1"	[5]
"4.4.8514603008.2"	[8315042, 0, -8156, 0, 1]	8514603008	303.767355912	"4T1"	[]
"4.4.8543658448.3"	[3159637, 0, -6409, 0, 1]	8543658448	304.026170745	"4T1"	[2, 2, 2, 2]
"4.4.8548593637.1"	[179497, -9214, -1864, -1, 1]	8548593637	304.070065925	"4T1"	[]
"4.4.8560411200.1"	[7405200, 0, -5610, 0, 1]	8560411200	304.175097993	"4T1"	[2, 2, 2, 2]
"4.4.8563587625.1"	[392016, -7676, -1939, -1, 1]	8563587625	304.20331086	"4T1"	[2, 4]
"4.4.8563587625.2"	[899226, 9, -1939, -1, 1]	8563587625	304.20331086	"4T1"	[2, 4]
"4.4.8581548032.5"	[8380418, 0, -8188, 0, 1]	8581548032	304.362686921	"4T1"	[2, 2]
"4.4.8588176889.1"	[1270012, -7234, -3623, -1, 1]	8588176889	304.421446499	"4T1"	[2]
"4.4.8631928832.1"	[8429618, 0, -8212, 0, 1]	8631928832	304.808422117	"4T1"	[2]
"4.4.8634315725.2"	[630889, 12943, -4317, -1, 1]	8634315725	304.829491269	"4T1"	[2, 2, 2]
"4.4.8636566417.1"	[1607097, 5443, -2728, -1, 1]	8636566417	304.84935417	"4T1"	[2]
"4.4.8682457088.2"	[8478962, 0, -8236, 0, 1]	8682457088	305.253506446	"4T1"	[2]
"4.4.8716224512.2"	[8511938, 0, -8252, 0, 1]	8716224512	305.549869144	"4T1"	[]
"4.4.8723712925.1"	[3574841, 3841, -3843, -1, 1]	8723712925	305.615475153	"4T1"	[2]
"4.4.8729855657.1"	[7546114, 1, -5667, -1, 1]	8729855657	305.66926012	"4T1"	[2]
"4.4.8766998528.1"	[8561522, 0, -8276, 0, 1]	8766998528	305.993875	"4T1"	[2]
"4.4.8834926592.2"	[8627858, 0, -8308, 0, 1]	8834926592	306.584882552	"4T1"	[2]
"4.4.8854202576.1"	[40229, 0, -821, 0, 1]	8854202576	306.75197212	"4T1"	[]
"4.4.8861981833.1"	[179964, -7962, -1369, -1, 1]	8861981833	306.81932761	"4T1"	[2]
"4.4.8863541072.1"	[197213, 0, -3233, 0, 1]	8863541072	306.832822703	"4T1"	[2]
"4.4.8868988928.2"	[8661122, 0, -8324, 0, 1]	8868988928	306.879959505	"4T1"	[2]
"4.4.8886044672.1"	[8677778, 0, -8332, 0, 1]	8886044672	307.027391634	"4T1"	[]
"4.4.8892691333.1"	[3644179, 3878, -3880, -1, 1]	8892691333	307.084788792	"4T1"	[5]
"4.4.8920205312.2"	[8711138, 0, -8348, 0, 1]	8920205312	307.322043709	"4T1"	[]
"4.4.8921454781.1"	[1158627, -2255, -2275, -1, 1]	8921454781	307.33280493	"4T1"	[]
"4.4.8937310208.2"	[8727842, 0, -8356, 0, 1]	8937310208	307.469263858	"4T1"	[10]
"4.4.8940682313.2"	[7728422, 1, -5735, -1, 1]	8940682313	307.498262291	"4T1"	[2]
"4.4.8952064000.1"	[349690, 0, -3740, 0, 1]	8952064000	307.596078636	"4T1"	[2, 4]
"4.4.8952064000.2"	[3147210, 0, -3740, 0, 1]	8952064000	307.596078636	"4T1"	[2, 4]
"4.4.8971569152.5"	[8761298, 0, -8372, 0, 1]	8971569152	307.763492886	"4T1"	[2, 2, 2]
"4.4.8987848768.3"	[1686592, 0, -2774, 0, 1]	8987848768	307.903013233	"4T1"	[2, 10]
"4.4.8988674581.1"	[1345167, 9108, -3042, -1, 1]	8988674581	307.910085603	"4T1"	[]
"4.4.9000177472.2"	[3328468, 0, -6578, 0, 1]	9000177472	308.008547219	"4T1"	[2, 2]
"4.4.9001749161.1"	[1123900, -5023, -2525, -1, 1]	9001749161	308.021993119	"4T1"	[2]
"4.4.9011897441.1"	[-35125, -10275, -780, -1, 1]	9011897441	308.108769943	"4T1"	[5]
"4.4.9023080448.1"	[8811602, 0, -8396, 0, 1]	9023080448	308.204309765	"4T1"	[]
"4.4.9028833781.1"	[128331, -8078, -1210, -1, 1]	9028833781	308.253427641	"4T1"	[5]
"4.4.9047038937.1"	[7820392, 1, -5769, -1, 1]	9047038937	308.408695852	"4T1"	[2]
"4.4.9050928704.2"	[208400, 0, -1042, 0, 1]	9050928704	308.441840526	"4T1"	[2, 2]
"4.4.9080506277.1"	[-21587, 12544, -1428, -1, 1]	9080506277	308.693521948	"4T1"	[]
"4.4.9082836893.2"	[193921, -9815, -3279, -1, 1]	9082836893	308.713327475	"4T1"	[2, 2]
"4.4.9104925869.1"	[665573, 13291, -4433, -1, 1]	9104925869	308.900850141	"4T1"	[2, 4]
"4.4.9106193728.2"	[3741588, 0, -3922, 0, 1]	9106193728	308.911603174	"4T1"	[2, 2]
"4.4.9115564624.1"	[20725, 0, -829, 0, 1]	9115564624	308.991045314	"4T1"	[]
"4.4.9116230969.1"	[-46162, -11359, -783, -1, 1]	9116230969	308.996691947	"4T1"	[3]
"4.4.9126545408.2"	[8912642, 0, -8444, 0, 1]	9126545408	309.084057443	"4T1"	[]
"4.4.9143035200.5"	[3381300, 0, -6630, 0, 1]	9143035200	309.223575792	"4T1"	[2, 2, 2, 2]
"4.4.9143846912.2"	[8929538, 0, -8452, 0, 1]	9143846912	309.230438724	"4T1"	[2, 4]
"4.4.9154024425.1"	[7912906, 1, -5803, -1, 1]	9154024425	309.31644968	"4T1"	[2, 2, 2, 4]
"4.4.9156531008.1"	[203732, 0, -3286, 0, 1]	9156531008	309.337622	"4T1"	[2]
"4.4.9178499072.2"	[8963378, 0, -8468, 0, 1]	9178499072	309.522993604	"4T1"	[2, 2]
"4.4.9182000225.3"	[1358080, -7480, -3746, -1, 1]	9182000225	309.552506391	"4T1"	[2, 2, 2]
"4.4.9205889173.1"	[3401219, -6652, -6654, -1, 1]	9205889173	309.753652103	"4T1"	[2]
"4.4.9235510837.1"	[3784853, 3952, -3954, -1, 1]	9235510837	310.002524532	"4T1"	[2]
"4.4.9254552384.3"	[687764, 0, -4466, 0, 1]	9254552384	310.162190015	"4T1"	[2, 2]
"4.4.9282848768.2"	[9065282, 0, -8516, 0, 1]	9282848768	310.399003828	"4T1"	[2, 4]
"4.4.9285292944.1"	[360900, 0, -1203, 0, 1]	9285292944	310.419433841	"4T1"	[10]
"4.4.9297704000.1"	[550160, 0, -2990, 0, 1]	9297704000	310.523111329	"4T1"	[2, 4]
"4.4.9297704000.2"	[2200640, 0, -2990, 0, 1]	9297704000	310.523111329	"4T1"	[2, 4]
"4.4.9298466525.2"	[1408705, 2405, -2411, -1, 1]	9298466525	310.529477803	"4T1"	[2, 4]
"4.4.9300297728.1"	[9082322, 0, -8524, 0, 1]	9300297728	310.544765284	"4T1"	[5]
"4.4.9310177273.2"	[235164, -9791, -2461, -1, 1]	9310177273	310.627204031	"4T1"	[2, 4]
"4.4.9314139757.1"	[3441233, -6691, -6693, -1, 1]	9314139757	310.660250097	"4T1"	[2, 2]
"4.4.9327307625.1"	[-46384, 11709, -789, -1, 1]	9327307625	310.769990941	"4T1"	[2, 2]
"4.4.9327307625.2"	[12556, -3026, -789, -1, 1]	9327307625	310.769990941	"4T1"	[2, 2]
"4.4.9352742912.2"	[9133538, 0, -8548, 0, 1]	9352742912	310.98163973	"4T1"	[2, 2]
"4.4.9353660029.1"	[1400067, 9291, -3103, -1, 1]	9353660029	310.989263057	"4T1"	[2]
"4.4.9379399877.1"	[200387, -9974, -3332, -1, 1]	9379399877	311.202991401	"4T1"	[]
"4.4.9387788288.1"	[9167762, 0, -8564, 0, 1]	9387788288	311.272548718	"4T1"	[2]
"4.4.9398280125.2"	[23490281, 10839, -10839, -1, 1]	9398280125	311.359482214	"4T1"	[2, 2, 2]
"4.4.9405335552.2"	[9184898, 0, -8572, 0, 1]	9405335552	311.417901305	"4T1"	[]
"4.4.9409351933.1"	[3856189, 3989, -3991, -1, 1]	9409351933	311.451142349	"4T1"	[]
"4.4.9422899200.2"	[9202050, 0, -8580, 0, 1]	9422899200	311.563186082	"4T1"	[2, 2, 2]
"4.4.9434056897.1"	[-16384, -8320, -792, -1, 1]	9434056897	311.655375996	"4T1"	[]
"4.4.9466078181.1"	[692195, 13552, -4520, -1, 1]	9466078181	311.919496939	"4T1"	[2]
"4.4.9493317632.2"	[9270818, 0, -8612, 0, 1]	9493317632	312.143648972	"4T1"	[2, 2]
"4.4.9560488000.1"	[454720, 0, -2030, 0, 1]	9560488000	312.694336341	"4T1"	[2, 2, 4]
"4.4.9560488000.2"	[1023120, 0, -2030, 0, 1]	9560488000	312.694336341	"4T1"	[2, 2, 4]
"4.4.9563998208.2"	[9339842, 0, -8644, 0, 1]	9563998208	312.723034433	"4T1"	[2]
"4.4.9568004513.1"	[106624, 12544, -2106, -1, 1]	9568004513	312.75577877	"4T1"	[2]
"4.4.9573598733.1"	[-3139, 13029, -1881, -1, 1]	9573598733	312.801484255	"4T1"	[3, 3]
"4.4.9588023181.1"	[701185, 13639, -4549, -1, 1]	9588023181	312.91924148	"4T1"	[2, 2]
"4.4.9588880033.1"	[1785071, 5735, -2874, -1, 1]	9588880033	312.926232402	"4T1"	[2]
"4.4.9588909809.2"	[1418432, -7644, -3828, -1, 1]	9588909809	312.926475331	"4T1"	[2, 2]
"4.4.9649992689.1"	[-1472, 6520, -798, -1, 1]	9649992689	313.423637127	"4T1"	[]
"4.4.9669412864.1"	[294066, 0, -2108, 0, 1]	9669412864	313.581205997	"4T1"	[2, 4]
"4.4.9669412864.2"	[816850, 0, -2108, 0, 1]	9669412864	313.581205997	"4T1"	[2, 4]
"4.4.9670510592.2"	[9443858, 0, -8692, 0, 1]	9670510592	313.590105509	"4T1"	[2, 2, 4]
"4.4.9690843968.1"	[2132, 0, -1066, 0, 1]	9690843968	313.754815635	"4T1"	[4]
"4.4.9690843968.2"	[257972, 0, -1066, 0, 1]	9690843968	313.754815635	"4T1"	[4]
"4.4.9723987968.1"	[9496082, 0, -8716, 0, 1]	9723987968	314.022743248	"4T1"	[]
"4.4.9741551936.1"	[723956, 0, -4582, 0, 1]	9741551936	314.164448315	"4T1"	[2]
"4.4.9743775296.1"	[1449104, 0, -3854, 0, 1]	9743775296	314.182372587	"4T1"	[2]
"4.4.9759185353.1"	[-8356, -7346, -801, -1, 1]	9759185353	314.306521065	"4T1"	[]
"4.4.9759721472.2"	[9530978, 0, -8732, 0, 1]	9759721472	314.310837569	"4T1"	[2]
"4.4.9761896813.1"	[4000859, 4063, -4065, -1, 1]	9761896813	314.328350264	"4T1"	[]
"4.4.9777612800.2"	[9548450, 0, -8740, 0, 1]	9777612800	314.45478575	"4T1"	[2, 2]
"4.4.9795672809.1"	[1449100, -7726, -3869, -1, 1]	9795672809	314.599890874	"4T1"	[2, 2]
"4.4.9841819033.1"	[571424, 7153, -1809, -1, 1]	9841819033	314.969748593	"4T1"	[26]
"4.4.9852181776.1"	[368100, 0, -1227, 0, 1]	9852181776	315.052626122	"4T1"	[2, 2]
"4.4.9871471168.1"	[262288, 0, -2522, 0, 1]	9871471168	315.206721858	"4T1"	[2, 2]
"4.4.9904982625.1"	[454656, -8256, -2084, -1, 1]	9904982625	315.473896216	"4T1"	[2, 2, 4]
"4.4.9904982625.2"	[1041471, 9, -2084, -1, 1]	9904982625	315.473896216	"4T1"	[2, 2, 4]
"4.4.9921333248.5"	[9688802, 0, -8804, 0, 1]	9921333248	315.604007619	"4T1"	[2, 2]
"4.4.9930407632.1"	[69093, 0, -853, 0, 1]	9930407632	315.676148382	"4T1"	[]
"4.4.9939298304.1"	[57434, 0, -2444, 0, 1]	9939298304	315.746780712	"4T1"	[4]
"4.4.9939298304.2"	[1435850, 0, -2444, 0, 1]	9939298304	315.746780712	"4T1"	[4]
"4.4.9939372032.1"	[9706418, 0, -8812, 0, 1]	9939372032	315.747366249	"4T1"	[]
"4.4.9940600597.1"	[4074193, 4100, -4102, -1, 1]	9940600597	315.757122856	"4T1"	[]
"4.4.9975498752.2"	[9741698, 0, -8828, 0, 1]	9975498752	316.033888419	"4T1"	[]
"4.4.9980035577.1"	[-25508, -9554, -807, -1, 1]	9980035577	316.069815093	"4T1"	[5]
"4.4.9986818037.1"	[213637, -10292, -3438, -1, 1]	9986818037	316.123501895	"4T1"	[2, 2]
"4.4.10029811712.1"	[9794738, 0, -8852, 0, 1]	10029811712	316.463185273	"4T1"	[2]
"4.4.10036418877.1"	[-20501, 11731, -907, -1, 1]	10036418877	316.515290143	"4T1"	[4]
"4.4.10036418877.2"	[54163, -6935, -907, -1, 1]	10036418877	316.515290143	"4T1"	[4]
"4.4.10064085200.1"	[223925, 0, -3445, 0, 1]	10064085200	316.733190989	"4T1"	[2, 2, 2]
"4.4.10083709657.1"	[1877562, 5881, -2947, -1, 1]	10083709657	316.887481638	"4T1"	[2]
"4.4.10091699281.1"	[9581, 4457, -810, -1, 1]	10091699281	316.950232847	"4T1"	[]
"4.4.10102458368.1"	[9865682, 0, -8884, 0, 1]	10102458368	317.034676818	"4T1"	[26]
"4.4.10105421101.1"	[1513161, 9657, -3225, -1, 1]	10105421101	317.057918334	"4T1"	[]
"4.4.10114996304.3"	[751709, 0, -4669, 0, 1]	10114996304	317.132997239	"4T1"	[2, 2, 2]
"4.4.10133786944.1"	[54100, 0, -1082, 0, 1]	10133786944	317.280179328	"4T1"	[]
"4.4.10193635328.5"	[9954722, 0, -8924, 0, 1]	10193635328	317.747595813	"4T1"	[2, 2]
"4.4.10201434064.1"	[1542141, 0, -3233, 0, 1]	10201434064	317.808352327	"4T1"	[2]
"4.4.10211919872.4"	[9972578, 0, -8932, 0, 1]	10211919872	317.889987752	"4T1"	[2, 2]
"4.4.10248538112.1"	[10008338, 0, -8948, 0, 1]	10248538112	318.174580457	"4T1"	[2]
"4.4.10266871808.2"	[10026242, 0, -8956, 0, 1]	10266871808	318.316781394	"4T1"	[]
"4.4.10297042661.1"	[194011, 10844, -1580, -1, 1]	10297042661	318.550380382	"4T1"	[]
"4.4.10297673213.1"	[220421, -10451, -3491, -1, 1]	10297673213	318.555256975	"4T1"	[]
"4.4.10302870853.1"	[4222859, 4174, -4176, -1, 1]	10302870853	318.595446206	"4T1"	[2, 2]
"4.4.10303588352.1"	[10062098, 0, -8972, 0, 1]	10303588352	318.600992862	"4T1"	[]
"4.4.10360232000.1"	[8720, 0, -1090, 0, 1]	10360232000	319.037967742	"4T1"	[2, 2, 2]
"4.4.10360232000.2"	[139520, 0, -1090, 0, 1]	10360232000	319.037967742	"4T1"	[2, 2, 2]
"4.4.10372900421.1"	[310625, -8550, -1740, -1, 1]	10372900421	319.135452415	"4T1"	[2, 4]
"4.4.10372900421.2"	[625771, 5152, -1740, -1, 1]	10372900421	319.135452415	"4T1"	[2, 4]
"4.4.10377218048.1"	[10134002, 0, -9004, 0, 1]	10377218048	319.168656551	"4T1"	[]
"4.4.10429194641.2"	[1543072, -7972, -3992, -1, 1]	10429194641	319.567564785	"4T1"	[2, 2]
"4.4.10429557137.1"	[9015917, 1, -6194, -1, 1]	10429557137	319.570341617	"4T1"	[2]
"4.4.10432612352.1"	[10188098, 0, -9028, 0, 1]	10432612352	319.593742631	"4T1"	[2, 2]
"4.4.10463490725.2"	[765739, 14248, -4752, -1, 1]	10463490725	319.829963436	"4T1"	[2, 2]
"4.4.10469623808.5"	[10224242, 0, -9044, 0, 1]	10469623808	319.876819518	"4T1"	[2, 2, 2]
"4.4.10469779333.1"	[3868413, -7094, -7096, -1, 1]	10469779333	319.878007444	"4T1"	[2]
"4.4.10488154112.5"	[10242338, 0, -9052, 0, 1]	10488154112	320.018264061	"4T1"	[2, 10]
"4.4.10492196725.1"	[1571355, 9840, -3286, -1, 1]	10492196725	320.049097014	"4T1"	[2, 4]
"4.4.10525263872.1"	[10278578, 0, -9068, 0, 1]	10525263872	320.300965763	"4T1"	[5]
"4.4.10543843328.1"	[10296722, 0, -9076, 0, 1]	10543843328	320.442223087	"4T1"	[2]
"4.4.10549504000.1"	[412090, 0, -4060, 0, 1]	10549504000	320.485223376	"4T1"	[2, 4]
"4.4.10549504000.2"	[3708810, 0, -4060, 0, 1]	10549504000	320.485223376	"4T1"	[2, 68]
"4.4.10581051392.2"	[10333058, 0, -9092, 0, 1]	10581051392	320.724551091	"4T1"	[2, 2]
"4.4.10603964416.1"	[41866, 0, -692, 0, 1]	10603964416	320.898040686	"4T1"	[6]
"4.4.10603964416.2"	[77850, 0, -692, 0, 1]	10603964416	320.898040686	"4T1"	[6]
"4.4.10613292453.1"	[227311, -10610, -3544, -1, 1]	10613292453	320.968588873	"4T1"	[2, 2]
"4.4.10636986368.1"	[10387682, 0, -9116, 0, 1]	10636986368	321.147577722	"4T1"	[2]
"4.4.10638092417.2"	[174203, -10121, -1718, -1, 1]	10638092417	321.155925742	"4T1"	[2, 2]
"4.4.10643461625.3"	[58916, -11366, -1919, -1, 1]	10643461625	321.196441152	"4T1"	[2, 2, 2]
"4.4.10643461625.4"	[286466, 11389, -1919, -1, 1]	10643461625	321.196441152	"4T1"	[2, 2, 2]
"4.4.10655664128.2"	[10405922, 0, -9124, 0, 1]	10655664128	321.288462825	"4T1"	[2]
"4.4.10662656125.1"	[-33189, 13489, -1279, -1, 1]	10662656125	321.341155351	"4T1"	[2, 2, 4]
"4.4.10662656125.2"	[240931, -6091, -1279, -1, 1]	10662656125	321.341155351	"4T1"	[2, 2, 4]
"4.4.10700514000.1"	[92565, 0, -2805, 0, 1]	10700514000	321.626007672	"4T1"	[2, 2, 4]
"4.4.10700514000.2"	[833085, 0, -2805, 0, 1]	10700514000	321.626007672	"4T1"	[2, 2, 4]
"4.4.10711795712.2"	[10460738, 0, -9148, 0, 1]	10711795712	321.710747953	"4T1"	[]
"4.4.10720648341.2"	[784705, 14422, -4810, -1, 1]	10720648341	321.777195815	"4T1"	[2, 2, 2]
"4.4.10749298688.5"	[10497362, 0, -9164, 0, 1]	10749298688	321.991963696	"4T1"	[2]
"4.4.10753012544.2"	[799124, 0, -4814, 0, 1]	10753012544	322.019771949	"4T1"	[2]
"4.4.10768074752.1"	[10515698, 0, -9172, 0, 1]	10768074752	322.132479506	"4T1"	[2]
"4.4.10792418128.1"	[7893, 0, -877, 0, 1]	10792418128	322.31438651	"4T1"	[]
"4.4.10805676032.2"	[10552418, 0, -9188, 0, 1]	10805676032	322.413327405	"4T1"	[2, 2]
"4.4.10839603344.1"	[1368464, 0, -2759, 0, 1]	10839603344	322.666105709	"4T1"	[2]
"4.4.10843467913.1"	[274934, -10567, -2655, -1, 1]	10843467913	322.694861345	"4T1"	[2]
"4.4.10858432957.1"	[4450853, 4285, -4287, -1, 1]	10858432957	322.806141371	"4T1"	[]
"4.4.10862569889.1"	[1607360, -8136, -4074, -1, 1]	10862569889	322.83688329	"4T1"	[2]
"4.4.10886235741.1"	[1630647, 10023, -3347, -1, 1]	10886235741	323.012577805	"4T1"	[2, 4]
"4.4.10897322969.1"	[391600, 25, -1353, -1, 1]	10897322969	323.0947905	"4T1"	[10]
"4.4.10918873088.1"	[10662962, 0, -9236, 0, 1]	10918873088	323.25440708	"4T1"	[2]
"4.4.10930463309.1"	[1657367, 2607, -2613, -1, 1]	10930463309	323.340155388	"4T1"	[5]
"4.4.10933675757.1"	[234307, -10769, -3597, -1, 1]	10933675757	323.363910076	"4T1"	[]
"4.4.10935262117.1"	[4040481, -7250, -7252, -1, 1]	10935262117	323.375638604	"4T1"	[2]
"4.4.10937796608.2"	[10681442, 0, -9244, 0, 1]	10937796608	323.394374355	"4T1"	[]
"4.4.10957326336.5"	[333234, 0, -2244, 0, 1]	10957326336	323.538635121	"4T1"	[2, 2, 2, 4]
"4.4.10957326336.6"	[925650, 0, -2244, 0, 1]	10957326336	323.538635121	"4T1"	[2, 2, 2, 4]
"4.4.10964091109.1"	[498725, 9740, -1968, -1, 1]	10964091109	323.588559684	"4T1"	[]
"4.4.10967586125.2"	[27413111, 11709, -11709, -1, 1]	10967586125	323.614344129	"4T1"	[2, 2, 2]
"4.4.10980927749.1"	[803903, 14596, -4868, -1, 1]	10980927749	323.7127152	"4T1"	[2]
"4.4.11046862117.1"	[4528183, 4322, -4324, -1, 1]	11046862117	324.197553601	"4T1"	[]
"4.4.11059756352.1"	[109172, 0, -1114, 0, 1]	11059756352	324.292115543	"4T1"	[5]
"4.4.11060825617.1"	[361368, -5708, -1474, -1, 1]	11060825617	324.299953456	"4T1"	[2]
"4.4.11063072592.1"	[4091373, 0, -7293, 0, 1]	11063072592	324.316422353	"4T1"	[2, 2, 2, 2]
"4.4.11068993913.1"	[9568876, 1, -6381, -1, 1]	11068993913	324.359809855	"4T1"	[34]
"4.4.11082565721.1"	[1639996, -8218, -4115, -1, 1]	11082565721	324.459189402	"4T1"	[2]
"4.4.11147036672.1"	[10885778, 0, -9332, 0, 1]	11147036672	324.930035104	"4T1"	[2]
"4.4.11182336000.1"	[436810, 0, -4180, 0, 1]	11182336000	325.186969229	"4T1"	[2, 4]
"4.4.11182336000.2"	[3931290, 0, -4180, 0, 1]	11182336000	325.186969229	"4T1"	[2, 4]
"4.4.11204446208.1"	[10941842, 0, -9356, 0, 1]	11204446208	325.347593685	"4T1"	[]
"4.4.11223615488.1"	[10960562, 0, -9364, 0, 1]	11223615488	325.48666084	"4T1"	[2]
"4.4.11238451200.1"	[117450, 0, -1740, 0, 1]	11238451200	325.594167076	"4T1"	[2, 20]
"4.4.11238451200.2"	[639450, 0, -1740, 0, 1]	11238451200	325.594167076	"4T1"	[2, 4]
"4.4.11243330557.1"	[419589, 7981, -1627, -1, 1]	11243330557	325.629501828	"4T1"	[]
"4.4.11244328949.1"	[823333, 14770, -4926, -1, 1]	11244328949	325.636730449	"4T1"	[2]
"4.4.11251208293.1"	[4157273, -7354, -7356, -1, 1]	11251208293	325.686525624	"4T1"	[2]
"4.4.11277473600.2"	[838100, 0, -4930, 0, 1]	11277473600	325.876433632	"4T1"	[2, 2, 2]
"4.4.11281221632.1"	[11016818, 0, -9388, 0, 1]	11281221632	325.903506254	"4T1"	[]
"4.4.11284677952.1"	[4636692, 0, -4366, 0, 1]	11284677952	325.928465816	"4T1"	[2]
"4.4.11287538149.1"	[1691037, 10206, -3408, -1, 1]	11287538149	325.949116184	"4T1"	[]
"4.4.11306232857.1"	[9774032, 1, -6449, -1, 1]	11306232857	326.083993749	"4T1"	[2, 10]
"4.4.11319552000.1"	[1530, 0, -1020, 0, 1]	11319552000	326.179985978	"4T1"	[4, 4]
"4.4.11319552000.2"	[74970, 0, -1020, 0, 1]	11319552000	326.179985978	"4T1"	[4, 4]
"4.4.11319552000.3"	[185130, 0, -1020, 0, 1]	11319552000	326.179985978	"4T1"	[4, 4]
"4.4.11319552000.4"	[258570, 0, -1020, 0, 1]	11319552000	326.179985978	"4T1"	[4, 4]
"4.4.11319707648.2"	[11054402, 0, -9404, 0, 1]	11319707648	326.181107246	"4T1"	[5]
"4.4.11343933625.1"	[521936, -8836, -2229, -1, 1]	11343933625	326.355487237	"4T1"	[2, 4]
"4.4.11343933625.2"	[1194156, 9, -2229, -1, 1]	11343933625	326.355487237	"4T1"	[2, 4]
"4.4.11368915225.1"	[2304, -11487, -1057, -1, 1]	11368915225	326.535013984	"4T1"	[2, 2]
"4.4.11375444249.1"	[-48292, 12510, -843, -1, 1]	11375444249	326.581885122	"4T1"	[4]
"4.4.11375444249.2"	[-25802, 10261, -843, -1, 1]	11375444249	326.581885122	"4T1"	[4]
"4.4.11377559552.1"	[11110898, 0, -9428, 0, 1]	11377559552	326.597066319	"4T1"	[2]
"4.4.11410868677.2"	[4216293, -7406, -7408, -1, 1]	11410868677	326.835842034	"4T1"	[2, 4]
"4.4.11428794000.1"	[676260, 0, -3315, 0, 1]	11428794000	326.96412302	"4T1"	[2, 2, 20]
"4.4.11428794000.2"	[2705040, 0, -3315, 0, 1]	11428794000	326.96412302	"4T1"	[2, 2, 4]
"4.4.11429187137.1"	[875008, 10064, -2528, -1, 1]	11429187137	326.966934779	"4T1"	[2]
"4.4.11437576853.1"	[-1409, 14240, -2054, -1, 1]	11437576853	327.026921655	"4T1"	[]
"4.4.11497268593.1"	[-36544, -11144, -846, -1, 1]	11497268593	327.452770549	"4T1"	[2]
"4.4.11497268593.2"	[-16231, 9169, -846, -1, 1]	11497268593	327.452770549	"4T1"	[2]
"4.4.11499659693.1"	[322997, -7509, -1545, -1, 1]	11499659693	327.469794403	"4T1"	[]
"4.4.11502491200.1"	[694800, 0, -1930, 0, 1]	11502491200	327.489950378	"4T1"	[2, 2]
"4.4.11508678928.1"	[2159632, 0, -3139, 0, 1]	11508678928	327.533984536	"4T1"	[2]
"4.4.11513120768.1"	[11243282, 0, -9484, 0, 1]	11513120768	327.565583364	"4T1"	[]
"4.4.11514970469.1"	[791825, -6584, -2216, -1, 1]	11514970469	327.578739264	"4T1"	[]
"4.4.11529173801.1"	[1706252, -8382, -4197, -1, 1]	11529173801	327.679706936	"4T1"	[2]
"4.4.11531352157.1"	[4260831, -7445, -7447, -1, 1]	11531352157	327.695184031	"4T1"	[2, 2]
"4.4.11540638429.1"	[-8227, -12409, -1803, -1, 1]	11540638429	327.761137876	"4T1"	[3]
"4.4.11543176000.1"	[20340, 0, -1130, 0, 1]	11543176000	327.77915353	"4T1"	[4]
"4.4.11543176000.2"	[273460, 0, -1130, 0, 1]	11543176000	327.77915353	"4T1"	[4]
"4.4.11562630001.1"	[398096, 2684, -1380, -1, 1]	11562630001	327.917169921	"4T1"	[2]
"4.4.11571464192.2"	[11300258, 0, -9508, 0, 1]	11571464192	327.979786585	"4T1"	[2, 2]
"4.4.11606318897.2"	[10033537, 1, -6534, -1, 1]	11606318897	328.226487188	"4T1"	[2, 2, 2]
"4.4.11610441728.1"	[11338322, 0, -9524, 0, 1]	11610441728	328.255631702	"4T1"	[2]
"4.4.11621427200.1"	[3050, 0, -1220, 0, 1]	11621427200	328.333250719	"4T1"	[2, 2]
"4.4.11621427200.2"	[369050, 0, -1220, 0, 1]	11621427200	328.333250719	"4T1"	[2, 2]
"4.4.11621874973.1"	[4764169, 4433, -4435, -1, 1]	11621874973	328.336413339	"4T1"	[]
"4.4.11629955072.2"	[11357378, 0, -9532, 0, 1]	11629955072	328.393467372	"4T1"	[5]
"4.4.11642889793.2"	[2169051, 6319, -3166, -1, 1]	11642889793	328.484738305	"4T1"	[2, 2]
"4.4.11653921537.2"	[295983, -10955, -2752, -1, 1]	11653921537	328.562521243	"4T1"	[2, 4]
"4.4.11666807753.3"	[10085846, 1, -6551, -1, 1]	11666807753	328.653309848	"4T1"	[2]
"4.4.11688593408.1"	[11414642, 0, -9556, 0, 1]	11688593408	328.806627695	"4T1"	[10]
"4.4.11696103949.1"	[1752525, 10389, -3469, -1, 1]	11696103949	328.859433896	"4T1"	[5]
"4.4.11702923216.1"	[152269, 0, -901, 0, 1]	11702923216	328.907357763	"4T1"	[2, 2, 4]
"4.4.11702923216.2"	[202725, 0, -901, 0, 1]	11702923216	328.907357763	"4T1"	[2, 2, 4]
"4.4.11703085056.3"	[67626, 0, -2652, 0, 1]	11703085056	328.908494874	"4T1"	[2, 2, 4]
"4.4.11703085056.4"	[1690650, 0, -2652, 0, 1]	11703085056	328.908494874	"4T1"	[2, 2, 4]
"4.4.11727767552.2"	[11452898, 0, -9572, 0, 1]	11727767552	329.081779733	"4T1"	[2]
"4.4.11731389129.1"	[1466728, -5735, -2881, -1, 1]	11731389129	329.107182202	"4T1"	[2]
"4.4.11743520417.1"	[-61664, 13780, -852, -1, 1]	11743520417	329.192230671	"4T1"	[]
"4.4.11755786049.1"	[1739872, -8464, -4238, -1, 1]	11755786049	329.278154016	"4T1"	[2]
"4.4.11771915161.1"	[21192, 13993, -1777, -1, 1]	11771915161	329.391039575	"4T1"	[2, 2]
"4.4.11786651648.2"	[11510402, 0, -9596, 0, 1]	11786651648	329.494076967	"4T1"	[]
"4.4.11790080576.2"	[227600, 0, -1138, 0, 1]	11790080576	329.518038145	"4T1"	[2, 2]
"4.4.11795916149.1"	[1789273, 2708, -2714, -1, 1]	11795916149	329.558804825	"4T1"	[]
"4.4.11854633901.1"	[54389, -11381, -1325, -1, 1]	11854633901	329.968161217	"4T1"	[3, 3]
"4.4.11865393152.1"	[11587298, 0, -9628, 0, 1]	11865393152	330.043005422	"4T1"	[2]
"4.4.11867954041.1"	[-48694, -12403, -855, -1, 1]	11867954041	330.060812146	"4T1"	[]
"4.4.11904862208.1"	[11625842, 0, -9644, 0, 1]	11904862208	330.317127567	"4T1"	[]
"4.4.11923410053.1"	[255931, -11246, -3756, -1, 1]	11923410053	330.445711471	"4T1"	[]
"4.4.11956276800.3"	[10342800, 0, -6630, 0, 1]	11956276800	330.673193941	"4T1"	[2, 2, 2, 2]
"4.4.11964188672.2"	[11683778, 0, -9668, 0, 1]	11964188672	330.727884776	"4T1"	[2]
"4.4.11983996928.5"	[11703122, 0, -9676, 0, 1]	11983996928	330.864690525	"4T1"	[2, 2]
"4.4.11995894625.1"	[692851, 13589, -3404, -1, 1]	11995894625	330.946780481	"4T1"	[2, 4]
"4.4.11995894625.2"	[2825696, 4, -3404, -1, 1]	11995894625	330.946780481	"4T1"	[2, 4]
"4.4.12013321357.1"	[4924823, 4507, -4509, -1, 1]	12013321357	331.066908696	"4T1"	[13]
"4.4.12023662592.2"	[11741858, 0, -9692, 0, 1]	12023662592	331.138132465	"4T1"	[]
"4.4.12053263301.1"	[883015, 15292, -5100, -1, 1]	12053263301	331.341749442	"4T1"	[2]
"4.4.12062708032.1"	[4956372, 0, -4514, 0, 1]	12062708032	331.40663881	"4T1"	[2]
"4.4.12084804817.1"	[704401, 7925, -2002, -1, 1]	12084804817	331.558304508	"4T1"	[2]
"4.4.12103190528.2"	[11819522, 0, -9724, 0, 1]	12103190528	331.684340065	"4T1"	[2, 2, 10]
"4.4.12119452073.1"	[6236, 5886, -861, -1, 1]	12119452073	331.795694678	"4T1"	[]
"4.4.12144109568.1"	[362, 0, -724, 0, 1]	12144109568	331.964328873	"4T1"	[2]
"4.4.12144109568.2"	[130682, 0, -724, 0, 1]	12144109568	331.964328873	"4T1"	[26]
"4.4.12163008512.1"	[11877938, 0, -9748, 0, 1]	12163008512	332.09340621	"4T1"	[2]
"4.4.12187513593.1"	[2270886, 6465, -3239, -1, 1]	12187513593	332.260548957	"4T1"	[2]
"4.4.12194051261.1"	[-43315, 14349, -1179, -1, 1]	12194051261	332.305098084	"4T1"	[4]
"4.4.12194051261.2"	[9521, -12069, -1179, -1, 1]	12194051261	332.305098084	"4T1"	[4]
"4.4.12202969088.2"	[11916962, 0, -9764, 0, 1]	12202969088	332.36583727	"4T1"	[2]
"4.4.12211475893.1"	[5006149, 4544, -4546, -1, 1]	12211475893	332.423745975	"4T1"	[]
"4.4.12215626961.1"	[1808096, -8628, -4320, -1, 1]	12215626961	332.451992718	"4T1"	[2]
"4.4.12217025344.1"	[1846836, 0, -3538, 0, 1]	12217025344	332.461506664	"4T1"	[2]
"4.4.12218282177.2"	[10562747, 1, -6704, -1, 1]	12218282177	332.470056873	"4T1"	[2, 10]
"4.4.12246522625.1"	[-36889, 11669, -864, -1, 1]	12246522625	332.662002357	"4T1"	[16]
"4.4.12246522625.2"	[20736, 144, -864, -1, 1]	12246522625	332.662002357	"4T1"	[16]
"4.4.12262849613.1"	[263351, -11405, -3809, -1, 1]	12262849613	332.772822697	"4T1"	[2]
"4.4.12263032832.2"	[11975618, 0, -9788, 0, 1]	12263032832	332.774065678	"4T1"	[]
"4.4.12283086848.9"	[11995202, 0, -9796, 0, 1]	12283086848	332.910030573	"4T1"	[2, 4]
"4.4.12294402112.2"	[332352, 0, -1154, 0, 1]	12294402112	332.986673853	"4T1"	[4, 28]
"4.4.12325734400.1"	[374850, 0, -2380, 0, 1]	12325734400	333.198625564	"4T1"	[2, 2, 4]
"4.4.12325734400.2"	[1041250, 0, -2380, 0, 1]	12325734400	333.198625564	"4T1"	[2, 2, 4]
"4.4.12363857216.1"	[918836, 0, -5162, 0, 1]	12363857216	333.455968514	"4T1"	[10]
"4.4.12383602688.1"	[12093362, 0, -9836, 0, 1]	12383602688	333.589023794	"4T1"	[]
"4.4.12390341696.2"	[1842704, 0, -4346, 0, 1]	12390341696	333.634398322	"4T1"	[2, 2, 4]
"4.4.12444108800.2"	[12152450, 0, -9860, 0, 1]	12444108800	333.995757159	"4T1"	[2, 2, 2]
"4.4.12464310272.1"	[12172178, 0, -9868, 0, 1]	12464310272	334.131224922	"4T1"	[]
"4.4.12466931425.1"	[-30261, 13927, -1090, -1, 1]	12466931425	334.148789873	"4T1"	[2, 40]
"4.4.12466931425.2"	[195744, 2032, -1090, -1, 1]	12466931425	334.148789873	"4T1"	[2, 8]
"4.4.12468266525.2"	[913639, 15553, -5187, -1, 1]	12468266525	334.157735622	"4T1"	[2, 2, 2, 2]
"4.4.12470196641.1"	[1559555, -5913, -2970, -1, 1]	12470196641	334.170666965	"4T1"	[2]
"4.4.12503296000.1"	[488410, 0, -4420, 0, 1]	12503296000	334.39219199	"4T1"	[2, 2, 4]
"4.4.12503296000.2"	[4395690, 0, -4420, 0, 1]	12503296000	334.39219199	"4T1"	[2, 2, 4]
"4.4.12525012992.2"	[12231458, 0, -9892, 0, 1]	12525012992	334.537299074	"4T1"	[2]
"4.4.12535025725.1"	[1878795, 10755, -3591, -1, 1]	12535025725	334.604137906	"4T1"	[2, 2]
"4.4.12552218624.1"	[223850, 0, -1628, 0, 1]	12552218624	334.71881375	"4T1"	[4]
"4.4.12552218624.2"	[438746, 0, -1628, 0, 1]	12552218624	334.71881375	"4T1"	[4]
"4.4.12558242125.1"	[88911, 15199, -3049, -1, 1]	12558242125	334.758962357	"4T1"	[2, 4]
"4.4.12558242125.2"	[964071, -9111, -3049, -1, 1]	12558242125	334.758962357	"4T1"	[2, 4]
"4.4.12565563392.1"	[12271058, 0, -9908, 0, 1]	12565563392	334.807741559	"4T1"	[2]
"4.4.12585863168.1"	[12290882, 0, -9916, 0, 1]	12585863168	334.942880915	"4T1"	[10]
"4.4.12607053237.1"	[270877, -11564, -3862, -1, 1]	12607053237	335.083772843	"4T1"	[2, 2]
"4.4.12612647653.1"	[5170799, 4618, -4620, -1, 1]	12612647653	335.120940254	"4T1"	[]
"4.4.12633057289.1"	[-7360, 8297, -873, -1, 1]	12633057289	335.256430241	"4T1"	[4]
"4.4.12633057289.2"	[20588, -1019, -873, -1, 1]	12633057289	335.256430241	"4T1"	[4]
"4.4.12638971904.1"	[73034, 0, -2756, 0, 1]	12638971904	335.295663908	"4T1"	[2, 2]
"4.4.12638971904.2"	[1825850, 0, -2756, 0, 1]	12638971904	335.295663908	"4T1"	[6, 6]
"4.4.12693848528.1"	[282437, 0, -3869, 0, 1]	12693848528	335.659024378	"4T1"	[2]
"4.4.12708005888.2"	[12410162, 0, -9964, 0, 1]	12708005888	335.752574799	"4T1"	[2]
"4.4.12712236353.2"	[72496, -11980, -1544, -1, 1]	12712236353	335.78051412	"4T1"	[4, 4]
"4.4.12728646853.1"	[4703429, -7822, -7824, -1, 1]	12728646853	335.888828276	"4T1"	[2, 10]
"4.4.12744585937.1"	[2375057, 6611, -3312, -1, 1]	12744585937	335.993930729	"4T1"	[2]
"4.4.12784128464.1"	[950069, 0, -5249, 0, 1]	12784128464	336.254249476	"4T1"	[2, 2]
"4.4.12810242048.2"	[12510002, 0, -10004, 0, 1]	12810242048	336.425831089	"4T1"	[2, 2, 2]
"4.4.12855879517.1"	[4750463, -7861, -7863, -1, 1]	12855879517	336.725067317	"4T1"	[2]
"4.4.12921929369.2"	[1912892, -8874, -4443, -1, 1]	12921929369	337.156735936	"4T1"	[2, 2]
"4.4.12925779776.5"	[960596, 0, -5278, 0, 1]	12925779776	337.181849168	"4T1"	[2, 2, 2]
"4.4.12956020925.1"	[278509, -11723, -3915, -1, 1]	12956020925	337.378894003	"4T1"	[2]
"4.4.12957428288.2"	[11208848, 0, -6902, 0, 1]	12957428288	337.388055675	"4T1"	[2, 2]
"4.4.12965381701.1"	[1943577, 10938, -3652, -1, 1]	12965381701	337.439816893	"4T1"	[]
"4.4.12967168000.1"	[3330, 0, -740, 0, 1]	12967168000	337.451438944	"4T1"	[2, 4]
"4.4.12967168000.2"	[29970, 0, -740, 0, 1]	12967168000	337.451438944	"4T1"	[2, 4]
"4.4.12967168000.3"	[106930, 0, -740, 0, 1]	12967168000	337.451438944	"4T1"	[2, 4]
"4.4.12967168000.4"	[133570, 0, -740, 0, 1]	12967168000	337.451438944	"4T1"	[2, 4]
"4.4.12993988608.1"	[14418, 0, -1068, 0, 1]	12993988608	337.625795466	"4T1"	[2, 4]
"4.4.12993988608.2"	[270738, 0, -1068, 0, 1]	12993988608	337.625795466	"4T1"	[2, 4]
"4.4.13027640977.1"	[-63099, 14265, -882, -1, 1]	13027640977	337.844182796	"4T1"	[2, 2]
"4.4.13027640977.2"	[19256, 2500, -882, -1, 1]	13027640977	337.844182796	"4T1"	[2, 2]
"4.4.13032530429.1"	[955283, 15901, -5303, -1, 1]	13032530429	337.875877722	"4T1"	[2]
"4.4.13039106624.1"	[1646144, 0, -3026, 0, 1]	13039106624	337.918492572	"4T1"	[2, 2, 2]
"4.4.13044007232.2"	[290228, 0, -3922, 0, 1]	13044007232	337.950238856	"4T1"	[2, 20]
"4.4.13098797869.1"	[598275, 10645, -2149, -1, 1]	13098797869	338.304566579	"4T1"	[]
"4.4.13101443057.1"	[11326489, 1, -6942, -1, 1]	13101443057	338.3216447	"4T1"	[2]
"4.4.13161774449.1"	[1948480, -8956, -4484, -1, 1]	13161774449	338.710461843	"4T1"	[2]
"4.4.13170559552.3"	[2471488, 0, -3358, 0, 1]	13170559552	338.766967556	"4T1"	[2, 2]
"4.4.13181683712.2"	[12872738, 0, -10148, 0, 1]	13181683712	338.838477519	"4T1"	[2]
"4.4.13222479725.1"	[399025, -9655, -1961, -1, 1]	13222479725	339.100341729	"4T1"	[2, 2, 4]
"4.4.13222479725.2"	[801245, 5815, -1961, -1, 1]	13222479725	339.100341729	"4T1"	[2, 2, 4]
"4.4.13226562013.1"	[5422769, 4729, -4731, -1, 1]	13226562013	339.126512028	"4T1"	[2, 2]
"4.4.13231563161.1"	[1655230, -6091, -3059, -1, 1]	13231563161	339.158564602	"4T1"	[2]
"4.4.13236878225.2"	[199744, -1972, -1112, -1, 1]	13236878225	339.19261912	"4T1"	[2, 2]
"4.4.13306337453.1"	[-24517, 15181, -1721, -1, 1]	13306337453	339.636716239	"4T1"	[]
"4.4.13309752677.3"	[286247, -11882, -3968, -1, 1]	13309752677	339.658507056	"4T1"	[2, 4]
"4.4.13314106825.1"	[2481564, 6757, -3385, -1, 1]	13314106825	339.686282591	"4T1"	[2, 2]
"4.4.13331801936.1"	[23525, 0, -941, 0, 1]	13331801936	339.79909138	"4T1"	[]
"4.4.13345782848.2"	[37952, 0, -1186, 0, 1]	13345782848	339.888142247	"4T1"	[2, 2]
"4.4.13424325417.1"	[11605714, 1, -7027, -1, 1]	13424325417	340.387119594	"4T1"	[2, 2]
"4.4.13430356633.1"	[7196, -5794, -891, -1, 1]	13430356633	340.425345024	"4T1"	[]
"4.4.13471097533.1"	[287827, -11569, -2335, -1, 1]	13471097533	340.68322138	"4T1"	[]
"4.4.13501533877.1"	[4989143, -8056, -8058, -1, 1]	13501533877	340.875491865	"4T1"	[2]
"4.4.13558433792.3"	[13240658, 0, -10292, 0, 1]	13558433792	341.234066106	"4T1"	[2]
"4.4.13576217873.2"	[1041344, 10968, -2754, -1, 1]	13576217873	341.345907041	"4T1"	[4, 4]
"4.4.13610854400.5"	[78650, 0, -2860, 0, 1]	13610854400	341.563415007	"4T1"	[2, 2, 4]
"4.4.13610854400.6"	[1966250, 0, -2860, 0, 1]	13610854400	341.563415007	"4T1"	[2, 2, 4]
"4.4.13632562957.2"	[5037581, -8095, -8097, -1, 1]	13632562957	341.699527295	"4T1"	[2, 4]
"4.4.13642876928.2"	[13323122, 0, -10324, 0, 1]	13642876928	341.764138762	"4T1"	[2, 2]
"4.4.13648081025.1"	[2020640, -9120, -4566, -1, 1]	13648081025	341.796725719	"4T1"	[2, 2]
"4.4.13660416000.1"	[533610, 0, -4620, 0, 1]	13660416000	341.873927523	"4T1"	[2, 2, 4]
"4.4.13660416000.2"	[4802490, 0, -4620, 0, 1]	13660416000	341.873927523	"4T1"	[2, 2, 4]
"4.4.13674725584.1"	[76869, 0, -949, 0, 1]	13674725584	341.963422476	"4T1"	[4]
"4.4.13674725584.2"	[213525, 0, -949, 0, 1]	13674725584	341.963422476	"4T1"	[20]
"4.4.13702740137.2"	[157588, 15010, -2517, -1, 1]	13702740137	342.138427843	"4T1"	[2, 4]
"4.4.13703392457.1"	[-26108, -10619, -897, -1, 1]	13703392457	342.142499652	"4T1"	[]
"4.4.13707848000.2"	[34269620, 0, -13090, 0, 1]	13707848000	342.170307452	"4T1"	[2, 2, 2]
"4.4.13719882553.2"	[130196, -11231, -1461, -1, 1]	13719882553	342.245383272	"4T1"	[2, 2]
"4.4.13734704192.2"	[11881232, 0, -7106, 0, 1]	13734704192	342.337778083	"4T1"	[2, 2, 2]
"4.4.13738962661.1"	[1788647, -2800, -2820, -1, 1]	13738962661	342.364310604	"4T1"	[]
"4.4.13749416848.1"	[2580112, 0, -3431, 0, 1]	13749416848	342.42941959	"4T1"	[2]
"4.4.13774637056.1"	[418914, 0, -2516, 0, 1]	13774637056	342.586339102	"4T1"	[2, 4]
"4.4.13774637056.2"	[1163650, 0, -2516, 0, 1]	13774637056	342.586339102	"4T1"	[2, 4]
"4.4.13804179125.1"	[137291, 12034, -1394, -1, 1]	13804179125	342.769875333	"4T1"	[4]
"4.4.13804179125.2"	[404041, 1364, -1394, -1, 1]	13804179125	342.769875333	"4T1"	[4]
"4.4.13847883829.2"	[2076435, 11304, -3774, -1, 1]	13847883829	343.040860346	"4T1"	[2, 2]
"4.4.13863730256.1"	[2123525, 0, -2929, 0, 1]	13863730256	343.138955493	"4T1"	[2]
"4.4.13893235264.1"	[346176, 0, -1202, 0, 1]	13893235264	343.321378395	"4T1"	[2]
"4.4.13894542521.2"	[2057212, -9202, -4607, -1, 1]	13894542521	343.32945415	"4T1"	[2, 10]
"4.4.13939352037.1"	[-22331, -12944, -1012, -1, 1]	13939352037	343.60592702	"4T1"	[4]
"4.4.13939352037.2"	[130393, 940, -1012, -1, 1]	13939352037	343.60592702	"4T1"	[4]
"4.4.13960239424.1"	[2110356, 0, -3782, 0, 1]	13960239424	343.734573613	"4T1"	[2]
"4.4.14015488689.1"	[1753753, -6269, -3148, -1, 1]	14015488689	344.074162393	"4T1"	[2]
"4.4.14031508373.1"	[302041, -12200, -4074, -1, 1]	14031508373	344.172439351	"4T1"	[]
"4.4.14033260048.2"	[372868, 0, -3007, 0, 1]	14033260048	344.183180356	"4T1"	[2, 2]
"4.4.14050039509.1"	[1030393, 16510, -5506, -1, 1]	14050039509	344.286018551	"4T1"	[2, 2]
"4.4.14067807037.1"	[5768053, 4877, -4879, -1, 1]	14067807037	344.394812066	"4T1"	[2]
"4.4.14087086400.2"	[1046900, 0, -5510, 0, 1]	14087086400	344.51274628	"4T1"	[2, 4, 4]
"4.4.14090504192.1"	[13760258, 0, -10492, 0, 1]	14090504192	344.533640696	"4T1"	[2]
"4.4.14119845713.1"	[-64211, -14351, -906, -1, 1]	14119845713	344.712861688	"4T1"	[17]
"4.4.14133512192.2"	[13802258, 0, -10508, 0, 1]	14133512192	344.796242595	"4T1"	[2]
"4.4.14136294677.1"	[1089203, 2130, -2142, -1, 1]	14136294677	344.813211476	"4T1"	[]
"4.4.14188744000.3"	[122740, 0, -3230, 0, 1]	14188744000	345.132604064	"4T1"	[2, 4]
"4.4.14188744000.4"	[1104660, 0, -3230, 0, 1]	14188744000	345.132604064	"4T1"	[2, 4]
"4.4.14262929408.2"	[13928642, 0, -10556, 0, 1]	14262929408	345.582851014	"4T1"	[2, 2]
"4.4.14275632713.1"	[834992, 16, -1895, -1, 1]	14275632713	345.659773832	"4T1"	[6]
"4.4.14300029981.1"	[2144511, 11487, -3835, -1, 1]	14300029981	345.807363698	"4T1"	[]
"4.4.14308410688.2"	[5291572, 0, -8294, 0, 1]	14308410688	345.858018723	"4T1"	[2, 2, 4]
"4.4.14347780421.1"	[1052375, 16684, -5564, -1, 1]	14347780421	346.095681575	"4T1"	[2, 2]
"4.4.14378114000.1"	[965, 0, -965, 0, 1]	14378114000	346.278462595	"4T1"	[3, 12]
"4.4.14378114000.2"	[163085, 0, -965, 0, 1]	14378114000	346.278462595	"4T1"	[4]
"4.4.14394081929.1"	[2131340, -9366, -4689, -1, 1]	14394081929	346.374564362	"4T1"	[2]
"4.4.14399532317.1"	[310097, -12359, -4127, -1, 1]	14399532317	346.407348803	"4T1"	[]
"4.4.14435166208.1"	[150858, 0, -1972, 0, 1]	14435166208	346.621459979	"4T1"	[2, 2]
"4.4.14435166208.2"	[821338, 0, -1972, 0, 1]	14435166208	346.621459979	"4T1"	[2, 2]
"4.4.14490494233.1"	[2701586, 7049, -3531, -1, 1]	14490494233	346.953121859	"4T1"	[2]
"4.4.14498601997.1"	[258877, 9521, -1417, -1, 1]	14498601997	347.001643737	"4T1"	[4]
"4.4.14498601997.2"	[410721, -1325, -1417, -1, 1]	14498601997	347.001643737	"4T1"	[4]
"4.4.14514503625.1"	[670416, -9996, -2519, -1, 1]	14514503625	347.096749856	"4T1"	[2, 2, 4]
"4.4.14514503625.2"	[1530846, 9, -2519, -1, 1]	14514503625	347.096749856	"4T1"	[2, 2, 4]
"4.4.14544652121.1"	[-6646, -8391, -915, -1, 1]	14544652121	347.276850811	"4T1"	[]
"4.4.14552404288.2"	[5979348, 0, -4958, 0, 1]	14552404288	347.323115414	"4T1"	[2]
"4.4.14618732544.1"	[84474, 0, -2964, 0, 1]	14618732544	347.718205888	"4T1"	[2, 4]
"4.4.14618732544.2"	[2111850, 0, -2964, 0, 1]	14618732544	347.718205888	"4T1"	[2, 4]
"4.4.14647159841.1"	[2168896, -9448, -4730, -1, 1]	14647159841	347.88712424	"4T1"	[2]
"4.4.14669492032.2"	[5425108, 0, -8398, 0, 1]	14669492032	348.019652384	"4T1"	[2, 2, 2]
"4.4.14686470464.1"	[1091444, 0, -5626, 0, 1]	14686470464	348.120307968	"4T1"	[10]
"4.4.14687123633.1"	[12697777, 1, -7350, -1, 1]	14687123633	348.124178496	"4T1"	[2, 2, 2]
"4.4.14718992297.1"	[1129936, 11420, -2867, -1, 1]	14718992297	348.31286821	"4T1"	[2]
"4.4.14723188736.1"	[9650, 0, -772, 0, 1]	14723188736	348.337691877	"4T1"	[4]
"4.4.14723188736.2"	[139346, 0, -772, 0, 1]	14723188736	348.337691877	"4T1"	[4]
"4.4.14742169408.1"	[198612, 0, -1226, 0, 1]	14742169408	348.449904144	"4T1"	[]
"4.4.14781416000.3"	[874640, 0, -3770, 0, 1]	14781416000	348.681583747	"4T1"	[2, 2, 2, 4]
"4.4.14781416000.4"	[3498560, 0, -3770, 0, 1]	14781416000	348.681583747	"4T1"	[2, 2, 2, 4]
"4.4.14800245149.1"	[1085783, 16945, -5651, -1, 1]	14800245149	348.792571822	"4T1"	[2]
"4.4.14806288448.1"	[12808208, 0, -7378, 0, 1]	14806288448	348.828171487	"4T1"	[2, 2, 2]
"4.4.14821973225.2"	[1855124, -6447, -3237, -1, 1]	14821973225	348.920516034	"4T1"	[2, 2, 2]
"4.4.14826787021.1"	[1931001, -2909, -2929, -1, 1]	14826787021	348.948842688	"4T1"	[5]
"4.4.14849383061.1"	[1023967, -7478, -2514, -1, 1]	14849383061	349.081716382	"4T1"	[]
"4.4.14940104704.3"	[129850, 0, -1484, 0, 1]	14940104704	349.61367398	"4T1"	[4]
"4.4.14940104704.4"	[420714, 0, -1484, 0, 1]	14940104704	349.61367398	"4T1"	[4]
"4.4.14940981248.2"	[14590802, 0, -10804, 0, 1]	14940981248	349.618801873	"4T1"	[2, 2]
"4.4.14977894625.1"	[-65024, -14636, -924, -1, 1]	14977894625	349.834545251	"4T1"	[2, 4]
"4.4.14977894625.2"	[-65024, 14944, -924, -1, 1]	14977894625	349.834545251	"4T1"	[2, 4]
"4.4.14977894625.3"	[-37909, -12171, -924, -1, 1]	14977894625	349.834545251	"4T1"	[2, 4]
"4.4.14977894625.4"	[1531, 7549, -924, -1, 1]	14977894625	349.834545251	"4T1"	[2, 4]
"4.4.15032647232.1"	[157952, 0, -1234, 0, 1]	15032647232	350.15381829	"4T1"	[2]
"4.4.15097360753.1"	[2815101, 7195, -3604, -1, 1]	15097360753	350.530052722	"4T1"	[2]
"4.4.15115643413.2"	[5585843, -8524, -8526, -1, 1]	15115643413	350.636126122	"4T1"	[2, 2]
"4.4.15118518272.1"	[14764178, 0, -10868, 0, 1]	15118518272	350.65279689	"4T1"	[2, 2]
"4.4.15124197817.1"	[18306, -3555, -927, -1, 1]	15124197817	350.685724519	"4T1"	[5]
"4.4.15128228421.1"	[-47769, 15234, -1040, -1, 1]	15128228421	350.709086652	"4T1"	[4]
"4.4.15128228421.2"	[87777, 8100, -1040, -1, 1]	15128228421	350.709086652	"4T1"	[4]
"4.4.15149872397.1"	[326527, -12677, -4233, -1, 1]	15149872397	350.834459394	"4T1"	[2, 2]
"4.4.15159932081.1"	[2244992, -9612, -4812, -1, 1]	15159932081	350.892684395	"4T1"	[2]
"4.4.15161780413.1"	[5602899, -8537, -8539, -1, 1]	15161780413	350.903379306	"4T1"	[2]
"4.4.15187791393.2"	[387939, -12507, -3140, -1, 1]	15187791393	351.05378174	"4T1"	[2, 2]
"4.4.15226112461.1"	[2283957, 11853, -3957, -1, 1]	15226112461	351.275012817	"4T1"	[2]
"4.4.15245551937.1"	[176768, 15832, -2654, -1, 1]	15245551937	351.3870791	"4T1"	[2, 2]
"4.4.15297685481.1"	[432722, 5865, -1515, -1, 1]	15297685481	351.687094626	"4T1"	[2]
"4.4.15304034304.1"	[465426, 0, -2652, 0, 1]	15304034304	351.723578114	"4T1"	[2, 2, 20]
"4.4.15304034304.2"	[1292850, 0, -2652, 0, 1]	15304034304	351.723578114	"4T1"	[2, 2, 4]
"4.4.15341914112.14"	[14982338, 0, -10948, 0, 1]	15341914112	351.941018705	"4T1"	[2, 2, 2, 4]
"4.4.15345586189.1"	[600993, 4995, -1701, -1, 1]	15345586189	351.962076027	"4T1"	[]
"4.4.15354496064.2"	[2283536, 0, -4838, 0, 1]	15354496064	352.013153508	"4T1"	[2, 26]
"4.4.15374550593.1"	[13292267, 1, -7520, -1, 1]	15374550593	352.128038474	"4T1"	[2, 2]
"4.4.15378301453.1"	[6305959, 5099, -5101, -1, 1]	15378301453	352.149513283	"4T1"	[2]
"4.4.15419626409.1"	[2283532, -9694, -4853, -1, 1]	15419626409	352.385851499	"4T1"	[2]
"4.4.15454226432.2"	[15092018, 0, -10988, 0, 1]	15454226432	352.583364592	"4T1"	[2, 2]
"4.4.15485380937.1"	[-13868, 16046, -1649, -1, 1]	15485380937	352.7609255	"4T1"	[2, 2, 2]
"4.4.15485380937.2"	[396308, 9637, -1649, -1, 1]	15485380937	352.7609255	"4T1"	[2, 2, 10]
"4.4.15532188533.2"	[334901, -12836, -4286, -1, 1]	15532188533	353.027196112	"4T1"	[2, 2]
"4.4.15544371200.1"	[15180050, 0, -11020, 0, 1]	15544371200	353.096399952	"4T1"	[2, 2]
"4.4.15569961989.1"	[1142623, 17380, -5796, -1, 1]	15569961989	353.241636484	"4T1"	[2]
"4.4.15589541888.5"	[15224162, 0, -11036, 0, 1]	15589541888	353.352638302	"4T1"	[2, 10]
"4.4.15618304000.1"	[610090, 0, -4940, 0, 1]	15618304000	353.515506209	"4T1"	[2, 2, 4]
"4.4.15618304000.2"	[5490810, 0, -4940, 0, 1]	15618304000	353.515506209	"4T1"	[4, 4, 4]
"4.4.15650694625.1"	[467136, 11544, -1954, -1, 1]	15650694625	353.698651794	"4T1"	[2, 4]
"4.4.15650694625.2"	[859071, 3859, -1954, -1, 1]	15650694625	353.698651794	"4T1"	[2, 4]
"4.4.15651016769.1"	[1959343, -6625, -3326, -1, 1]	15651016769	353.700471857	"4T1"	[2]
"4.4.15657723904.1"	[66586, 0, -788, 0, 1]	15657723904	353.738359742	"4T1"	[2]
"4.4.15657723904.2"	[88650, 0, -788, 0, 1]	15657723904	353.738359742	"4T1"	[2]
"4.4.15662606336.1"	[90506, 0, -3068, 0, 1]	15662606336	353.765932421	"4T1"	[4]
"4.4.15662606336.2"	[2262650, 0, -3068, 0, 1]	15662606336	353.765932421	"4T1"	[4]
"4.4.15700048789.1"	[2355327, 12036, -4018, -1, 1]	15700048789	353.97716812	"4T1"	[]
"4.4.15716675817.2"	[2930952, 7341, -3677, -1, 1]	15716675817	354.070850191	"4T1"	[2, 2]
"4.4.15726246701.1"	[1154165, 17467, -5825, -1, 1]	15726246701	354.124741954	"4T1"	[2]
"4.4.15748155392.5"	[15379058, 0, -11092, 0, 1]	15748155392	354.248012938	"4T1"	[2]
"4.4.15828100093.1"	[6490589, 5173, -5175, -1, 1]	15828100093	354.696740067	"4T1"	[2]
"4.4.15856431568.1"	[8973, 0, -997, 0, 1]	15856431568	354.855355813	"4T1"	[]
"4.4.15907939425.1"	[1222144, 11872, -2980, -1, 1]	15907939425	355.143182489	"4T1"	[2, 2]
"4.4.15926924096.1"	[2516, 0, -1258, 0, 1]	15926924096	355.249092831	"4T1"	[4]
"4.4.15926924096.2"	[62900, 0, -1258, 0, 1]	15926924096	355.249092831	"4T1"	[4]
"4.4.15929366125.1"	[181421, 15439, -2229, -1, 1]	15929366125	355.262709375	"4T1"	[2, 4]
"4.4.15929366125.2"	[1133441, -2191, -2229, -1, 1]	15929366125	355.262709375	"4T1"	[2, 4]
"4.4.15945631481.1"	[2361596, -9858, -4935, -1, 1]	15945631481	355.353363691	"4T1"	[2, 2]
"4.4.16016783168.1"	[356372, 0, -4346, 0, 1]	16016783168	355.749111475	"4T1"	[2]
"4.4.16022066761.1"	[-26244, 11502, -945, -1, 1]	16022066761	355.778446346	"4T1"	[]
"4.4.16024988304.1"	[277056, 0, -1443, 0, 1]	16024988304	355.794663838	"4T1"	[2, 2, 4]
"4.4.16071615125.2"	[40171951, 14174, -14174, -1, 1]	16071615125	356.053189825	"4T1"	[2, 2, 4]
"4.4.16113715200.2"	[15736050, 0, -11220, 0, 1]	16113715200	356.286134109	"4T1"	[2, 2, 2, 2]
"4.4.16130034817.1"	[-18496, -14824, -1542, -1, 1]	16130034817	356.376309562	"4T1"	[2]
"4.4.16144272697.1"	[412868, -12895, -3237, -1, 1]	16144272697	356.454926324	"4T1"	[10]
"4.4.16181248509.1"	[2427795, 12219, -4079, -1, 1]	16181248509	356.658851666	"4T1"	[2]
"4.4.16205760512.2"	[15825938, 0, -11252, 0, 1]	16205760512	356.793845281	"4T1"	[2, 2]
"4.4.16211942225.1"	[2401120, -9940, -4976, -1, 1]	16211942225	356.82786531	"4T1"	[2, 2]
"4.4.16220215457.1"	[14023607, 1, -7724, -1, 1]	16220215457	356.873380444	"4T1"	[2]
"4.4.16246122625.1"	[751616, -10576, -2664, -1, 1]	16246122625	357.015796032	"4T1"	[2, 8]
"4.4.16246122625.2"	[1714851, 9, -2664, -1, 1]	16246122625	357.015796032	"4T1"	[2, 8]
"4.4.16273821200.1"	[14077700, 0, -7735, 0, 1]	16273821200	357.167870975	"4T1"	[2, 2, 2, 2]
"4.4.16287603776.2"	[2056256, 0, -3382, 0, 1]	16287603776	357.243469856	"4T1"	[2]
"4.4.16311112997.1"	[351967, -13154, -4392, -1, 1]	16311112997	357.372309766	"4T1"	[]
"4.4.16341873472.2"	[6714612, 0, -5254, 0, 1]	16341873472	357.540679275	"4T1"	[2]
"4.4.16348439425.2"	[3049139, 7487, -3750, -1, 1]	16348439425	357.576587669	"4T1"	[2, 2]
"4.4.16386304000.1"	[640090, 0, -5060, 0, 1]	16386304000	357.783453619	"4T1"	[2, 4]
"4.4.16386304000.2"	[5760810, 0, -5060, 0, 1]	16386304000	357.783453619	"4T1"	[2, 4]
"4.4.16399163600.2"	[1218725, 0, -5945, 0, 1]	16399163600	357.853628057	"4T1"	[2, 2, 2]
"4.4.16413122624.5"	[2440976, 0, -5002, 0, 1]	16413122624	357.929755319	"4T1"	[2, 2, 2, 2]
"4.4.16435169033.1"	[14209502, 1, -7775, -1, 1]	16435169033	358.049889285	"4T1"	[2]
"4.4.16484028625.1"	[-38344, 12884, -954, -1, 1]	16484028625	358.31570192	"4T1"	[4]
"4.4.16484028625.2"	[-66339, -15111, -954, -1, 1]	16484028625	358.31570192	"4T1"	[4]
"4.4.16578581773.1"	[6126669, -8927, -8929, -1, 1]	16578581773	358.828429194	"4T1"	[2]
"4.4.16617724829.1"	[2524553, 3213, -3219, -1, 1]	16617724829	359.040045945	"4T1"	[]
"4.4.16632147152.1"	[122573, 0, -1013, 0, 1]	16632147152	359.117922236	"4T1"	[]
"4.4.16669711621.1"	[2501361, 12402, -4140, -1, 1]	16669711621	359.320521808	"4T1"	[]
"4.4.16675284925.1"	[6162419, -8953, -8955, -1, 1]	16675284925	359.350551594	"4T1"	[2, 2, 2]
"4.4.16675370909.1"	[1151213, -7925, -2663, -1, 1]	16675370909	359.351014829	"4T1"	[]
"4.4.16707721325.1"	[360659, -13313, -4445, -1, 1]	16707721325	359.525174479	"4T1"	[2]
"4.4.16723741957.1"	[6180333, -8966, -8968, -1, 1]	16723741957	359.611328516	"4T1"	[2]
"4.4.16742475776.1"	[96746, 0, -3172, 0, 1]	16742475776	359.711994764	"4T1"	[2, 2]
"4.4.16742475776.2"	[2418650, 0, -3172, 0, 1]	16742475776	359.711994764	"4T1"	[2, 2]
"4.4.16751180129.1"	[2481152, -10104, -5058, -1, 1]	16751180129	359.758738895	"4T1"	[2, 2]
"4.4.16778405952.2"	[14514192, 0, -7854, 0, 1]	16778405952	359.904829551	"4T1"	[2, 2, 2]
"4.4.16796884481.1"	[-15376, 10404, -960, -1, 1]	16796884481	360.003881973	"4T1"	[2]
"4.4.16796884481.2"	[2551, -7523, -960, -1, 1]	16796884481	360.003881973	"4T1"	[2]
"4.4.16822388736.1"	[43650, 0, -1164, 0, 1]	16822388736	360.140460983	"4T1"	[2, 4]
"4.4.16822388736.2"	[295074, 0, -1164, 0, 1]	16822388736	360.140460983	"4T1"	[2, 4]
"4.4.16833923072.2"	[16439378, 0, -11468, 0, 1]	16833923072	360.202178042	"4T1"	[2]
"4.4.16851301877.1"	[480229, -9094, -1862, -1, 1]	16851301877	360.295107382	"4T1"	[]
"4.4.16855982144.1"	[10256, 0, -1282, 0, 1]	16855982144	360.320121795	"4T1"	[2]
"4.4.16880799808.1"	[448528, 0, -3298, 0, 1]	16880799808	360.452676674	"4T1"	[2, 2]
"4.4.16888628957.1"	[1303933, 2327, -2339, -1, 1]	16888628957	360.494463009	"4T1"	[]
"4.4.16913926144.1"	[514386, 0, -2788, 0, 1]	16913926144	360.629381863	"4T1"	[2, 4]
"4.4.16913926144.2"	[1428850, 0, -2788, 0, 1]	16913926144	360.629381863	"4T1"	[2, 4]
"4.4.16992651577.2"	[3169662, 7633, -3823, -1, 1]	16992651577	361.048286441	"4T1"	[2]
"4.4.16998729728.1"	[16600322, 0, -11524, 0, 1]	16998729728	361.080568215	"4T1"	[2]
"4.4.17024107289.1"	[2521660, -10186, -5099, -1, 1]	17024107289	361.215257964	"4T1"	[10]
"4.4.17029316176.1"	[229725, 0, -1021, 0, 1]	17029316176	361.242885163	"4T1"	[]
"4.4.17045374544.1"	[1266749, 0, -6061, 0, 1]	17045374544	361.328016606	"4T1"	[2, 2]
"4.4.17073246125.1"	[42675811, 14609, -14609, -1, 1]	17073246125	361.475631634	"4T1"	[2, 6, 6]
"4.4.17079175168.1"	[9922, 0, -1804, 0, 1]	17079175168	361.507010048	"4T1"	[2, 4]
"4.4.17079175168.2"	[803682, 0, -1804, 0, 1]	17079175168	361.507010048	"4T1"	[2, 20]
"4.4.17129959537.1"	[438573, -13283, -3334, -1, 1]	17129959537	361.775443235	"4T1"	[2]
"4.4.17143059257.1"	[1317968, 12324, -3093, -1, 1]	17143059257	361.844588153	"4T1"	[2]
"4.4.17216397517.1"	[7060463, 5395, -5397, -1, 1]	17216397517	362.23096298	"4T1"	[2, 4]
"4.4.17270177600.1"	[552500, 0, -2210, 0, 1]	17270177600	362.513513853	"4T1"	[2, 2, 4]
"4.4.17270177600.2"	[1082900, 0, -2210, 0, 1]	17270177600	362.513513853	"4T1"	[2, 2, 4]
"4.4.17275509568.3"	[7098228, 0, -5402, 0, 1]	17275509568	362.54149108	"4T1"	[2, 2]
"4.4.17316942353.1"	[291169, -12917, -2184, -1, 1]	17316942353	362.758671545	"4T1"	[2]
"4.4.17333064000.4"	[149940, 0, -3570, 0, 1]	17333064000	362.843071934	"4T1"	[2, 2, 2, 4]
"4.4.17333064000.6"	[1349460, 0, -3570, 0, 1]	17333064000	362.843071934	"4T1"	[2, 2, 2, 4]
"4.4.17354590208.5"	[16947842, 0, -11644, 0, 1]	17354590208	362.955674652	"4T1"	[2, 26]
"4.4.17371949677.1"	[374177, -13139, -2649, -1, 1]	17371949677	363.046405053	"4T1"	[]
"4.4.17376780881.1"	[2176325, -6981, -3504, -1, 1]	17376780881	363.071643561	"4T1"	[2]
"4.4.17434421857.1"	[15872, -5024, -972, -1, 1]	17434421857	363.372358373	"4T1"	[]
"4.4.17456994425.1"	[15093196, 1, -8013, -1, 1]	17456994425	363.489917017	"4T1"	[2, 2, 10]
"4.4.17497966592.4"	[17087858, 0, -11692, 0, 1]	17497966592	363.703010395	"4T1"	[2]
"4.4.17531611136.1"	[312650, 0, -1924, 0, 1]	17531611136	363.877713676	"4T1"	[2, 2, 2]
"4.4.17531611136.2"	[612794, 0, -1924, 0, 1]	17531611136	363.877713676	"4T1"	[2, 2, 4]
"4.4.17554392125.1"	[-26789, -15581, -1779, -1, 1]	17554392125	363.99586394	"4T1"	[4]
"4.4.17554392125.2"	[361571, 12159, -1779, -1, 1]	17554392125	363.99586394	"4T1"	[4]
"4.4.17578471625.1"	[1019606, 16449, -4119, -1, 1]	17578471625	364.120623792	"4T1"	[2, 4]
"4.4.17578471625.2"	[4144156, 4, -4119, -1, 1]	17578471625	364.120623792	"4T1"	[2, 4]
"4.4.17608858000.1"	[837520, 0, -2755, 0, 1]	17608858000	364.277877805	"4T1"	[2, 2, 4]
"4.4.17608858000.2"	[1884420, 0, -2755, 0, 1]	17608858000	364.277877805	"4T1"	[2, 2, 4]
"4.4.17617508672.2"	[391988, 0, -4558, 0, 1]	17617508672	364.3226091	"4T1"	[2]
"4.4.17643776000.1"	[20090, 0, -820, 0, 1]	17643776000	364.458332539	"4T1"	[4, 4]
"4.4.17643776000.2"	[49610, 0, -820, 0, 1]	17643776000	364.458332539	"4T1"	[4, 4]
"4.4.17643776000.3"	[118490, 0, -820, 0, 1]	17643776000	364.458332539	"4T1"	[4, 4]
"4.4.17643776000.4"	[148010, 0, -820, 0, 1]	17643776000	364.458332539	"4T1"	[4, 4]
"4.4.17649312273.2"	[3292521, 7779, -3896, -1, 1]	17649312273	364.486919156	"4T1"	[2, 10]
"4.4.17662538189.1"	[1297193, 18511, -6173, -1, 1]	17662538189	364.555184129	"4T1"	[2]
"4.4.17662635072.1"	[405648, 0, -1878, 0, 1]	17662635072	364.555684045	"4T1"	[2, 2]
"4.4.17680995461.1"	[2686759, 3314, -3320, -1, 1]	17680995461	364.650386457	"4T1"	[]
"4.4.17759152529.1"	[-67355, 15817, -978, -1, 1]	17759152529	365.052695302	"4T1"	[]
"4.4.17785534625.3"	[105536, -14696, -2474, -1, 1]	17785534625	365.188195782	"4T1"	[2, 2]
"4.4.17785534625.4"	[487931, 14719, -2474, -1, 1]	17785534625	365.188195782	"4T1"	[2, 2]
"4.4.17820484928.1"	[316052, 0, -1306, 0, 1]	17820484928	365.367471294	"4T1"	[]
"4.4.17842522448.1"	[50813, 0, -1037, 0, 1]	17842522448	365.480375934	"4T1"	[4]
"4.4.17842522448.2"	[175253, 0, -1037, 0, 1]	17842522448	365.480375934	"4T1"	[4]
"4.4.17904352553.1"	[15480082, 1, -8115, -1, 1]	17904352553	365.796592204	"4T1"	[5, 10]
"4.4.17920348992.5"	[6627348, 0, -9282, 0, 1]	17920348992	365.87826904	"4T1"	[2, 2, 2, 2]
"4.4.17923019113.1"	[-83836, 17174, -981, -1, 1]	17923019113	365.891897188	"4T1"	[13]
"4.4.17926130693.1"	[387371, -13790, -4604, -1, 1]	17926130693	365.907776596	"4T1"	[5]
"4.4.18023632877.1"	[5857, 17873, -2573, -1, 1]	18023632877	366.404318059	"4T1"	[]
"4.4.18031470592.1"	[188442, 0, -2204, 0, 1]	18031470592	366.444144997	"4T1"	[4]
"4.4.18031470592.2"	[1025962, 0, -2204, 0, 1]	18031470592	366.444144997	"4T1"	[4]
"4.4.18046283229.1"	[-57873, -15999, -1103, -1, 1]	18046283229	366.519379193	"4T1"	[4]
"4.4.18046283229.2"	[93447, -8433, -1103, -1, 1]	18046283229	366.519379193	"4T1"	[4]
"4.4.18058656733.2"	[6673839, -9317, -9319, -1, 1]	18058656733	366.582189403	"4T1"	[2, 4]
"4.4.18075297625.1"	[837456, -11156, -2809, -1, 1]	18075297625	366.666610795	"4T1"	[2, 2, 2, 4]
"4.4.18075297625.2"	[1909296, 9, -2809, -1, 1]	18075297625	366.666610795	"4T1"	[2, 2, 2, 4]
"4.4.18144851913.2"	[465054, -13671, -3431, -1, 1]	18144851913	367.018838965	"4T1"	[2, 2]
"4.4.18178681309.1"	[2728647, 12951, -4323, -1, 1]	18178681309	367.189787651	"4T1"	[]
"4.4.18253770137.1"	[-52588, 14646, -987, -1, 1]	18253770137	367.568380092	"4T1"	[]
"4.4.18273501449.1"	[2289088, -7159, -3593, -1, 1]	18273501449	367.667670106	"4T1"	[2]
"4.4.18318421513.1"	[3417716, 7925, -3969, -1, 1]	18318421513	367.893413001	"4T1"	[2]
"4.4.18321751877.1"	[-39569, -16090, -1532, -1, 1]	18321751877	367.910132993	"4T1"	[4]
"4.4.18321751877.2"	[441197, -4364, -1532, -1, 1]	18321751877	367.910132993	"4T1"	[4]
"4.4.18346084352.5"	[17916098, 0, -11972, 0, 1]	18346084352	368.032224336	"4T1"	[2, 2, 2]
"4.4.18421825169.2"	[2729120, -10596, -5304, -1, 1]	18421825169	368.41148796	"4T1"	[2]
"4.4.18468882432.3"	[18036018, 0, -12012, 0, 1]	18468882432	368.646533267	"4T1"	[2, 2, 2]
"4.4.18483505984.1"	[23796, 0, -1322, 0, 1]	18483505984	368.719484646	"4T1"	[]
"4.4.18502495349.1"	[1359253, 18946, -6318, -1, 1]	18502495349	368.814150845	"4T1"	[2, 2]
"4.4.18518116352.6"	[18084098, 0, -12028, 0, 1]	18518116352	368.8919704	"4T1"	[2, 4]
"4.4.18604312576.1"	[565794, 0, -2924, 0, 1]	18604312576	369.320493236	"4T1"	[2, 4]
"4.4.18604312576.2"	[1571650, 0, -2924, 0, 1]	18604312576	369.320493236	"4T1"	[2, 4]
"4.4.18617204437.1"	[6880331, -9460, -9462, -1, 1]	18617204437	369.384456789	"4T1"	[2]
"4.4.18635067089.1"	[682325, 25, -1754, -1, 1]	18635067089	369.473028268	"4T1"	[10]
"4.4.18660142481.1"	[910957, -4057, -2072, -1, 1]	18660142481	369.597256553	"4T1"	[2, 2]
"4.4.18696197989.2"	[2806605, 13134, -4384, -1, 1]	18696197989	369.775663174	"4T1"	[2, 2]
"4.4.18705969749.1"	[365633, 14610, -2118, -1, 1]	18705969749	369.82397047	"4T1"	[]
"4.4.18734137237.1"	[642357, -5292, -1818, -1, 1]	18734137237	369.96311235	"4T1"	[]
"4.4.18757487393.1"	[-68096, -15776, -996, -1, 1]	18757487393	370.078338654	"4T1"	[]
"4.4.18762223925.1"	[405709, -14108, -4710, -1, 1]	18762223925	370.101698952	"4T1"	[2]
"4.4.18771012013.1"	[6937193, -9499, -9501, -1, 1]	18771012013	370.145029571	"4T1"	[2]
"4.4.18868075472.1"	[419813, 0, -4717, 0, 1]	18868075472	370.622602375	"4T1"	[2, 2]
"4.4.18893044673.2"	[16335131, 1, -8336, -1, 1]	18893044673	370.745158082	"4T1"	[2, 2, 2]
"4.4.18909828613.1"	[7755619, 5654, -5656, -1, 1]	18909828613	370.827470021	"4T1"	[2]
"4.4.18927429625.1"	[-84874, 17489, -999, -1, 1]	18927429625	370.913730213	"4T1"	[2, 4]
"4.4.18927429625.2"	[-26244, -11826, -999, -1, 1]	18927429625	370.913730213	"4T1"	[2, 4]
"4.4.18927429625.3"	[-4924, 9494, -999, -1, 1]	18927429625	370.913730213	"4T1"	[2, 4]
"4.4.18927429625.4"	[11066, 6829, -999, -1, 1]	18927429625	370.913730213	"4T1"	[2, 4]
"4.4.18990508032.1"	[147258, 0, -1212, 0, 1]	18990508032	371.222375717	"4T1"	[4]
"4.4.18990508032.2"	[219978, 0, -1212, 0, 1]	18990508032	371.222375717	"4T1"	[4]
"4.4.18999979297.1"	[3545247, 8071, -4042, -1, 1]	18999979297	371.268652627	"4T1"	[2, 2]
"4.4.19030811125.1"	[219961, 16874, -2434, -1, 1]	19030811125	371.419178213	"4T1"	[2, 4]
"4.4.19030811125.2"	[1356891, -2396, -2434, -1, 1]	19030811125	371.419178213	"4T1"	[2, 20]
"4.4.19058930384.1"	[1416389, 0, -6409, 0, 1]	19058930384	371.556301246	"4T1"	[2, 2, 2]
"4.4.19079424000.5"	[745290, 0, -5460, 0, 1]	19079424000	371.656142417	"4T1"	[2, 2, 2, 4]
"4.4.19079424000.6"	[6707610, 0, -5460, 0, 1]	19079424000	371.656142417	"4T1"	[2, 2, 2, 4]
"4.4.19089016832.2"	[18641618, 0, -12212, 0, 1]	19089016832	371.702849316	"4T1"	[2]
"4.4.19110239696.1"	[26525, 0, -1061, 0, 1]	19110239696	371.806119593	"4T1"	[]
"4.4.19140264000.1"	[1132560, 0, -4290, 0, 1]	19140264000	371.952070784	"4T1"	[2, 2, 4, 4]
"4.4.19140264000.2"	[4530240, 0, -4290, 0, 1]	19140264000	371.952070784	"4T1"	[2, 2, 2, 4]
"4.4.19145672000.1"	[47864180, 0, -15470, 0, 1]	19145672000	371.978341369	"4T1"	[2, 2, 2]
"4.4.19162606249.1"	[44810, 17849, -2259, -1, 1]	19162606249	372.060567336	"4T1"	[2]
"4.4.19164121088.5"	[18714962, 0, -12236, 0, 1]	19164121088	372.067920135	"4T1"	[2, 2, 4]
"4.4.19183181888.6"	[16594448, 0, -8398, 0, 1]	19183181888	372.160401139	"4T1"	[2, 2, 2, 4]
"4.4.19187416637.1"	[415037, -14267, -4763, -1, 1]	19187416637	372.18093834	"4T1"	[]
"4.4.19188949825.1"	[492311, -14059, -3528, -1, 1]	19188949825	372.188372981	"4T1"	[2, 2]
"4.4.19220978061.1"	[2885661, 13317, -4445, -1, 1]	19220978061	372.343580577	"4T1"	[2, 10]
"4.4.19314771968.1"	[18862082, 0, -12284, 0, 1]	19314771968	372.79698926	"4T1"	[2]
"4.4.19353307984.1"	[2925621, 0, -4453, 0, 1]	19353307984	372.982797495	"4T1"	[2, 2]
"4.4.19443408769.1"	[-14800, -10588, -1008, -1, 1]	19443408769	373.416154042	"4T1"	[]
"4.4.19508130613.1"	[421591, -13924, -2806, -1, 1]	19508130613	373.726517213	"4T1"	[]
"4.4.19508557888.1"	[96912, 0, -1346, 0, 1]	19508557888	373.728563574	"4T1"	[2]
"4.4.19545784144.1"	[240525, 0, -1069, 0, 1]	19545784144	373.906723473	"4T1"	[]
"4.4.19659898237.1"	[8063533, 5765, -5767, -1, 1]	19659898237	374.451277319	"4T1"	[2]
"4.4.19671656913.2"	[17008501, 1, -8506, -1, 1]	19671656913	374.507255025	"4T1"	[2, 2]
"4.4.19753021525.1"	[2965815, 13500, -4506, -1, 1]	19753021525	374.893908883	"4T1"	[2, 2]
"4.4.19772781481.2"	[694212, 3502, -1789, -1, 1]	19772781481	374.987630113	"4T1"	[4, 4]
"4.4.19792552625.1"	[28561, 169, -1014, -1, 1]	19792552625	375.081334128	"4T1"	[8]
"4.4.19792552625.2"	[-39064, -13356, -1014, -1, 1]	19792552625	375.081334128	"4T1"	[8]
"4.4.19800727616.1"	[2944784, 0, -5494, 0, 1]	19800727616	375.120058437	"4T1"	[2]
"4.4.19858478912.1"	[457652, 0, -1354, 0, 1]	19858478912	375.393280915	"4T1"	[25]
"4.4.19865381653.1"	[7341779, -9772, -9774, -1, 1]	19865381653	375.425898027	"4T1"	[2]
"4.4.19887167296.1"	[3006324, 0, -4514, 0, 1]	19887167296	375.528784713	"4T1"	[2]
"4.4.19906445621.1"	[3026321, 3516, -3522, -1, 1]	19906445621	375.619759657	"4T1"	[]
"4.4.19917670400.1"	[91250, 0, -1460, 0, 1]	19917670400	375.672699263	"4T1"	[2, 4]
"4.4.19917670400.2"	[441650, 0, -1460, 0, 1]	19917670400	375.672699263	"4T1"	[2, 4]
"4.4.19957848989.1"	[608975, -11865, -2403, -1, 1]	19957848989	375.86201099	"4T1"	[2, 4]
"4.4.19957848989.2"	[1217167, 7141, -2403, -1, 1]	19957848989	375.86201099	"4T1"	[2, 4]
"4.4.19968681097.1"	[28052, 1526, -1017, -1, 1]	19968681097	375.913000322	"4T1"	[3]
"4.4.20025608192.2"	[19556258, 0, -12508, 0, 1]	20025608192	376.180629359	"4T1"	[2]
"4.4.20052094253.1"	[434011, -14585, -4869, -1, 1]	20052094253	376.30495274	"4T1"	[]
"4.4.20066858633.2"	[17350286, 1, -8591, -1, 1]	20066858633	376.374202064	"4T1"	[2, 2]
"4.4.20126477888.2"	[17410448, 0, -8602, 0, 1]	20126477888	376.653445977	"4T1"	[2, 2, 4]
"4.4.20179601408.2"	[19706642, 0, -12556, 0, 1]	20179601408	376.901743049	"4T1"	[2, 4]
"4.4.20194061113.1"	[1186708, 10241, -2581, -1, 1]	20194061113	376.969242204	"4T1"	[2]
"4.4.20198057984.2"	[116714, 0, -3484, 0, 1]	20198057984	376.987893549	"4T1"	[4]
"4.4.20198057984.3"	[2917850, 0, -3484, 0, 1]	20198057984	376.987893549	"4T1"	[4]
"4.4.20232023872.1"	[8313012, 0, -5846, 0, 1]	20232023872	377.146283302	"4T1"	[10]
"4.4.20262253273.1"	[520344, -14447, -3625, -1, 1]	20262253273	377.287081424	"4T1"	[34]
"4.4.20292328381.2"	[3047067, 13683, -4567, -1, 1]	20292328381	377.42700465	"4T1"	[4, 4]
"4.4.20308379648.2"	[19832402, 0, -12596, 0, 1]	20308379648	377.501618875	"4T1"	[2]
"4.4.20324066489.1"	[28388, -1194, -1023, -1, 1]	20324066489	377.574496345	"4T1"	[]
"4.4.20367687113.1"	[240884, 18298, -3065, -1, 1]	20367687113	377.776926256	"4T1"	[2]
"4.4.20400440497.1"	[3807317, 8363, -4188, -1, 1]	20400440497	377.928711016	"4T1"	[2]
"4.4.20425029613.1"	[775811, 10751, -2181, -1, 1]	20425029613	378.042541101	"4T1"	[]
"4.4.20558385757.1"	[7597983, -9941, -9943, -1, 1]	20558385757	378.658101156	"4T1"	[2, 2]
"4.4.20566423825.1"	[142801, 11771, -1288, -1, 1]	20566423825	378.695108359	"4T1"	[10]
"4.4.20641428421.1"	[951225, 13360, -2692, -1, 1]	20641428421	379.039907132	"4T1"	[]
"4.4.20642849600.5"	[1534100, 0, -6670, 0, 1]	20642849600	379.046431264	"4T1"	[2, 2, 2]
"4.4.20644909709.1"	[1428055, -8819, -2961, -1, 1]	20644909709	379.055887902	"4T1"	[]
"4.4.20719997077.1"	[7657731, -9980, -9982, -1, 1]	20719997077	379.400083777	"4T1"	[2]
"4.4.20777696381.1"	[1527395, 20077, -6695, -1, 1]	20777696381	379.663938757	"4T1"	[2, 2]
"4.4.20791816000.1"	[179860, 0, -3910, 0, 1]	20791816000	379.728423103	"4T1"	[2, 20]
"4.4.20791816000.2"	[1618740, 0, -3910, 0, 1]	20791816000	379.728423103	"4T1"	[2, 4]
"4.4.20841620800.1"	[7707700, 0, -10010, 0, 1]	20841620800	379.955619868	"4T1"	[2, 2, 2]
"4.4.20855802896.1"	[2632976, 0, -3827, 0, 1]	20855802896	380.020240473	"4T1"	[2]
"4.4.20865011777.1"	[26831, 2925, -1032, -1, 1]	20865011777	380.062183019	"4T1"	[]
"4.4.20887522741.1"	[2724521, -3454, -3474, -1, 1]	20887522741	380.16465249	"4T1"	[]
"4.4.20892021712.1"	[1093, 0, -1093, 0, 1]	20892021712	380.185121787	"4T1"	[65]
"4.4.20933297216.1"	[44096, 0, -1378, 0, 1]	20933297216	380.372761836	"4T1"	[2, 8]
"4.4.20933297216.2"	[275600, 0, -1378, 0, 1]	20933297216	380.372761836	"4T1"	[2, 8]
"4.4.20938451008.1"	[3929152, 0, -4234, 0, 1]	20938451008	380.396171682	"4T1"	[2, 2]
"4.4.21047634752.2"	[468308, 0, -4982, 0, 1]	21047634752	380.891099756	"4T1"	[2]
"4.4.21076662089.1"	[3123212, -11334, -5673, -1, 1]	21076662089	381.022356083	"4T1"	[2]
"4.4.21086396992.2"	[560272, 0, -3686, 0, 1]	21086396992	381.066345181	"4T1"	[2]
"4.4.21099017201.2"	[2644465, -7693, -3860, -1, 1]	21099017201	381.123349443	"4T1"	[2, 2]
"4.4.21119343913.1"	[3941856, 8509, -4261, -1, 1]	21119343913	381.215109491	"4T1"	[202]
"4.4.21194333177.1"	[18325372, 1, -8829, -1, 1]	21194333177	381.55305861	"4T1"	[2]
"4.4.21249856709.1"	[171043, 16654, -1896, -1, 1]	21249856709	381.802705446	"4T1"	[]
"4.4.21263535497.1"	[360836, -14315, -2417, -1, 1]	21263535497	381.864133367	"4T1"	[10]
"4.4.21321473525.2"	[1567589, 20338, -6782, -1, 1]	21321473525	382.123990016	"4T1"	[2, 4, 4]
"4.4.21384841157.1"	[463267, -15062, -5028, -1, 1]	21384841157	382.407593212	"4T1"	[]
"4.4.21392732269.1"	[3212865, 14049, -4689, -1, 1]	21392732269	382.442865904	"4T1"	[]
"4.4.21406287872.1"	[20904578, 0, -12932, 0, 1]	21406287872	382.503435682	"4T1"	[2, 26]
"4.4.21415471433.3"	[-3916, -9546, -1041, -1, 1]	21415471433	382.544453755	"4T1"	[3]
"4.4.21421910016.3"	[123786, 0, -3588, 0, 1]	21421910016	382.573203607	"4T1"	[2, 4]
"4.4.21421910016.4"	[3094650, 0, -3588, 0, 1]	21421910016	382.573203607	"4T1"	[2, 4]
"4.4.21482549413.2"	[7939649, -10162, -10164, -1, 1]	21482549413	382.843655947	"4T1"	[4, 4]
"4.4.21485815808.5"	[20982242, 0, -12956, 0, 1]	21485815808	382.858207843	"4T1"	[2, 2]
"4.4.21496291648.5"	[7949812, 0, -10166, 0, 1]	21496291648	382.904866861	"4T1"	[2, 2, 2]
"4.4.21522128537.2"	[18608864, 1, -8897, -1, 1]	21522128537	383.019870588	"4T1"	[2, 2, 2]
"4.4.21601086625.1"	[27491, -2611, -1044, -1, 1]	21601086625	383.370683926	"4T1"	[2]
"4.4.21647746237.1"	[8000723, -10201, -10203, -1, 1]	21647746237	383.577542223	"4T1"	[2]
"4.4.21666690832.1"	[4065808, 0, -4307, 0, 1]	21666690832	383.661434763	"4T1"	[2]
"4.4.21670967872.1"	[178432, 0, -1394, 0, 1]	21670967872	383.680367209	"4T1"	[2, 12]
"4.4.21670967872.2"	[401472, 0, -1394, 0, 1]	21670967872	383.680367209	"4T1"	[2, 12]
"4.4.21687893861.3"	[1594675, 20512, -6840, -1, 1]	21687893861	383.755263131	"4T1"	[2]
"4.4.21765108625.1"	[137216, 16444, -1704, -1, 1]	21765108625	384.096376162	"4T1"	[2, 8]
"4.4.21823008464.1"	[134189, 0, -1109, 0, 1]	21823008464	384.351566336	"4T1"	[]
"4.4.21838618253.1"	[473231, -15221, -5081, -1, 1]	21838618253	384.420278657	"4T1"	[]
"4.4.21850695873.2"	[4078731, 8655, -4334, -1, 1]	21850695873	384.473417544	"4T1"	[2, 2]
"4.4.21953829301.1"	[3297411, 14232, -4750, -1, 1]	21953829301	384.926287231	"4T1"	[]
"4.4.21975528401.1"	[-70211, -16631, -1050, -1, 1]	21975528401	385.021366998	"4T1"	[]
"4.4.22018538057.1"	[19038182, 1, -8999, -1, 1]	22018538057	385.209616132	"4T1"	[2, 2]
"4.4.22027364352.3"	[230202, 0, -2436, 0, 1]	22027364352	385.248213866	"4T1"	[2, 4, 4]
"4.4.22027364352.4"	[1253322, 0, -2436, 0, 1]	22027364352	385.248213866	"4T1"	[2, 2, 4]
"4.4.22046214464.1"	[473876, 0, -1402, 0, 1]	22046214464	385.330607322	"4T1"	[]
"4.4.22085973801.1"	[2768620, -7871, -3949, -1, 1]	22085973801	385.504221473	"4T1"	[2]
"4.4.22103848256.2"	[1642676, 0, -6902, 0, 1]	22103848256	385.58219616	"4T1"	[2, 2]
"4.4.22105827328.1"	[442, 0, -884, 0, 1]	22105827328	385.590826663	"4T1"	[2, 4, 4]
"4.4.22105827328.2"	[35802, 0, -884, 0, 1]	22105827328	385.590826663	"4T1"	[2, 4, 4]
"4.4.22105827328.3"	[159562, 0, -884, 0, 1]	22105827328	385.590826663	"4T1"	[2, 2, 2, 8]
"4.4.22105827328.4"	[194922, 0, -884, 0, 1]	22105827328	385.590826663	"4T1"	[2, 4, 4, 4]
"4.4.22154283008.2"	[21635042, 0, -13156, 0, 1]	22154283008	385.801955688	"4T1"	[2, 2]
"4.4.22204620661.1"	[-4105, -17218, -2490, -1, 1]	22204620661	386.020918311	"4T1"	[3]
"4.4.22208202752.2"	[21687698, 0, -13172, 0, 1]	22208202752	386.036485774	"4T1"	[2, 2]
"4.4.22223992669.1"	[2899575, -3563, -3583, -1, 1]	22223992669	386.105084971	"4T1"	[5]
"4.4.22226569216.3"	[675954, 0, -3196, 0, 1]	22226569216	386.116275295	"4T1"	[2, 4]
"4.4.22226569216.4"	[1877650, 0, -3196, 0, 1]	22226569216	386.116275295	"4T1"	[2, 4]
"4.4.22235568704.1"	[3306896, 0, -5822, 0, 1]	22235568704	386.155353765	"4T1"	[2]
"4.4.22298697808.1"	[188773, 0, -1117, 0, 1]	22298697808	386.429146294	"4T1"	[]
"4.4.22332705088.2"	[9176148, 0, -6142, 0, 1]	22332705088	386.576395871	"4T1"	[2]
"4.4.22412539088.1"	[498677, 0, -5141, 0, 1]	22412539088	386.921412903	"4T1"	[2, 2]
"4.4.22487022421.1"	[889965, 6042, -2050, -1, 1]	22487022421	387.242475929	"4T1"	[]
"4.4.22496476777.1"	[578738, -15223, -3819, -1, 1]	22496476777	387.283172193	"4T1"	[2]
"4.4.22505932800.2"	[21978450, 0, -13260, 0, 1]	22505932800	387.323862803	"4T1"	[2, 2, 2, 4]
"4.4.22534962517.1"	[9243833, 6172, -6174, -1, 1]	22534962517	387.448701747	"4T1"	[2]
"4.4.22588049053.1"	[38799, -16947, -1935, -1, 1]	22588049053	387.676682648	"4T1"	[5]
"4.4.22594496377.1"	[4217942, 8801, -4407, -1, 1]	22594496377	387.7043434	"4T1"	[2]
"4.4.22604835825.1"	[19545241, 1, -9118, -1, 1]	22604835825	387.748690053	"4T1"	[2, 2, 2, 4]
"4.4.22681757696.1"	[131066, 0, -3692, 0, 1]	22681757696	388.078136918	"4T1"	[4]
"4.4.22681757696.2"	[3276650, 0, -3692, 0, 1]	22681757696	388.078136918	"4T1"	[4]
"4.4.22737343537.1"	[5832, 8676, -1062, -1, 1]	22737343537	388.31568303	"4T1"	[]
"4.4.22760464637.2"	[493477, -15539, -5187, -1, 1]	22760464637	388.414362808	"4T1"	[2, 2]
"4.4.22777997312.1"	[5978, 0, -1708, 0, 1]	22777997312	388.48914134	"4T1"	[4]
"4.4.22777997312.2"	[723338, 0, -1708, 0, 1]	22777997312	388.48914134	"4T1"	[4]
"4.4.22778316800.2"	[22244450, 0, -13340, 0, 1]	22778316800	388.490503586	"4T1"	[2, 2]
"4.4.22788460661.1"	[1577651, -9266, -3110, -1, 1]	22788460661	388.533747955	"4T1"	[5]
"4.4.22805645312.5"	[22271138, 0, -13348, 0, 1]	22805645312	388.606975033	"4T1"	[2, 2]
"4.4.22806057373.1"	[9355129, 6209, -6211, -1, 1]	22806057373	388.608730396	"4T1"	[2]
"4.4.22809653056.1"	[343156, 0, -1418, 0, 1]	22809653056	388.624046844	"4T1"	[]
"4.4.22886656000.2"	[894010, 0, -5980, 0, 1]	22886656000	388.951620722	"4T1"	[2, 4, 4]
"4.4.22886656000.3"	[8046090, 0, -5980, 0, 1]	22886656000	388.951620722	"4T1"	[2, 2, 4]
"4.4.23048992837.2"	[8518773, -10526, -10528, -1, 1]	23048992837	389.639509747	"4T1"	[2]
"4.4.23095489409.1"	[2895623, -8049, -4038, -1, 1]	23095489409	389.835865534	"4T1"	[2]
"4.4.23097813541.1"	[3469797, 14598, -4872, -1, 1]	23097813541	389.845672598	"4T1"	[2]
"4.4.23198837177.2"	[20058964, 1, -9237, -1, 1]	23198837177	390.27124531	"4T1"	[2, 2, 2]
"4.4.23228533925.1"	[503759, -15698, -5240, -1, 1]	23228533925	390.396081604	"4T1"	[2]
"4.4.23238217817.1"	[1369552, 16, -2409, -1, 1]	23238217817	390.436763924	"4T1"	[6]
"4.4.23242771613.1"	[12431, 20295, -2919, -1, 1]	23242771613	390.455890162	"4T1"	[]
"4.4.23265041681.1"	[3448096, -11908, -5960, -1, 1]	23265041681	390.54938543	"4T1"	[2]
"4.4.23320116793.2"	[-88846, 18749, -1071, -1, 1]	23320116793	390.780316488	"4T1"	[3]
"4.4.23340902400.1"	[416250, 0, -2220, 0, 1]	23340902400	390.867364643	"4T1"	[2, 2, 4]
"4.4.23353109773.1"	[9579719, 6283, -6285, -1, 1]	23353109773	390.91846087	"4T1"	[2]
"4.4.23375417549.1"	[1719433, 21295, -7101, -1, 1]	23375417549	391.011782481	"4T1"	[2]
"4.4.23434302528.4"	[20271888, 0, -9282, 0, 1]	23434302528	391.257799498	"4T1"	[2, 2, 2, 2, 2]
"4.4.23455767425.2"	[20281171, 1, -9288, -1, 1]	23455767425	391.347362919	"4T1"	[2, 2]
"4.4.23461810993.1"	[236281, -14695, -1894, -1, 1]	23461810993	391.372568936	"4T1"	[2]
"4.4.23491893101.1"	[3573539, 3819, -3825, -1, 1]	23491893101	391.497960528	"4T1"	[5]
"4.4.23505920576.3"	[3495824, 0, -5986, 0, 1]	23505920576	391.556390244	"4T1"	[2, 2, 10]
"4.4.23529832801.2"	[59511, 19777, -2500, -1, 1]	23529832801	391.655933408	"4T1"	[2, 2]
"4.4.23559976625.1"	[144016, -16916, -2844, -1, 1]	23559976625	391.781309778	"4T1"	[2, 2]
"4.4.23559976625.2"	[651841, 16939, -2844, -1, 1]	23559976625	391.781309778	"4T1"	[2, 2]
"4.4.23608552000.1"	[1122880, 0, -3190, 0, 1]	23608552000	391.983095076	"4T1"	[2, 2, 4]
"4.4.23608552000.2"	[2526480, 0, -3190, 0, 1]	23608552000	391.983095076	"4T1"	[2, 2, 4]
"4.4.23629941153.1"	[-9344, 19816, -2026, -1, 1]	23629941153	392.071848289	"4T1"	[2, 2, 4]
"4.4.23629941153.2"	[616099, 11899, -2026, -1, 1]	23629941153	392.071848289	"4T1"	[2, 2, 4]
"4.4.23633119232.2"	[23079218, 0, -13588, 0, 1]	23633119232	392.085030426	"4T1"	[2]
"4.4.23657396833.1"	[609099, -15611, -3916, -1, 1]	23657396833	392.185685984	"4T1"	[2]
"4.4.23680700749.1"	[3557637, 14781, -4933, -1, 1]	23680700749	392.282231772	"4T1"	[2]
"4.4.23716677632.2"	[23160818, 0, -13612, 0, 1]	23716677632	392.431140569	"4T1"	[2, 2]
"4.4.23800542113.1"	[20579351, 1, -9356, -1, 1]	23800542113	392.777600168	"4T1"	[2]
"4.4.23843638949.1"	[730525, -12970, -2624, -1, 1]	23843638949	392.955285088	"4T1"	[2, 4]
"4.4.23843638949.2"	[1457615, 7804, -2624, -1, 1]	23843638949	392.955285088	"4T1"	[2, 4]
"4.4.23854385152.1"	[13858, 0, -2132, 0, 1]	23854385152	392.999553328	"4T1"	[2, 2, 20]
"4.4.23854385152.2"	[1122498, 0, -2132, 0, 1]	23854385152	392.999553328	"4T1"	[2, 2, 4]
"4.4.23861377625.1"	[26896, -17671, -2249, -1, 1]	23861377625	393.028350305	"4T1"	[2, 2, 2]
"4.4.23861377625.2"	[982156, 8864, -2249, -1, 1]	23861377625	393.028350305	"4T1"	[2, 2, 2]
"4.4.23865467408.2"	[20644868, 0, -9367, 0, 1]	23865467408	393.045190253	"4T1"	[2, 4, 4]
"4.4.23867430464.2"	[3013184, 0, -4094, 0, 1]	23867430464	393.053272494	"4T1"	[2]
"4.4.23910142241.1"	[3543872, -12072, -6042, -1, 1]	23910142241	393.229000978	"4T1"	[10]
"4.4.23926101568.2"	[4489792, 0, -4526, 0, 1]	23926101568	393.2946018	"4T1"	[2]
"4.4.23977601024.1"	[138554, 0, -3796, 0, 1]	23977601024	393.506066775	"4T1"	[2, 2]
"4.4.23977601024.2"	[3463850, 0, -3796, 0, 1]	23977601024	393.506066775	"4T1"	[2, 2]
"4.4.24108566528.5"	[23543522, 0, -13724, 0, 1]	24108566528	394.042301587	"4T1"	[2, 2]
"4.4.24119443017.1"	[4503372, 9093, -4553, -1, 1]	24119443017	394.086736745	"4T1"	[2]
"4.4.24127564025.2"	[3025474, -8227, -4127, -1, 1]	24127564025	394.119904774	"4T1"	[2, 2, 2]
"4.4.24148158625.1"	[1122816, -12896, -3244, -1, 1]	24148158625	394.203980243	"4T1"	[2, 4]
"4.4.24148158625.2"	[2555271, 9, -3244, -1, 1]	24148158625	394.203980243	"4T1"	[2, 4]
"4.4.24152002213.1"	[524897, -15494, -3120, -1, 1]	24152002213	394.219665365	"4T1"	[]
"4.4.24172760477.1"	[-28619, 20455, -2307, -1, 1]	24172760477	394.304344469	"4T1"	[]
"4.4.24178964693.2"	[524641, -16016, -5346, -1, 1]	24178964693	394.329642717	"4T1"	[2, 2]
"4.4.24193860377.1"	[289108, 19942, -3339, -1, 1]	24193860377	394.390361334	"4T1"	[2]
"4.4.24313388273.1"	[-13591, 11769, -1086, -1, 1]	24313388273	394.87657524	"4T1"	[]
"4.4.24390453248.5"	[23818802, 0, -13804, 0, 1]	24390453248	395.189109313	"4T1"	[2, 2, 2]
"4.4.24419523904.2"	[3691476, 0, -5002, 0, 1]	24419523904	395.306811876	"4T1"	[2, 2]
"4.4.24435528325.1"	[9031389, -10838, -10840, -1, 1]	24435528325	395.371566438	"4T1"	[2, 2, 20]
"4.4.24497637857.1"	[21182239, 1, -9492, -1, 1]	24497637857	395.622563378	"4T1"	[2, 2]
"4.4.24535553501.1"	[1805215, 21817, -7275, -1, 1]	24535553501	395.775553496	"4T1"	[5, 10]
"4.4.24594409472.1"	[77402, 0, -916, 0, 1]	24594409472	396.012687232	"4T1"	[2]
"4.4.24594409472.2"	[132362, 0, -916, 0, 1]	24594409472	396.012687232	"4T1"	[10]
"4.4.24661326173.1"	[535241, -16175, -5399, -1, 1]	24661326173	396.281781592	"4T1"	[2, 2]
"4.4.24731641061.1"	[1819715, 21904, -7304, -1, 1]	24731641061	396.563951794	"4T1"	[2, 26]
"4.4.24781070288.1"	[56693, 0, -1157, 0, 1]	24781070288	396.761948921	"4T1"	[4]
"4.4.24781070288.2"	[334373, 0, -1157, 0, 1]	24781070288	396.761948921	"4T1"	[4]
"4.4.24868265341.1"	[3736611, 15147, -5055, -1, 1]	24868265341	397.110502513	"4T1"	[]
"4.4.24900589153.1"	[4649591, 9239, -4626, -1, 1]	24900589153	397.239480883	"4T1"	[2]
"4.4.24916424336.2"	[3145616, 0, -4183, 0, 1]	24916424336	397.302620557	"4T1"	[2, 2]
"4.4.24977848016.1"	[1856261, 0, -7337, 0, 1]	24977848016	397.547250978	"4T1"	[2, 2]
"4.4.25021255309.1"	[3266033, -3781, -3801, -1, 1]	25021255309	397.719856075	"4T1"	[]
"4.4.25027062737.1"	[21640117, 1, -9594, -1, 1]	25027062737	397.74293174	"4T1"	[2, 2]
"4.4.25128011089.1"	[7128, -8604, -1098, -1, 1]	25128011089	398.143407255	"4T1"	[2]
"4.4.25128011089.2"	[21773, 6041, -1098, -1, 1]	25128011089	398.143407255	"4T1"	[2]
"4.4.25205301568.1"	[2932, 0, -1466, 0, 1]	25205301568	398.449214023	"4T1"	[3]
"4.4.25298674000.1"	[94365, 0, -1165, 0, 1]	25298674000	398.817713882	"4T1"	[4]
"4.4.25298674000.2"	[336685, 0, -1165, 0, 1]	25298674000	398.817713882	"4T1"	[4]
"4.4.25307477125.1"	[190911, 21574, -4324, -1, 1]	25307477125	398.85240329	"4T1"	[2, 4]
"4.4.25307477125.2"	[1950921, -12936, -4324, -1, 1]	25307477125	398.85240329	"4T1"	[2, 4]
"4.4.25442158573.1"	[9403553, -11059, -11061, -1, 1]	25442158573	399.382001191	"4T1"	[2]
"4.4.25472942725.1"	[3827745, 15330, -5116, -1, 1]	25472942725	399.502756095	"4T1"	[2, 4]
"4.4.25476576625.1"	[772416, 14724, -2484, -1, 1]	25476576625	399.517003324	"4T1"	[2, 2]
"4.4.25476576625.2"	[1409741, 4919, -2484, -1, 1]	25476576625	399.517003324	"4T1"	[2, 2]
"4.4.25640341325.1"	[556759, -16493, -5505, -1, 1]	25640341325	400.157490264	"4T1"	[2]
"4.4.25678234432.3"	[10550772, 0, -6586, 0, 1]	25678234432	400.305253648	"4T1"	[2]
"4.4.25681093225.2"	[230994, 10153, -1387, -1, 1]	25681093225	400.316394816	"4T1"	[2, 14]
"4.4.25694183833.1"	[4798146, 9385, -4699, -1, 1]	25694183833	400.367399105	"4T1"	[2]
"4.4.25723749125.1"	[-30439, -18866, -2144, -1, 1]	25723749125	400.482521217	"4T1"	[4]
"4.4.25723749125.2"	[540421, 14714, -2144, -1, 1]	25723749125	400.482521217	"4T1"	[4]
"4.4.25723785581.1"	[1893085, 22339, -7449, -1, 1]	25723785581	400.482663109	"4T1"	[2, 2]
"4.4.25750777177.1"	[-90724, -19010, -1107, -1, 1]	25750777177	400.587676963	"4T1"	[]
"4.4.25788673777.1"	[551808, -13596, -2308, -1, 1]	25788673777	400.734978732	"4T1"	[2]
"4.4.25803562000.1"	[1227280, 0, -3335, 0, 1]	25803562000	400.792803929	"4T1"	[2, 2, 4]
"4.4.25803562000.2"	[2761380, 0, -3335, 0, 1]	25803562000	400.792803929	"4T1"	[2, 2, 4]
"4.4.25824462848.1"	[25219202, 0, -14204, 0, 1]	25824462848	400.873939686	"4T1"	[2]
"4.4.25853560832.2"	[25247618, 0, -14212, 0, 1]	25853560832	400.986814232	"4T1"	[2, 2, 10]
"4.4.25862558917.1"	[9558981, -11150, -11152, -1, 1]	25862558917	401.021699587	"4T1"	[2]
"4.4.25905842176.1"	[11650, 0, -932, 0, 1]	25905842176	401.189380628	"4T1"	[4]
"4.4.25905842176.2"	[205506, 0, -932, 0, 1]	25905842176	401.189380628	"4T1"	[20]
"4.4.26050816000.2"	[1017610, 0, -6380, 0, 1]	26050816000	401.74948883	"4T1"	[2, 4]
"4.4.26050816000.3"	[9158490, 0, -6380, 0, 1]	26050816000	401.74948883	"4T1"	[2, 4]
"4.4.26086934528.1"	[25475522, 0, -14276, 0, 1]	26086934528	401.888669325	"4T1"	[2]
"4.4.26100871397.1"	[16237, 21506, -3092, -1, 1]	26100871397	401.942335538	"4T1"	[]
"4.4.26136994997.1"	[567677, -16652, -5558, -1, 1]	26136994997	402.081335443	"4T1"	[]
"4.4.26159947361.1"	[756451, 7661, -1964, -1, 1]	26159947361	402.169578942	"4T1"	[2]
"4.4.26164953997.3"	[9670781, -11215, -11217, -1, 1]	26164953997	402.188819923	"4T1"	[2, 2, 2, 2]
"4.4.26171619209.1"	[-25712, -13175, -1113, -1, 1]	26171619209	402.214430686	"4T1"	[]
"4.4.26230371953.1"	[314864, 20764, -3476, -1, 1]	26230371953	402.439973989	"4T1"	[2]
"4.4.26259390281.1"	[3293720, -8583, -4305, -1, 1]	26259390281	402.551231405	"4T1"	[2]
"4.4.26355403856.1"	[341309, 0, -1181, 0, 1]	26355403856	402.918695199	"4T1"	[]
"4.4.26380126208.2"	[25761842, 0, -14356, 0, 1]	26380126208	403.013150172	"4T1"	[2, 10]
"4.4.26383748833.1"	[-72576, -17676, -1116, -1, 1]	26383748833	403.026985306	"4T1"	[2]
"4.4.26383748833.2"	[-39829, -14699, -1116, -1, 1]	26383748833	403.026985306	"4T1"	[2]
"4.4.26422847488.3"	[276138, 0, -2668, 0, 1]	26422847488	403.176216029	"4T1"	[4]
"4.4.26422847488.4"	[1503418, 0, -2668, 0, 1]	26422847488	403.176216029	"4T1"	[4]
"4.4.26463592000.1"	[11920, 0, -1490, 0, 1]	26463592000	403.3315525	"4T1"	[2, 2, 2]
"4.4.26527336448.2"	[25905602, 0, -14396, 0, 1]	26527336448	403.574215667	"4T1"	[2]
"4.4.26527856701.1"	[-1815, -18821, -2719, -1, 1]	26527856701	403.576194373	"4T1"	[3]
"4.4.26613543413.1"	[2063959, 2918, -2930, -1, 1]	26613543413	403.901694743	"4T1"	[]
"4.4.26618607349.1"	[1231775, 15170, -3054, -1, 1]	26618607349	403.920906638	"4T1"	[]
"4.4.26659692877.1"	[580789, -16279, -3277, -1, 1]	26659692877	404.076678375	"4T1"	[]
"4.4.26677274624.1"	[154154, 0, -4004, 0, 1]	26677274624	404.143282833	"4T1"	[2, 4]
"4.4.26677274624.2"	[3853850, 0, -4004, 0, 1]	26677274624	404.143282833	"4T1"	[2, 4]
"4.4.26687822912.1"	[2090048, 0, -3842, 0, 1]	26687822912	404.183226829	"4T1"	[2, 4, 4]
"4.4.26708224000.1"	[1043290, 0, -6460, 0, 1]	26708224000	404.26044758	"4T1"	[2, 4]
"4.4.26708224000.2"	[9389610, 0, -6460, 0, 1]	26708224000	404.26044758	"4T1"	[2, 4]
"4.4.26750481097.1"	[1577726, 11785, -2967, -1, 1]	26750481097	404.420255536	"4T1"	[2]
"4.4.26811440657.2"	[-72779, 18145, -1122, -1, 1]	26811440657	404.650459257	"4T1"	[12]
"4.4.26811440657.3"	[22997, -5799, -1122, -1, 1]	26811440657	404.650459257	"4T1"	[12]
"4.4.26851769152.2"	[9930388, 0, -11362, 0, 1]	26851769152	404.802537501	"4T1"	[2, 2]
"4.4.26860023616.1"	[4060404, 0, -5246, 0, 1]	26860023616	404.833643858	"4T1"	[2]
"4.4.26894628304.1"	[29725, 0, -1189, 0, 1]	26894628304	404.963971171	"4T1"	[4]
"4.4.26894628304.2"	[267525, 0, -1189, 0, 1]	26894628304	404.963971171	"4T1"	[4]
"4.4.26937264421.1"	[417137, -13972, -2052, -1, 1]	26937264421	405.124373427	"4T1"	[]
"4.4.26960210325.1"	[502419, 12972, -1910, -1, 1]	26960210325	405.210619908	"4T1"	[2, 4]
"4.4.26960210325.2"	[783429, -1818, -1910, -1, 1]	26960210325	405.210619908	"4T1"	[2, 4]
"4.4.27000518032.2"	[717412, 0, -4171, 0, 1]	27000518032	405.361990775	"4T1"	[2, 2]
"4.4.27027009001.1"	[-91636, 19694, -1125, -1, 1]	27027009001	405.461382232	"4T1"	[]
"4.4.27066987733.1"	[11104489, 6764, -6766, -1, 1]	27066987733	405.611240176	"4T1"	[26]
"4.4.27081733793.1"	[2089984, 15488, -3884, -1, 1]	27081733793	405.666473013	"4T1"	[2]
"4.4.27144594533.1"	[589831, -16970, -5664, -1, 1]	27144594533	405.901671473	"4T1"	[2]
"4.4.27267973361.1"	[4042432, -12892, -6452, -1, 1]	27267973361	406.362118017	"4T1"	[2, 2]
"4.4.27269531648.5"	[26630402, 0, -14596, 0, 1]	27269531648	406.367923502	"4T1"	[2, 2, 2]
"4.4.27315390217.1"	[704838, -16775, -4207, -1, 1]	27315390217	406.538660858	"4T1"	[2]
"4.4.27318718825.1"	[5102264, 9677, -4845, -1, 1]	27318718825	406.551045323	"4T1"	[2, 2]
"4.4.27330555229.1"	[4107735, 15879, -5299, -1, 1]	27330555229	406.595074847	"4T1"	[]
"4.4.27359141921.1"	[3432115, -8761, -4394, -1, 1]	27359141921	406.701353807	"4T1"	[2]
"4.4.27374067269.1"	[4166207, 4122, -4128, -1, 1]	27374067269	406.756809839	"4T1"	[5]
"4.4.27452516893.1"	[951201, -6411, -2191, -1, 1]	27452516893	407.047921884	"4T1"	[]
"4.4.27528701504.1"	[4094096, 0, -6478, 0, 1]	27528701504	407.330032333	"4T1"	[2]
"4.4.27559168000.1"	[57330, 0, -1820, 0, 1]	27559168000	407.44268541	"4T1"	[4, 4]
"4.4.27559168000.2"	[312130, 0, -1820, 0, 1]	27559168000	407.44268541	"4T1"	[4, 4]
"4.4.27559168000.3"	[515970, 0, -1820, 0, 1]	27559168000	407.44268541	"4T1"	[4, 4]
"4.4.27559168000.4"	[770770, 0, -1820, 0, 1]	27559168000	407.44268541	"4T1"	[4, 4]
"4.4.27583313977.1"	[-16668, -19394, -1999, -1, 1]	27583313977	407.531901375	"4T1"	[2]
"4.4.27610689344.2"	[2051924, 0, -7714, 0, 1]	27610689344	407.632978657	"4T1"	[2, 2]
"4.4.27655540397.1"	[601067, -17129, -5717, -1, 1]	27655540397	407.798418586	"4T1"	[]
"4.4.27662404752.1"	[747792, 0, -1731, 0, 1]	27662404752	407.823721044	"4T1"	[2, 28]
"4.4.27703293397.2"	[10239531, -11540, -11542, -1, 1]	27703293397	407.974341754	"4T1"	[2, 2]
"4.4.27710975696.1"	[4244525, 0, -4141, 0, 1]	27710975696	408.002622281	"4T1"	[2]
"4.4.27763077952.1"	[511732, 0, -1514, 0, 1]	27763077952	408.194269134	"4T1"	[]
"4.4.27766608221.1"	[2044175, 23209, -7739, -1, 1]	27766608221	408.207244702	"4T1"	[2]
"4.4.27940757008.2"	[5243152, 0, -4891, 0, 1]	27940757008	408.84580134	"4T1"	[2, 2]
"4.4.27995042000.1"	[203645, 0, -1205, 0, 1]	27995042000	409.044239407	"4T1"	[2, 4]
"4.4.27995042000.2"	[348245, 0, -1205, 0, 1]	27995042000	409.044239407	"4T1"	[2, 4]
"4.4.28081104896.3"	[162266, 0, -4108, 0, 1]	28081104896	409.358250552	"4T1"	[4]
"4.4.28081104896.4"	[4056650, 0, -4108, 0, 1]	28081104896	409.358250552	"4T1"	[20]
"4.4.28110535232.4"	[24317072, 0, -10166, 0, 1]	28110535232	409.465465162	"4T1"	[2, 2, 2]
"4.4.28122197921.1"	[-112909, 21477, -1140, -1, 1]	28122197921	409.507929006	"4T1"	[13]
"4.4.28149659137.2"	[5257827, 9823, -4918, -1, 1]	28149659137	409.607863141	"4T1"	[2, 2]
"4.4.28205509184.2"	[304400, 0, -1522, 0, 1]	28205509184	409.810881741	"4T1"	[2, 6]
"4.4.28234483712.9"	[27572738, 0, -14852, 0, 1]	28234483712	409.916087299	"4T1"	[4, 4]
"4.4.28263663616.1"	[859554, 0, -3604, 0, 1]	28263663616	410.021956768	"4T1"	[2, 4]
"4.4.28263663616.2"	[2387650, 0, -3604, 0, 1]	28263663616	410.021956768	"4T1"	[2, 4]
"4.4.28344726649.1"	[-55942, -16579, -1143, -1, 1]	28344726649	410.315637156	"4T1"	[]
"4.4.28394673749.1"	[2090633, 23470, -7826, -1, 1]	28394673749	410.496275233	"4T1"	[2, 2]
"4.4.28457303797.2"	[10518303, -11696, -11698, -1, 1]	28457303797	410.72244585	"4T1"	[2, 2]
"4.4.28481452569.1"	[3573358, -8939, -4483, -1, 1]	28481452569	410.809552556	"4T1"	[2]
"4.4.28534290833.1"	[1686176, 16, -2666, -1, 1]	28534290833	410.999951719	"4T1"	[6]
"4.4.28556329552.1"	[146773, 0, -1213, 0, 1]	28556329552	411.079288631	"4T1"	[]
"4.4.28593132417.1"	[738303, -17163, -4304, -1, 1]	28593132417	411.211672499	"4T1"	[2]
"4.4.28605280525.1"	[4299885, 16245, -5421, -1, 1]	28605280525	411.255342496	"4T1"	[2, 2]
"4.4.28666923008.1"	[58322, 0, -964, 0, 1]	28666923008	411.47672068	"4T1"	[20]
"4.4.28666923008.2"	[174002, 0, -964, 0, 1]	28666923008	411.47672068	"4T1"	[4]
"4.4.28684512625.2"	[1336256, -14056, -3534, -1, 1]	28684512625	411.53982523	"4T1"	[2, 8]
"4.4.28684512625.3"	[3038121, 9, -3534, -1, 1]	28684512625	411.53982523	"4T1"	[2, 8]
"4.4.28691724317.1"	[623857, -17447, -5823, -1, 1]	28691724317	411.565689525	"4T1"	[]
"4.4.28734064589.1"	[4373863, 4223, -4229, -1, 1]	28734064589	411.717442066	"4T1"	[]
"4.4.28766664016.1"	[4348629, 0, -5429, 0, 1]	28766664016	411.834168036	"4T1"	[2]
"4.4.28793299625.1"	[-92824, -19731, -1149, -1, 1]	28793299625	411.929466253	"4T1"	[2]
"4.4.28858016225.1"	[338659, -2557, -1442, -1, 1]	28858016225	412.160737371	"4T1"	[2, 2]
"4.4.29000026112.2"	[28320338, 0, -15052, 0, 1]	29000026112	412.666863616	"4T1"	[2]
"4.4.29029594121.1"	[4304012, -13302, -6657, -1, 1]	29029594121	412.77201072	"4T1"	[2]
"4.4.29104422976.1"	[110736, 0, -1538, 0, 1]	29104422976	413.037751994	"4T1"	[2]
"4.4.29216962373.1"	[635411, -17606, -5876, -1, 1]	29216962373	413.4364523	"4T1"	[]
"4.4.29253538261.1"	[4397607, 16428, -5482, -1, 1]	29253538261	413.565783948	"4T1"	[]
"4.4.29466213713.1"	[25479397, 1, -10410, -1, 1]	29466213713	414.315407041	"4T1"	[2]
"4.4.29474993969.1"	[-114112, 21816, -1158, -1, 1]	29474993969	414.346267715	"4T1"	[]
"4.4.29527956229.1"	[3856595, -4108, -4128, -1, 1]	29527956229	414.532272363	"4T1"	[]
"4.4.29560954688.1"	[374132, 0, -1546, 0, 1]	29560954688	414.64803721	"4T1"	[]
"4.4.29626322225.2"	[3717449, -9117, -4572, -1, 1]	29626322225	414.877073064	"4T1"	[2, 2, 2]
"4.4.29701311824.1"	[1229, 0, -1229, 0, 1]	29701311824	415.139356532	"4T1"	[75]
"4.4.29798602717.1"	[12226033, 7097, -7099, -1, 1]	29798602717	415.478901808	"4T1"	[2]
"4.4.29848885393.1"	[5575961, 10115, -5064, -1, 1]	29848885393	415.654062574	"4T1"	[2]
"4.4.29891824381.1"	[1385625, 16075, -3235, -1, 1]	29891824381	415.80346635	"4T1"	[]
"4.4.29900080153.1"	[772544, -17551, -4401, -1, 1]	29900080153	415.83217339	"4T1"	[2]
"4.4.29980092416.1"	[534650, 0, -2516, 0, 1]	29980092416	416.110085164	"4T1"	[2, 2]
"4.4.29980092416.2"	[1047914, 0, -2516, 0, 1]	29980092416	416.110085164	"4T1"	[2, 2]
"4.4.29989250125.1"	[357721, 21179, -3049, -1, 1]	29989250125	416.141857736	"4T1"	[2, 4]
"4.4.29989250125.2"	[2147781, -3011, -3049, -1, 1]	29989250125	416.141857736	"4T1"	[2, 4]
"4.4.29994862592.2"	[29291858, 0, -15308, 0, 1]	29994862592	416.161326534	"4T1"	[2, 4]
"4.4.30111840869.1"	[-67217, 22526, -1808, -1, 1]	30111840869	416.566485919	"4T1"	[4]
"4.4.30111840869.2"	[57325, -18988, -1808, -1, 1]	30111840869	416.566485919	"4T1"	[20]
"4.4.30281730677.1"	[658837, -17924, -5982, -1, 1]	30281730677	417.152809751	"4T1"	[2]
"4.4.30285104848.1"	[357493, 0, -1237, 0, 1]	30285104848	417.164429679	"4T1"	[]
"4.4.30375428129.1"	[1494875, -5181, -2634, -1, 1]	30375428129	417.475123599	"4T1"	[2]
"4.4.30386993216.2"	[4519184, 0, -6806, 0, 1]	30386993216	417.514855113	"4T1"	[2, 2]
"4.4.30400540561.1"	[-40000, 15800, -1170, -1, 1]	30400540561	417.561382194	"4T1"	[5]
"4.4.30437017600.5"	[925650, 0, -3740, 0, 1]	30437017600	417.686581893	"4T1"	[2, 2, 4]
"4.4.30437017600.6"	[2571250, 0, -3740, 0, 1]	30437017600	417.686581893	"4T1"	[2, 2, 20]
"4.4.30466967552.2"	[29752898, 0, -15428, 0, 1]	30466967552	417.789294648	"4T1"	[2, 2]
"4.4.30502020928.1"	[12532788, 0, -7178, 0, 1]	30502020928	417.909413354	"4T1"	[2]
"4.4.30550244993.2"	[369664, 22408, -3750, -1, 1]	30550244993	418.074495475	"4T1"	[2, 2]
"4.4.30571843909.1"	[4596345, 16794, -5604, -1, 1]	30571843909	418.148370192	"4T1"	[]
"4.4.30612667493.1"	[887891, -12264, -2496, -1, 1]	30612667493	418.287892148	"4T1"	[]
"4.4.30656841728.3"	[29938322, 0, -15476, 0, 1]	30656841728	418.438708451	"4T1"	[2, 2]
"4.4.30717171337.1"	[5738532, 10261, -5137, -1, 1]	30717171337	418.644418126	"4T1"	[2]
"4.4.30730819913.1"	[26573126, 1, -10631, -1, 1]	30730819913	418.690914499	"4T1"	[2, 2]
"4.4.30738317173.1"	[12611869, 7208, -7210, -1, 1]	30738317173	418.716448699	"4T1"	[2, 4]
"4.4.30793750889.1"	[3864388, -9295, -4661, -1, 1]	30793750889	418.905100276	"4T1"	[2]
"4.4.30863596608.1"	[54288, 0, -2262, 0, 1]	30863596608	419.142436371	"4T1"	[2, 2, 4]
"4.4.30863596608.2"	[868608, 0, -2262, 0, 1]	30863596608	419.142436371	"4T1"	[2, 2, 4]
"4.4.30870492353.2"	[38416, 196, -1176, -1, 1]	30870492353	419.16584629	"4T1"	[9]
"4.4.30884400425.3"	[245914, -10663, -1475, -1, 1]	30884400425	419.213049976	"4T1"	[2, 2]
"4.4.30884400425.4"	[342484, 5432, -1475, -1, 1]	30884400425	419.213049976	"4T1"	[2, 2]
"4.4.30899457088.5"	[821008, 0, -4462, 0, 1]	30899457088	419.264133985	"4T1"	[2]
"4.4.30959144000.1"	[615440, 0, -1570, 0, 1]	30959144000	419.466455298	"4T1"	[2, 2, 60]
"4.4.30959144000.2"	[200960, 0, -1570, 0, 1]	30959144000	419.466455298	"4T1"	[2, 2, 6]
"4.4.30996752384.1"	[179114, 0, -4316, 0, 1]	30996752384	419.593786614	"4T1"	[4]
"4.4.30996752384.2"	[4477850, 0, -4316, 0, 1]	30996752384	419.593786614	"4T1"	[4]
"4.4.31107273625.1"	[-56524, 17494, -1179, -1, 1]	31107273625	419.967310813	"4T1"	[2, 4]
"4.4.31107273625.2"	[86, -10811, -1179, -1, 1]	31107273625	419.967310813	"4T1"	[2, 4]
"4.4.31107273625.3"	[18956, -7666, -1179, -1, 1]	31107273625	419.967310813	"4T1"	[2, 4]
"4.4.31107273625.4"	[37826, 1769, -1179, -1, 1]	31107273625	419.967310813	"4T1"	[2, 4]
"4.4.31109891293.2"	[11499023, -12229, -12231, -1, 1]	31109891293	419.976145566	"4T1"	[2, 2]
"4.4.31138986701.1"	[262847, 20155, -2285, -1, 1]	31138986701	420.074306421	"4T1"	[]
"4.4.31166056448.2"	[30435602, 0, -15604, 0, 1]	31166056448	420.165571434	"4T1"	[2]
"4.4.31236233425.1"	[807561, -17939, -4498, -1, 1]	31236233425	420.401894921	"4T1"	[2, 2]
"4.4.31241891821.2"	[4697361, 16977, -5665, -1, 1]	31241891821	420.420932418	"4T1"	[2]
"4.4.31282779625.1"	[953676, 16314, -2749, -1, 1]	31282779625	420.55842136	"4T1"	[2, 2]
"4.4.31282779625.2"	[1735956, 5449, -2749, -1, 1]	31282779625	420.55842136	"4T1"	[2, 2]
"4.4.31376555152.2"	[5887888, 0, -5183, 0, 1]	31376555152	420.873241782	"4T1"	[4, 8]
"4.4.31419498717.1"	[41119, 17161, -1327, -1, 1]	31419498717	421.017175114	"4T1"	[2, 20]
"4.4.31419498717.2"	[150343, -10145, -1327, -1, 1]	31419498717	421.017175114	"4T1"	[2, 4]
"4.4.31582881792.5"	[30842658, 0, -15708, 0, 1]	31582881792	421.563439001	"4T1"	[2, 2, 2, 2]
"4.4.31584462281.1"	[-25004, 14422, -1185, -1, 1]	31584462281	421.568712933	"4T1"	[20]
"4.4.31584462281.2"	[38216, -1383, -1185, -1, 1]	31584462281	421.568712933	"4T1"	[4]
"4.4.31621880897.2"	[27343787, 1, -10784, -1, 1]	31621880897	421.693517293	"4T1"	[2, 2]
"4.4.31640361869.1"	[2330753, 24775, -8261, -1, 1]	31640361869	421.755117034	"4T1"	[2]
"4.4.31811726125.1"	[-53659, 23279, -2169, -1, 1]	31811726125	422.325017484	"4T1"	[2, 4]
"4.4.31811726125.2"	[758021, -10541, -2169, -1, 1]	31811726125	422.325017484	"4T1"	[2, 4]
"4.4.31824875809.1"	[-116077, 22381, -1188, -1, 1]	31824875809	422.368653751	"4T1"	[]
"4.4.31914613613.1"	[694771, -18401, -6141, -1, 1]	31914613613	422.666081645	"4T1"	[]
"4.4.31915344448.1"	[50752, 0, -1586, 0, 1]	31915344448	422.668501355	"4T1"	[2, 8]
"4.4.31915344448.2"	[621712, 0, -1586, 0, 1]	31915344448	422.668501355	"4T1"	[2, 8]
"4.4.31918762304.2"	[2372084, 0, -8294, 0, 1]	31918762304	422.679816932	"4T1"	[2, 2, 2]
"4.4.31983738561.1"	[4014175, -9473, -4750, -1, 1]	31983738561	422.894762702	"4T1"	[26]
"4.4.31996914752.3"	[27678992, 0, -10846, 0, 1]	31996914752	422.938310468	"4T1"	[2, 2]
"4.4.32002476032.2"	[31252418, 0, -15812, 0, 1]	32002476032	422.956686655	"4T1"	[2]
"4.4.32033756297.2"	[2475088, 16844, -4223, -1, 1]	32033756297	423.060001713	"4T1"	[2, 2]
"4.4.32082281296.1"	[11349, 0, -1261, 0, 1]	32082281296	423.22012448	"4T1"	[4]
"4.4.32082281296.2"	[283725, 0, -1261, 0, 1]	32082281296	423.22012448	"4T1"	[4]
"4.4.32086387901.1"	[2363755, 24949, -8319, -1, 1]	32086387901	423.233667115	"4T1"	[2]
"4.4.32089665856.2"	[4850964, 0, -5734, 0, 1]	32089665856	423.244476121	"4T1"	[2]
"4.4.32161261249.1"	[491520, 16384, -2104, -1, 1]	32161261249	423.480354509	"4T1"	[2, 2]
"4.4.32161261249.2"	[810423, -8147, -2104, -1, 1]	32161261249	423.480354509	"4T1"	[2, 2]
"4.4.32177106013.1"	[11893599, -12437, -12439, -1, 1]	32177106013	423.532503482	"4T1"	[2]
"4.4.32187385273.1"	[1085244, -9752, -2485, -1, 1]	32187385273	423.566324728	"4T1"	[10]
"4.4.32257514512.2"	[857092, 0, -4559, 0, 1]	32257514512	423.796850948	"4T1"	[2, 2]
"4.4.32314131797.1"	[24887, 23928, -3438, -1, 1]	32314131797	423.982687108	"4T1"	[]
"4.4.32336925853.1"	[13268249, 7393, -7395, -1, 1]	32336925853	424.057435595	"4T1"	[2]
"4.4.32392251392.5"	[31633058, 0, -15908, 0, 1]	32392251392	424.238700264	"4T1"	[2, 2, 2]
"4.4.32400740672.1"	[538772, 0, -1594, 0, 1]	32400740672	424.266493386	"4T1"	[]
"4.4.32468436053.1"	[706961, -18560, -6194, -1, 1]	32468436053	424.487926648	"4T1"	[5]
"4.4.32508569600.3"	[187850, 0, -4420, 0, 1]	32508569600	424.619041025	"4T1"	[2, 2, 2, 4]
"4.4.32508569600.4"	[4696250, 0, -4420, 0, 1]	32508569600	424.619041025	"4T1"	[2, 2, 2, 4]
"4.4.32525676377.1"	[28125464, 1, -10937, -1, 1]	32525676377	424.674891146	"4T1"	[2]
"4.4.32603777821.1"	[4902687, 17343, -5787, -1, 1]	32603777821	424.929596824	"4T1"	[]
"4.4.32626944000.1"	[1274490, 0, -7140, 0, 1]	32626944000	425.005058733	"4T1"	[2, 2, 4]
"4.4.32626944000.2"	[11470410, 0, -7140, 0, 1]	32626944000	425.005058733	"4T1"	[2, 2, 4]
"4.4.32651429525.1"	[1006775, -15180, -3066, -1, 1]	32651429525	425.084774632	"4T1"	[2, 2, 4]
"4.4.32651429525.2"	[2003485, 9130, -3066, -1, 1]	32651429525	425.084774632	"4T1"	[2, 2, 4]
"4.4.32661510277.1"	[13401523, 7430, -7432, -1, 1]	32661510277	425.117580838	"4T1"	[2, 10]
"4.4.32690866176.1"	[994194, 0, -3876, 0, 1]	32690866176	425.213071713	"4T1"	[2, 2, 4]
"4.4.32690866176.2"	[2761650, 0, -3876, 0, 1]	32690866176	425.213071713	"4T1"	[2, 2, 4]
"4.4.32718246041.1"	[4851772, -14122, -7067, -1, 1]	32718246041	425.302076862	"4T1"	[2, 2]
"4.4.32728249193.1"	[28300666, 1, -10971, -1, 1]	32728249193	425.334580695	"4T1"	[2, 2]
"4.4.32761280309.1"	[2413693, 25210, -8406, -1, 1]	32761280309	425.441857758	"4T1"	[10]
"4.4.32770324125.3"	[251601, 24549, -4919, -1, 1]	32770324125	425.471215735	"4T1"	[2, 2, 2, 4]
"4.4.32770324125.4"	[2529261, -14721, -4919, -1, 1]	32770324125	425.471215735	"4T1"	[2, 2, 2, 4]
"4.4.32833606457.1"	[398708, 23230, -3887, -1, 1]	32833606457	425.676472591	"4T1"	[10]
"4.4.32973928000.1"	[1568320, 0, -3770, 0, 1]	32973928000	426.13055071	"4T1"	[2, 2, 8]
"4.4.32973928000.2"	[3528720, 0, -3770, 0, 1]	32973928000	426.13055071	"4T1"	[2, 2, 8]
"4.4.33011874341.1"	[5027131, 4526, -4532, -1, 1]	33011874341	426.253095419	"4T1"	[]
"4.4.33045258329.1"	[-95380, -20658, -1203, -1, 1]	33045258329	426.360819043	"4T1"	[]
"4.4.33054664000.1"	[285940, 0, -4930, 0, 1]	33054664000	426.391154573	"4T1"	[2, 4]
"4.4.33054664000.2"	[2573460, 0, -4930, 0, 1]	33054664000	426.391154573	"4T1"	[2, 4]
"4.4.33099938917.1"	[67383, -20520, -2332, -1, 1]	33099938917	426.537086448	"4T1"	[]
"4.4.33167413568.2"	[737972, 0, -6254, 0, 1]	33167413568	426.754295808	"4T1"	[2]
"4.4.33196285241.1"	[4166810, -9651, -4839, -1, 1]	33196285241	426.847136108	"4T1"	[2]
"4.4.33293019313.1"	[37184, -3016, -1206, -1, 1]	33293019313	427.157755334	"4T1"	[]
"4.4.33295615909.1"	[5006997, 17526, -5848, -1, 1]	33295615909	427.166083834	"4T1"	[]
"4.4.33319054928.1"	[369053, 0, -1277, 0, 1]	33319054928	427.241241716	"4T1"	[]
"4.4.33396720433.2"	[6240261, 10699, -5356, -1, 1]	33396720433	427.489995332	"4T1"	[4, 4]
"4.4.33741229625.1"	[212836, -20246, -3399, -1, 1]	33741229625	428.588216381	"4T1"	[2, 2]
"4.4.33741229625.2"	[942106, 20269, -3399, -1, 1]	33741229625	428.588216381	"4T1"	[2, 2]
"4.4.33792250337.1"	[-75584, 19600, -1212, -1, 1]	33792250337	428.750143551	"4T1"	[2]
"4.4.33792250337.2"	[11707, 9901, -1212, -1, 1]	33792250337	428.750143551	"4T1"	[2]
"4.4.33849548096.1"	[1082900, 0, -3094, 0, 1]	33849548096	428.931774082	"4T1"	[2, 2, 4]
"4.4.33849548096.2"	[2122484, 0, -3094, 0, 1]	33849548096	428.931774082	"4T1"	[2, 2, 4]
"4.4.33880659813.1"	[12523449, -12762, -12764, -1, 1]	33880659813	429.03029982	"4T1"	[2, 2, 2, 2]
"4.4.33886408256.2"	[634256, 0, -1618, 0, 1]	33886408256	429.048496775	"4T1"	[2, 2]
"4.4.33996156577.1"	[879923, -18715, -4692, -1, 1]	33996156577	429.395466799	"4T1"	[2]
"4.4.34056382464.1"	[196794, 0, -4524, 0, 1]	34056382464	429.585514462	"4T1"	[2, 4]
"4.4.34056382464.2"	[4919850, 0, -4524, 0, 1]	34056382464	429.585514462	"4T1"	[2, 4]
"4.4.34084113472.4"	[6395968, 0, -5402, 0, 1]	34084113472	429.672937161	"4T1"	[2, 4, 4]
"4.4.34158487757.1"	[744167, -19037, -6353, -1, 1]	34158487757	429.907140856	"4T1"	[]
"4.4.34170627664.1"	[5165541, 0, -5917, 0, 1]	34170627664	429.945332955	"4T1"	[2, 10]
"4.4.34174633792.5"	[12638548, 0, -12818, 0, 1]	34174633792	429.957933984	"4T1"	[2, 2, 2, 26]
"4.4.34208909312.1"	[33407138, 0, -16348, 0, 1]	34208909312	430.065700261	"4T1"	[2]
"4.4.34320079397.1"	[2667173, 3312, -3324, -1, 1]	34320079397	430.414675772	"4T1"	[17]
"4.4.34407625501.1"	[4496207, -4435, -4455, -1, 1]	34407625501	430.688896704	"4T1"	[]
"4.4.34431390929.1"	[4322293, -9829, -4928, -1, 1]	34431390929	430.763246908	"4T1"	[2, 10]
"4.4.34550415593.1"	[34084, 5089, -1221, -1, 1]	34550415593	431.135037871	"4T1"	[]
"4.4.34701082261.2"	[5218911, 17892, -5970, -1, 1]	34701082261	431.604292171	"4T1"	[2]
"4.4.34763966464.1"	[115650, 0, -1028, 0, 1]	34763966464	431.799694342	"4T1"	[2, 8]
"4.4.34763966464.2"	[148546, 0, -1028, 0, 1]	34763966464	431.799694342	"4T1"	[2, 8]
"4.4.34805634625.1"	[-118369, -22651, -1224, -1, 1]	34805634625	431.929025224	"4T1"	[10]
"4.4.34939087424.2"	[5196176, 0, -7298, 0, 1]	34939087424	432.342460023	"4T1"	[2, 6, 6]
"4.4.34971834512.1"	[30252452, 0, -11339, 0, 1]	34971834512	432.443729005	"4T1"	[2, 2]
"4.4.35000681625.1"	[2042056, 23209, -5809, -1, 1]	35000681625	432.532878576	"4T1"	[2, 2, 4]
"4.4.35000681625.2"	[8260996, 4, -5809, -1, 1]	35000681625	432.532878576	"4T1"	[2, 2, 4]
"4.4.35025209344.1"	[1065186, 0, -4012, 0, 1]	35025209344	432.608636087	"4T1"	[2, 4]
"4.4.35025209344.2"	[2958850, 0, -4012, 0, 1]	35025209344	432.608636087	"4T1"	[2, 4]
"4.4.35037299849.2"	[5196172, -14614, -7313, -1, 1]	35037299849	432.645964771	"4T1"	[2, 4]
"4.4.35094030941.1"	[2437381, -11501, -3855, -1, 1]	35094030941	432.820989596	"4T1"	[]
"4.4.35220703232.1"	[34395218, 0, -16588, 0, 1]	35220703232	433.211030078	"4T1"	[2, 2]
"4.4.35233182416.1"	[219869, 0, -1301, 0, 1]	35233182416	433.249398151	"4T1"	[]
"4.4.35245329217.1"	[6586427, 10991, -5502, -1, 1]	35245329217	433.286734503	"4T1"	[2]
"4.4.35309009213.1"	[769501, -19355, -6459, -1, 1]	35309009213	433.482313771	"4T1"	[]
"4.4.35319837041.1"	[-118744, 23172, -1230, -1, 1]	35319837041	433.515542771	"4T1"	[12]
"4.4.35319837041.2"	[-40000, -16200, -1230, -1, 1]	35319837041	433.515542771	"4T1"	[12]
"4.4.35367957341.1"	[202831, -19679, -2247, -1, 1]	35367957341	433.663124486	"4T1"	[]
"4.4.35414710525.1"	[5326515, 18075, -6031, -1, 1]	35414710525	433.80636918	"4T1"	[2, 2]
"4.4.35416810304.1"	[160916, 0, -1642, 0, 1]	35416810304	433.812799257	"4T1"	[]
"4.4.35419926457.2"	[917268, -19103, -4789, -1, 1]	35419926457	433.822341212	"4T1"	[2, 2]
"4.4.35454164288.1"	[788852, 0, -6466, 0, 1]	35454164288	433.927139248	"4T1"	[2]
"4.4.35500865600.2"	[1798400, 0, -2810, 0, 1]	35500865600	434.06996425	"4T1"	[2, 2, 2]
"4.4.35531090261.1"	[2618665, 26254, -8754, -1, 1]	35531090261	434.162324188	"4T1"	[2]
"4.4.35531987633.1"	[614573, -18509, -3116, -1, 1]	35531987633	434.165065459	"4T1"	[3, 6]
"4.4.35565968153.1"	[2749904, 17748, -4449, -1, 1]	35565968153	434.268830177	"4T1"	[2]
"4.4.35629549568.2"	[34794482, 0, -16684, 0, 1]	35629549568	434.462786205	"4T1"	[2, 2]
"4.4.35640190976.1"	[205946, 0, -4628, 0, 1]	35640190976	434.49522261	"4T1"	[2, 2]
"4.4.35640190976.2"	[5148650, 0, -4628, 0, 1]	35640190976	434.49522261	"4T1"	[2, 2]
"4.4.35669292413.1"	[29731, 25139, -3611, -1, 1]	35669292413	434.583890524	"4T1"	[]
"4.4.35834857472.5"	[34994978, 0, -16732, 0, 1]	35834857472	435.087313772	"4T1"	[2, 2]
"4.4.35840202349.1"	[383555, -10981, -1689, -1, 1]	35840202349	435.10353651	"4T1"	[2, 4]
"4.4.35840202349.2"	[534923, 1633, -1689, -1, 1]	35840202349	435.10353651	"4T1"	[2, 4]
"4.4.35842305113.1"	[30993976, 1, -11481, -1, 1]	35842305113	435.10991831	"4T1"	[2, 2]
"4.4.35891416037.1"	[782327, -19514, -6512, -1, 1]	35891416037	435.258888076	"4T1"	[]
"4.4.35903424512.4"	[35061938, 0, -16748, 0, 1]	35903424512	435.295290511	"4T1"	[2]
"4.4.35937732608.2"	[35095442, 0, -16756, 0, 1]	35937732608	435.399241627	"4T1"	[2]
"4.4.35976742225.1"	[76944, 19828, -1552, -1, 1]	35976742225	435.517347633	"4T1"	[18]
"4.4.35990986541.1"	[723941, 20259, -2925, -1, 1]	35990986541	435.560449964	"4T1"	[]
"4.4.36028234000.1"	[2052160, 0, -2915, 0, 1]	36028234000	435.673097804	"4T1"	[2, 2, 4]
"4.4.36094412800.1"	[40050, 0, -1780, 0, 1]	36094412800	435.873027696	"4T1"	[2, 4]
"4.4.36094412800.2"	[752050, 0, -1780, 0, 1]	36094412800	435.873027696	"4T1"	[2, 4]
"4.4.36109518848.2"	[35263202, 0, -16796, 0, 1]	36109518848	435.918625375	"4T1"	[2, 2, 10]
"4.4.36117063781.1"	[4720311, -4544, -4564, -1, 1]	36117063781	435.941394435	"4T1"	[]
"4.4.36188306425.3"	[6763014, 11137, -5575, -1, 1]	36188306425	436.156214434	"4T1"	[2, 2]
"4.4.36241102829.1"	[2671213, 26515, -8841, -1, 1]	36241102829	436.315208418	"4T1"	[2, 2]
"4.4.36268203257.3"	[31362332, 1, -11549, -1, 1]	36268203257	436.396752671	"4T1"	[2, 2, 2]
"4.4.36363385297.1"	[-119488, -22984, -1242, -1, 1]	36363385297	436.682790531	"4T1"	[]
"4.4.36385024000.2"	[1421290, 0, -7540, 0, 1]	36385024000	436.747740076	"4T1"	[2, 2, 4]
"4.4.36385024000.3"	[12791610, 0, -7540, 0, 1]	36385024000	436.747740076	"4T1"	[2, 2, 4]
"4.4.36462258496.1"	[82900, 0, -1658, 0, 1]	36462258496	436.979326935	"4T1"	[]
"4.4.36571466000.1"	[1068560, 0, -3515, 0, 1]	36571466000	437.30615746	"4T1"	[2, 4]
"4.4.36697741093.2"	[13565009, -13282, -13284, -1, 1]	36697741093	437.683155738	"4T1"	[2, 2]
"4.4.36863757229.3"	[5545017, 18441, -6153, -1, 1]	36863757229	438.177324588	"4T1"	[6, 6]
"4.4.36872901873.1"	[955389, -19491, -4886, -1, 1]	36872901873	438.204496282	"4T1"	[2]
"4.4.36892780289.1"	[13303, -9779, -1248, -1, 1]	36892780289	438.263544054	"4T1"	[]
"4.4.36892911616.1"	[320650, 0, -2332, 0, 1]	36892911616	438.263934074	"4T1"	[4]
"4.4.36892911616.2"	[1038906, 0, -2332, 0, 1]	36892911616	438.263934074	"4T1"	[4]
"4.4.36969279329.1"	[4641803, -10185, -5106, -1, 1]	36969279329	438.490557997	"4T1"	[2]
"4.4.36993047657.1"	[246172, -20452, -2603, -1, 1]	36993047657	438.561019714	"4T1"	[2]
"4.4.37007513581.1"	[1720475, 17885, -3597, -1, 1]	37007513581	438.603887636	"4T1"	[]
"4.4.37027483200.1"	[493200, 0, -4110, 0, 1]	37027483200	438.663044411	"4T1"	[2, 2]
"4.4.37070521877.1"	[808297, -19832, -6618, -1, 1]	37070521877	438.790458239	"4T1"	[]
"4.4.37198712525.2"	[2742089, 26863, -8957, -1, 1]	37198712525	439.169303991	"4T1"	[2, 2, 2, 2]
"4.4.37298096921.1"	[1840786, -5743, -2915, -1, 1]	37298096921	439.462344474	"4T1"	[2]
"4.4.37435750649.1"	[5552380, -15106, -7559, -1, 1]	37435750649	439.86725848	"4T1"	[34]
"4.4.37440047104.1"	[1138626, 0, -4148, 0, 1]	37440047104	439.879878693	"4T1"	[2, 4]
"4.4.37440047104.2"	[3162850, 0, -4148, 0, 1]	37440047104	439.879878693	"4T1"	[2, 52]
"4.4.37449181184.1"	[667850, 0, -2812, 0, 1]	37449181184	439.906705118	"4T1"	[4]
"4.4.37449181184.2"	[1308986, 0, -2812, 0, 1]	37449181184	439.906705118	"4T1"	[4]
"4.4.37467152125.1"	[290021, 26249, -5259, -1, 1]	37467152125	439.959470725	"4T1"	[2, 4]
"4.4.37467152125.2"	[2893401, -15741, -5259, -1, 1]	37467152125	439.959470725	"4T1"	[2, 4]
"4.4.37573430141.1"	[1161475, -16285, -3287, -1, 1]	37573430141	440.271132822	"4T1"	[2, 4]
"4.4.37573430141.2"	[2308907, 9793, -3287, -1, 1]	37573430141	440.271132822	"4T1"	[2, 4]
"4.4.37586410781.1"	[5725849, 4829, -4835, -1, 1]	37586410781	440.309153445	"4T1"	[]
"4.4.37599175669.1"	[5655915, 18624, -6214, -1, 1]	37599175669	440.346532522	"4T1"	[2]
"4.4.37778655977.2"	[32668714, 1, -11787, -1, 1]	37778655977	440.871094876	"4T1"	[2, 2]
"4.4.37872708101.1"	[2631677, -11948, -4004, -1, 1]	37872708101	441.145232527	"4T1"	[]
"4.4.37885134848.5"	[36997202, 0, -17204, 0, 1]	37885134848	441.181415085	"4T1"	[2, 2, 2]
"4.4.37944251456.1"	[4790336, 0, -5162, 0, 1]	37944251456	441.353421211	"4T1"	[2, 2]
"4.4.37966934881.1"	[30656, 6932, -1260, -1, 1]	37966934881	441.41936772	"4T1"	[]
"4.4.37990909952.5"	[37100498, 0, -17228, 0, 1]	37990909952	441.48903726	"4T1"	[2, 4]
"4.4.38111606473.1"	[7123196, 11429, -5721, -1, 1]	38111606473	441.839271203	"4T1"	[2]
"4.4.38112512000.1"	[530, 0, -1060, 0, 1]	38112512000	441.841895691	"4T1"	[2, 4]
"4.4.38112512000.2"	[89570, 0, -1060, 0, 1]	38112512000	441.841895691	"4T1"	[2, 4]
"4.4.38112512000.3"	[191330, 0, -1060, 0, 1]	38112512000	441.841895691	"4T1"	[2, 4]
"4.4.38112512000.4"	[280370, 0, -1060, 0, 1]	38112512000	441.841895691	"4T1"	[2, 68]
"4.4.38221738477.1"	[14128481, -13555, -13557, -1, 1]	38221738477	442.158124215	"4T1"	[2]
"4.4.38272062041.1"	[4805830, -10363, -5195, -1, 1]	38272062041	442.30359114	"4T1"	[2, 2]
"4.4.38310484753.1"	[2268473, 14101, -3546, -1, 1]	38310484753	442.414560528	"4T1"	[2]
"4.4.38355082825.3"	[994286, -19879, -4983, -1, 1]	38355082825	442.543260471	"4T1"	[2, 2]
"4.4.38415484928.2"	[37515122, 0, -17324, 0, 1]	38415484928	442.71738845	"4T1"	[2]
"4.4.38427442573.1"	[15769079, 8059, -8061, -1, 1]	38427442573	442.751835754	"4T1"	[2]
"4.4.38441983333.1"	[14209913, -13594, -13596, -1, 1]	38441983333	442.793713605	"4T1"	[10]
"4.4.38515538893.2"	[14237109, -13607, -13609, -1, 1]	38515538893	443.005374092	"4T1"	[2, 2]
"4.4.38540325293.1"	[2997739, 3509, -3521, -1, 1]	38540325293	443.076630135	"4T1"	[]
"4.4.38673296125.1"	[468011, 24049, -3459, -1, 1]	38673296125	443.458309545	"4T1"	[2, 4]
"4.4.38673296125.2"	[2775491, -3421, -3459, -1, 1]	38673296125	443.458309545	"4T1"	[2, 4]
"4.4.38842123625.1"	[56786, -22551, -2859, -1, 1]	38842123625	443.941496352	"4T1"	[2, 2, 2]
"4.4.38842123625.2"	[1614116, 11304, -2859, -1, 1]	38842123625	443.941496352	"4T1"	[2, 2, 2]
"4.4.38845681552.2"	[7289488, 0, -5767, 0, 1]	38845681552	443.95166223	"4T1"	[2, 2]
"4.4.38874911117.1"	[848047, -20309, -6777, -1, 1]	38874911117	444.03515191	"4T1"	[2]
"4.4.38876416697.1"	[33618164, 1, -11957, -1, 1]	38876416697	444.039451088	"4T1"	[2, 2]
"4.4.39038633984.1"	[178850, 0, -2044, 0, 1]	39038633984	444.501932235	"4T1"	[2, 4]
"4.4.39038633984.2"	[865634, 0, -2044, 0, 1]	39038633984	444.501932235	"4T1"	[2, 4]
"4.4.39091802725.1"	[5881005, 18990, -6336, -1, 1]	39091802725	444.653202559	"4T1"	[2, 2]
"4.4.39091929313.2"	[7306791, 11575, -5794, -1, 1]	39091929313	444.65356253	"4T1"	[2, 2]
"4.4.39137536000.2"	[1528810, 0, -7820, 0, 1]	39137536000	444.783194849	"4T1"	[2, 4]
"4.4.39137536000.3"	[13759290, 0, -7820, 0, 1]	39137536000	444.783194849	"4T1"	[2, 4]
"4.4.39188872400.2"	[288125, 0, -2305, 0, 1]	39188872400	444.92897782	"4T1"	[2, 2]
"4.4.39263953424.1"	[4956944, 0, -5251, 0, 1]	39263953424	445.141932082	"4T1"	[2]
"4.4.39298522117.1"	[1513739, 14906, -3012, -1, 1]	39298522117	445.239877498	"4T1"	[]
"4.4.39319036489.1"	[115182, 25561, -3223, -1, 1]	39319036489	445.29797147	"4T1"	[2, 2]
"4.4.39398990549.2"	[2904953, 27646, -9218, -1, 1]	39398990549	445.524174009	"4T1"	[2]
"4.4.39473165869.1"	[623427, -16919, -2473, -1, 1]	39473165869	445.73371994	"4T1"	[]
"4.4.39597403761.1"	[4972705, -10541, -5284, -1, 1]	39597403761	446.084032463	"4T1"	[2]
"4.4.39631259648.1"	[38702402, 0, -17596, 0, 1]	39631259648	446.179352669	"4T1"	[34]
"4.4.39721630528.1"	[276372, 0, -1706, 0, 1]	39721630528	446.433490359	"4T1"	[]
"4.4.39849011341.1"	[5995197, 19173, -6397, -1, 1]	39849011341	446.790970664	"4T1"	[5]
"4.4.39864543232.1"	[4842, 0, -1076, 0, 1]	39864543232	446.834500568	"4T1"	[2]
"4.4.39864543232.2"	[284602, 0, -1076, 0, 1]	39864543232	446.834500568	"4T1"	[2]
"4.4.39866469313.1"	[1033959, -20267, -5080, -1, 1]	39866469313	446.839897744	"4T1"	[2]
"4.4.40186374800.1"	[34763300, 0, -12155, 0, 1]	40186374800	447.733621161	"4T1"	[2, 2, 2, 10]
"4.4.40283058752.1"	[13712, 0, -1714, 0, 1]	40283058752	448.002677871	"4T1"	[2, 2]
"4.4.40459583737.1"	[3956, 12230, -1287, -1, 1]	40459583737	448.492673182	"4T1"	[]
"4.4.40459985216.5"	[3006836, 0, -9338, 0, 1]	40459985216	448.493785772	"4T1"	[2, 2, 2]
"4.4.40607590400.5"	[234650, 0, -4940, 0, 1]	40607590400	448.902273526	"4T1"	[2, 2, 4]
"4.4.40607590400.6"	[5866250, 0, -4940, 0, 1]	40607590400	448.902273526	"4T1"	[2, 2, 4]
"4.4.40610220032.2"	[39658418, 0, -17812, 0, 1]	40610220032	448.909540758	"4T1"	[2, 2]
"4.4.40754897053.1"	[15065079, -13997, -13999, -1, 1]	40754897053	449.308826382	"4T1"	[2]
"4.4.40778690993.2"	[35263441, 1, -12246, -1, 1]	40778690993	449.374392045	"4T1"	[2, 2]
"4.4.40792410112.1"	[23698, 0, -2788, 0, 1]	40792410112	449.41218288	"4T1"	[2, 2, 4]
"4.4.40792410112.2"	[1919538, 0, -2788, 0, 1]	40792410112	449.41218288	"4T1"	[2, 2, 4]
"4.4.40800949901.1"	[6216911, 5031, -5037, -1, 1]	40800949901	449.435701863	"4T1"	[]
"4.4.40805736256.2"	[6168564, 0, -6466, 0, 1]	40805736256	449.448882096	"4T1"	[10]
"4.4.40849985749.1"	[1901475, 18790, -3778, -1, 1]	40849985749	449.57067749	"4T1"	[]
"4.4.40850715589.1"	[1637523, 8136, -2748, -1, 1]	40850715589	449.572685523	"4T1"	[]
"4.4.40937805253.1"	[16799899, 8318, -8320, -1, 1]	40937805253	449.812105268	"4T1"	[2]
"4.4.40945304489.1"	[5142428, -10719, -5373, -1, 1]	40945304489	449.832703682	"4T1"	[10]
"4.4.41027927849.1"	[-57892, 19185, -1293, -1, 1]	41027927849	450.05946105	"4T1"	[]
"4.4.41055694837.1"	[902639, -20204, -4062, -1, 1]	41055694837	450.135589836	"4T1"	[]
"4.4.41184369125.1"	[462241, 20764, -2364, -1, 1]	41184369125	450.487873036	"4T1"	[4]
"4.4.41184369125.2"	[1254731, 2334, -2364, -1, 1]	41184369125	450.487873036	"4T1"	[4]
"4.4.41210361517.2"	[15233481, -14075, -14077, -1, 1]	41210361517	450.558934505	"4T1"	[2, 2]
"4.4.41314084993.1"	[-39769, 17501, -1296, -1, 1]	41314084993	450.84217331	"4T1"	[]
"4.4.41347460333.2"	[902531, -20945, -6989, -1, 1]	41347460333	450.933198287	"4T1"	[2, 2]
"4.4.41407061337.1"	[1074408, -20655, -5177, -1, 1]	41407061337	451.095611864	"4T1"	[2]
"4.4.41412513872.1"	[1373, 0, -1373, 0, 1]	41412513872	451.110461343	"4T1"	[87]
"4.4.41421736000.1"	[678160, 0, -1730, 0, 1]	41421736000	451.135573626	"4T1"	[2, 2, 4]
"4.4.41494024189.1"	[5425323, -4871, -4891, -1, 1]	41494024189	451.332272606	"4T1"	[]
"4.4.41502572096.2"	[6172304, 0, -7954, 0, 1]	41502572096	451.355514798	"4T1"	[2, 2, 2]
"4.4.41803290709.1"	[7803, -23630, -3406, -1, 1]	41803290709	452.170908547	"4T1"	[3]
"4.4.41852004928.1"	[7853632, 0, -5986, 0, 1]	41852004928	452.302581993	"4T1"	[2, 2, 4]
"4.4.41878847101.1"	[135125, 21649, -1779, -1, 1]	41878847101	452.375086676	"4T1"	[4]
"4.4.41878847101.2"	[560277, -4923, -1779, -1, 1]	41878847101	452.375086676	"4T1"	[4]
"4.4.41917886469.1"	[3091423, 28516, -9508, -1, 1]	41917886469	452.480475604	"4T1"	[2, 2]
"4.4.41979422593.1"	[912384, -17352, -2934, -1, 1]	41979422593	452.646446397	"4T1"	[2]
"4.4.42008784272.1"	[73892, 0, -2639, 0, 1]	42008784272	452.725574303	"4T1"	[2, 2, 4]
"4.4.42008784272.2"	[1182272, 0, -2639, 0, 1]	42008784272	452.725574303	"4T1"	[2, 2, 4]
"4.4.42039122081.1"	[6236096, -16008, -8010, -1, 1]	42039122081	452.80728926	"4T1"	[10]
"4.4.42107589097.1"	[7871592, 12013, -6013, -1, 1]	42107589097	452.991542914	"4T1"	[2]
"4.4.42140629456.1"	[399109, 0, -1381, 0, 1]	42140629456	453.080378451	"4T1"	[]
"4.4.42164217541.1"	[6344361, 19722, -6580, -1, 1]	42164217541	453.143767726	"4T1"	[]
"4.4.42335381504.1"	[244634, 0, -5044, 0, 1]	42335381504	453.602949078	"4T1"	[2, 2]
"4.4.42335381504.2"	[6115850, 0, -5044, 0, 1]	42335381504	453.602949078	"4T1"	[2, 2]
"4.4.42511206400.1"	[1292850, 0, -4420, 0, 1]	42511206400	454.073186834	"4T1"	[2, 2, 4]
"4.4.42511206400.2"	[3591250, 0, -4420, 0, 1]	42511206400	454.073186834	"4T1"	[2, 2, 4]
"4.4.42514588597.2"	[15715703, -14296, -14298, -1, 1]	42514588597	454.082218095	"4T1"	[2, 2]
"4.4.42566617088.5"	[41568962, 0, -18236, 0, 1]	42566617088	454.221078537	"4T1"	[2, 20]
"4.4.42688729408.2"	[15787252, 0, -14326, 0, 1]	42688729408	454.54648859	"4T1"	[2, 2, 4]
"4.4.42764844473.1"	[-148964, 26446, -1311, -1, 1]	42764844473	454.748970174	"4T1"	[2, 10]
"4.4.42764844473.2"	[25886, 8961, -1311, -1, 1]	42764844473	454.748970174	"4T1"	[2, 2]
"4.4.42771766592.1"	[951668, 0, -7102, 0, 1]	42771766592	454.767371009	"4T1"	[2]
"4.4.42802056000.1"	[370260, 0, -5610, 0, 1]	42802056000	454.847862061	"4T1"	[2, 2, 4]
"4.4.42802056000.2"	[3332340, 0, -5610, 0, 1]	42802056000	454.847862061	"4T1"	[2, 2, 4]
"4.4.42879009808.1"	[8046352, 0, -6059, 0, 1]	42879009808	455.052167088	"4T1"	[2]
"4.4.42976858897.1"	[1115633, -21043, -5274, -1, 1]	42976858897	455.311550337	"4T1"	[2]
"4.4.42998425781.1"	[870277, 22142, -3194, -1, 1]	42998425781	455.368661328	"4T1"	[]
"4.4.43059012625.1"	[-123784, -24316, -1314, -1, 1]	43059012625	455.528985709	"4T1"	[2, 2]
"4.4.43077762000.1"	[107694405, 0, -23205, 0, 1]	43077762000	455.578565861	"4T1"	[2, 2, 2, 2]
"4.4.43152759637.1"	[17709433, 8540, -8542, -1, 1]	43152759637	455.776725132	"4T1"	[2]
"4.4.43169672512.1"	[31572, 0, -1754, 0, 1]	43169672512	455.82137675	"4T1"	[]
"4.4.43184464313.1"	[3342928, 19556, -4901, -1, 1]	43184464313	455.860417774	"4T1"	[2]
"4.4.43256159677.1"	[825827, 16423, -2403, -1, 1]	43256159677	456.049506321	"4T1"	[4]
"4.4.43256159677.2"	[1275443, -2311, -2403, -1, 1]	43256159677	456.049506321	"4T1"	[4]
"4.4.43340901929.2"	[6429452, -16254, -8133, -1, 1]	43340901929	456.272701716	"4T1"	[2, 2, 2]
"4.4.43358413376.2"	[5473856, 0, -5518, 0, 1]	43358413376	456.318782812	"4T1"	[2]
"4.4.43428845125.1"	[528691, 25484, -3664, -1, 1]	43428845125	456.503981994	"4T1"	[2, 4]
"4.4.43428845125.2"	[3119481, -3626, -3664, -1, 1]	43428845125	456.503981994	"4T1"	[2, 4]
"4.4.43528054784.1"	[13850, 0, -1108, 0, 1]	43528054784	456.76447049	"4T1"	[2]
"4.4.43528054784.2"	[293066, 0, -1108, 0, 1]	43528054784	456.76447049	"4T1"	[2]
"4.4.43708782969.2"	[5490418, -11075, -5551, -1, 1]	43708782969	457.237854806	"4T1"	[2]
"4.4.43744005301.1"	[6582627, 20088, -6702, -1, 1]	43744005301	457.329942242	"4T1"	[]
"4.4.43763061824.2"	[225536, 0, -1762, 0, 1]	43763061824	457.37974161	"4T1"	[4, 4]
"4.4.43949604889.1"	[-22842, 16101, -1323, -1, 1]	43949604889	457.866367607	"4T1"	[]
"4.4.43989195461.1"	[3244775, 29212, -9740, -1, 1]	43989195461	457.969446299	"4T1"	[2]
"4.4.44010894737.1"	[38058989, 1, -12722, -1, 1]	44010894737	458.02591339	"4T1"	[2, 2]
"4.4.44111628288.5"	[43077762, 0, -18564, 0, 1]	44111628288	458.287774848	"4T1"	[2, 2, 2, 2]
"4.4.44180271673.1"	[8259806, 12305, -6159, -1, 1]	44180271673	458.465959629	"4T1"	[2]
"4.4.44252290368.5"	[16365492, 0, -14586, 0, 1]	44252290368	458.652682992	"4T1"	[2, 2, 2, 2]
"4.4.44306404957.1"	[975487, -20989, -4219, -1, 1]	44306404957	458.792836347	"4T1"	[]
"4.4.44492638208.8"	[43449842, 0, -18644, 0, 1]	44492638208	459.274189624	"4T1"	[2]
"4.4.44544794269.1"	[6703407, 20271, -6763, -1, 1]	44544794269	459.40872542	"4T1"	[]
"4.4.44575861993.1"	[1157634, -21431, -5371, -1, 1]	44575861993	459.488808022	"4T1"	[2, 2]
"4.4.44645500928.5"	[43599122, 0, -18676, 0, 1]	44645500928	459.668162838	"4T1"	[2, 2, 2]
"4.4.44689905728.4"	[38659088, 0, -12818, 0, 1]	44689905728	459.782417712	"4T1"	[2, 2, 4, 4]
"4.4.45043129597.1"	[18485693, 8725, -8727, -1, 1]	45043129597	460.688254077	"4T1"	[2, 10]
"4.4.45124360721.1"	[5668685, -11253, -5640, -1, 1]	45124360721	460.895815939	"4T1"	[2]
"4.4.45167527936.1"	[1373634, 0, -4556, 0, 1]	45167527936	461.00600285	"4T1"	[2, 4]
"4.4.45167527936.2"	[3815650, 0, -4556, 0, 1]	45167527936	461.00600285	"4T1"	[2, 20]
"4.4.45199206077.1"	[987437, -21899, -7307, -1, 1]	45199206077	461.086812972	"4T1"	[2, 4]
"4.4.45235285777.1"	[8457417, 12451, -6232, -1, 1]	45235285777	461.178799634	"4T1"	[2]
"4.4.45441107968.1"	[68002, 0, -1124, 0, 1]	45441107968	461.702501972	"4T1"	[4]
"4.4.45441107968.2"	[247842, 0, -1124, 0, 1]	45441107968	461.702501972	"4T1"	[4]
"4.4.45568182272.2"	[44500178, 0, -18868, 0, 1]	45568182272	462.024947334	"4T1"	[2, 2]
"4.4.45663504757.1"	[16879983, -14816, -14818, -1, 1]	45663504757	462.266381476	"4T1"	[2]
"4.4.45715176000.1"	[2705040, 0, -6630, 0, 1]	45715176000	462.397097185	"4T1"	[2, 2, 4]
"4.4.45715176000.2"	[10820160, 0, -6630, 0, 1]	45715176000	462.397097185	"4T1"	[2, 2, 4]
"4.4.45748168704.1"	[1599066, 0, -3108, 0, 1]	45748168704	462.480502767	"4T1"	[2, 4]
"4.4.45793134617.2"	[39600464, 1, -12977, -1, 1]	45793134617	462.594104021	"4T1"	[2]
"4.4.45870030821.1"	[6991379, 5334, -5340, -1, 1]	45870030821	462.788179799	"4T1"	[]
"4.4.46004009369.1"	[6825020, -16746, -8379, -1, 1]	46004009369	463.125741653	"4T1"	[10]
"4.4.46034715712.2"	[8638528, 0, -6278, 0, 1]	46034715712	463.203003069	"4T1"	[2]
"4.4.46168162381.2"	[6948261, 20637, -6885, -1, 1]	46168162381	463.538325097	"4T1"	[2, 2]
"4.4.46344292352.2"	[45258098, 0, -19028, 0, 1]	46344292352	463.979789774	"4T1"	[2]
"4.4.46384368857.1"	[-101404, -23130, -1347, -1, 1]	46384368857	464.080064589	"4T1"	[]
"4.4.46509296693.1"	[-30377, 28366, -3186, -1, 1]	46509296693	464.392228232	"4T1"	[]
"4.4.46521233837.2"	[1016587, -22217, -7413, -1, 1]	46521233837	464.422023261	"4T1"	[2, 4]
"4.4.46562497481.2"	[5849800, -11431, -5729, -1, 1]	46562497481	464.524972885	"4T1"	[2, 2]
"4.4.46606683200.1"	[40317200, 0, -13090, 0, 1]	46606683200	464.635137024	"4T1"	[2, 2, 2, 10]
"4.4.46616075125.1"	[-62559, 28174, -2614, -1, 1]	46616075125	464.658542941	"4T1"	[2, 4]
"4.4.46616075125.2"	[1124701, -12766, -2614, -1, 1]	46616075125	464.658542941	"4T1"	[2, 4]
"4.4.46689225424.1"	[321525, 0, -1429, 0, 1]	46689225424	464.8407222	"4T1"	[5]
"4.4.46694890801.1"	[-125824, 25432, -1350, -1, 1]	46694890801	464.854822767	"4T1"	[20]
"4.4.46694890801.2"	[50625, 225, -1350, -1, 1]	46694890801	464.854822767	"4T1"	[20]
"4.4.46728857600.1"	[121250, 0, -1940, 0, 1]	46728857600	464.939335894	"4T1"	[2, 4]
"4.4.46728857600.2"	[819650, 0, -1940, 0, 1]	46728857600	464.939335894	"4T1"	[2, 4]
"4.4.46730667125.1"	[-35549, -25436, -2874, -1, 1]	46730667125	464.943836899	"4T1"	[4]
"4.4.46730667125.2"	[1005431, 19824, -2874, -1, 1]	46730667125	464.943836899	"4T1"	[4]
"4.4.46811692864.1"	[609076, 0, -1802, 0, 1]	46811692864	465.145246113	"4T1"	[2, 2, 8]
"4.4.46811692864.2"	[810900, 0, -1802, 0, 1]	46811692864	465.145246113	"4T1"	[4, 4, 4]
"4.4.46843865789.1"	[3259265, -13289, -4451, -1, 1]	46843865789	465.225147238	"4T1"	[2, 2]
"4.4.46918802141.1"	[3461695, 30169, -10059, -1, 1]	46918802141	465.411091442	"4T1"	[2]
"4.4.46949937997.1"	[1814007, 16291, -3289, -1, 1]	46949937997	465.488285271	"4T1"	[]
"4.4.47068182977.1"	[821011, -21305, -3582, -1, 1]	47068182977	465.781095802	"4T1"	[2]
"4.4.47114496000.5"	[1840410, 0, -8580, 0, 1]	47114496000	465.89563058	"4T1"	[2, 2, 2, 4]
"4.4.47114496000.6"	[16563690, 0, -8580, 0, 1]	47114496000	465.89563058	"4T1"	[2, 2, 2, 4]
"4.4.47243952949.1"	[6179385, -5198, -5218, -1, 1]	47243952949	466.21533781	"4T1"	[]
"4.4.47270748617.1"	[3661136, 20460, -5127, -1, 1]	47270748617	466.28143037	"4T1"	[2]
"4.4.47278088000.2"	[118195220, 0, -24310, 0, 1]	47278088000	466.299528342	"4T1"	[2, 2, 2]
"4.4.47320086113.1"	[-39349, -17859, -1356, -1, 1]	47320086113	466.403049766	"4T1"	[]
"4.4.47323645952.2"	[46214498, 0, -19228, 0, 1]	47323645952	466.411821268	"4T1"	[2, 10]
"4.4.47382659617.1"	[8859647, 12743, -6378, -1, 1]	47382659617	466.557159863	"4T1"	[2]
"4.4.47437928000.1"	[57920, 0, -1810, 0, 1]	47437928000	466.693151535	"4T1"	[2, 8]
"4.4.47437928000.2"	[709520, 0, -1810, 0, 1]	47437928000	466.693151535	"4T1"	[2, 8]
"4.4.47560214528.4"	[46445522, 0, -19276, 0, 1]	47560214528	466.993624182	"4T1"	[10]
"4.4.47681631737.1"	[2833424, 16, -3437, -1, 1]	47681631737	467.291388087	"4T1"	[6]
"4.4.47694382625.1"	[75391, -24991, -3164, -1, 1]	47694382625	467.322625392	"4T1"	[2, 2, 4]
"4.4.47694382625.2"	[1988656, 12524, -3164, -1, 1]	47694382625	467.322625392	"4T1"	[2, 2, 4]
"4.4.47714772893.1"	[3716789, 3903, -3915, -1, 1]	47714772893	467.372564744	"4T1"	[]
"4.4.47781013025.1"	[-113440, 28000, -1706, -1, 1]	47781013025	467.5346881	"4T1"	[2, 20]
"4.4.47781013025.2"	[85120, -21640, -1706, -1, 1]	47781013025	467.5346881	"4T1"	[2, 4]
"4.4.47861484793.1"	[1243964, -22207, -5565, -1, 1]	47861484793	467.731416896	"4T1"	[2]
"4.4.47904344064.1"	[1456866, 0, -4692, 0, 1]	47904344064	467.83609344	"4T1"	[2, 2, 4]
"4.4.47904344064.2"	[4046850, 0, -4692, 0, 1]	47904344064	467.83609344	"4T1"	[2, 2, 4]
"4.4.47929262800.1"	[998325, 0, -2465, 0, 1]	47929262800	467.896920965	"4T1"	[2, 20]
"4.4.47929262800.2"	[1491325, 0, -2465, 0, 1]	47929262800	467.896920965	"4T1"	[2, 4]
"4.4.48000673792.1"	[501642, 0, -3596, 0, 1]	48000673792	468.071106467	"4T1"	[4]
"4.4.48000673792.2"	[2731162, 0, -3596, 0, 1]	48000673792	468.071106467	"4T1"	[4]
"4.4.48007527101.1"	[3542315, 30517, -10175, -1, 1]	48007527101	468.087812817	"4T1"	[5, 10]
"4.4.48031293248.2"	[1068692, 0, -7526, 0, 1]	48031293248	468.145733834	"4T1"	[2]
"4.4.48453642029.1"	[1504025, -18495, -3729, -1, 1]	48453642029	469.171482447	"4T1"	[2, 4]
"4.4.48453642029.2"	[2984725, 11119, -3729, -1, 1]	48453642029	469.171482447	"4T1"	[2, 4]
"4.4.48475019353.1"	[9064266, 12889, -6451, -1, 1]	48475019353	469.223222478	"4T1"	[2]
"4.4.48547911973.1"	[19924919, 9058, -9060, -1, 1]	48547911973	469.399517613	"4T1"	[2]
"4.4.48556572269.1"	[3582973, 30691, -10233, -1, 1]	48556572269	469.420449856	"4T1"	[2]
"4.4.48587168449.1"	[-126817, -25315, -1368, -1, 1]	48587168449	469.494379498	"4T1"	[4]
"4.4.48587168449.2"	[48335, 3877, -1368, -1, 1]	48587168449	469.494379498	"4T1"	[4]
"4.4.48657689989.1"	[7323777, 21186, -7068, -1, 1]	48657689989	469.664648017	"4T1"	[5]
"4.4.48711031225.1"	[380784, 12568, -1717, -1, 1]	48711031225	469.79331319	"4T1"	[2, 2]
"4.4.48718295513.2"	[42130472, 1, -13385, -1, 1]	48718295513	469.810827308	"4T1"	[2, 4]
"4.4.48888064000.1"	[1909690, 0, -8740, 0, 1]	48888064000	470.219580621	"4T1"	[2, 4]
"4.4.48888064000.2"	[17187210, 0, -8740, 0, 1]	48888064000	470.219580621	"4T1"	[2, 4]
"4.4.48992012288.2"	[47843762, 0, -19564, 0, 1]	48992012288	470.469332767	"4T1"	[2, 2]
"4.4.49081386832.1"	[524533, 0, -1453, 0, 1]	49081386832	470.683751637	"4T1"	[]
"4.4.49112287232.2"	[47961218, 0, -19588, 0, 1]	49112287232	470.7578168	"4T1"	[2]
"4.4.49123711552.1"	[1305232, 0, -5626, 0, 1]	49123711552	470.785190901	"4T1"	[2, 2]
"4.4.49502059309.1"	[7451145, 21369, -7129, -1, 1]	49502059309	471.689073986	"4T1"	[5]
"4.4.49506448025.2"	[6220574, -11787, -5907, -1, 1]	49506448025	471.699528301	"4T1"	[2, 2, 10]
"4.4.49548104497.1"	[1288293, -22595, -5662, -1, 1]	49548104497	471.798723163	"4T1"	[2]
"4.4.49552182217.1"	[-21708, -16299, -1377, -1, 1]	49552182217	471.80842991	"4T1"	[]
"4.4.49606502400.1"	[286650, 0, -5460, 0, 1]	49606502400	471.937678464	"4T1"	[2, 2, 2, 4]
"4.4.49606502400.2"	[7166250, 0, -5460, 0, 1]	49606502400	471.937678464	"4T1"	[2, 4, 4, 4]
"4.4.49778747200.2"	[18409300, 0, -15470, 0, 1]	49778747200	472.346814243	"4T1"	[2, 2, 2, 2]
"4.4.49871207437.1"	[1750167, -8649, -2937, -1, 1]	49871207437	472.565998704	"4T1"	[]
"4.4.50152801625.1"	[325316, -24686, -4139, -1, 1]	50152801625	473.231668347	"4T1"	[2, 2]
"4.4.50152801625.2"	[1412006, 24709, -4139, -1, 1]	50152801625	473.231668347	"4T1"	[2, 2]
"4.4.50529889873.1"	[-79731, -21951, -1386, -1, 1]	50529889873	474.118703279	"4T1"	[5]
"4.4.50567735104.1"	[7644276, 0, -7198, 0, 1]	50567735104	474.207453198	"4T1"	[2]
"4.4.50633693456.2"	[6392336, 0, -5963, 0, 1]	50633693456	474.362011508	"4T1"	[2, 4]
"4.4.50721654784.2"	[1542546, 0, -4828, 0, 1]	50721654784	474.567893969	"4T1"	[2, 4]
"4.4.50721654784.3"	[4284850, 0, -4828, 0, 1]	50721654784	474.567893969	"4T1"	[2, 4]
"4.4.50766626053.1"	[18766829, -15622, -15624, -1, 1]	50766626053	474.673050378	"4T1"	[2, 10]
"4.4.50775394112.1"	[1129748, 0, -7738, 0, 1]	50775394112	474.693544609	"4T1"	[2]
"4.4.50832235408.1"	[1350628, 0, -5723, 0, 1]	50832235408	474.826339622	"4T1"	[2]
"4.4.50843362869.1"	[148957, 17476, -1558, -1, 1]	50843362869	474.852323025	"4T1"	[4]
"4.4.50955225088.1"	[29602, 0, -3116, 0, 1]	50955225088	475.113292514	"4T1"	[2, 4]
"4.4.50955225088.2"	[2397762, 0, -3116, 0, 1]	50955225088	475.113292514	"4T1"	[2, 4]
"4.4.50957373877.1"	[20914373, 9280, -9282, -1, 1]	50957373877	475.118301333	"4T1"	[10]
"4.4.51012261809.1"	[6410233, -11965, -5996, -1, 1]	51012261809	475.246191234	"4T1"	[2]
"4.4.51020405917.2"	[18860663, -15661, -15663, -1, 1]	51020405917	475.265158363	"4T1"	[2, 2]
"4.4.51235838429.1"	[7811297, 5637, -5643, -1, 1]	51235838429	475.766065009	"4T1"	[]
"4.4.51263929737.2"	[1333398, -22983, -5759, -1, 1]	51263929737	475.831264216	"4T1"	[2, 2]
"4.4.51284443429.1"	[6709343, -5416, -5436, -1, 1]	51284443429	475.878859044	"4T1"	[]
"4.4.51302451200.5"	[50100050, 0, -20020, 0, 1]	51302451200	475.920627993	"4T1"	[2, 2, 2]
"4.4.51312965696.1"	[371600, 0, -1858, 0, 1]	51312965696	475.945011239	"4T1"	[2]
"4.4.51352095857.2"	[44408489, 1, -13742, -1, 1]	51352095857	476.035721653	"4T1"	[2, 4, 4]
"4.4.51364623997.1"	[21081613, 9317, -9319, -1, 1]	51364623997	476.064753071	"4T1"	[2, 2]
"4.4.51514894336.1"	[131850, 0, -1172, 0, 1]	51514894336	476.412560843	"4T1"	[2]
"4.4.51514894336.2"	[211546, 0, -1172, 0, 1]	51514894336	476.412560843	"4T1"	[2]
"4.4.51528116224.1"	[447850, 0, -2756, 0, 1]	51528116224	476.443127087	"4T1"	[2, 2]
"4.4.51528116224.2"	[1451034, 0, -2756, 0, 1]	51528116224	476.443127087	"4T1"	[2, 2]
"4.4.51546683257.1"	[1126476, -19230, -3247, -1, 1]	51546683257	476.486040262	"4T1"	[2]
"4.4.51827283749.1"	[311627, -23828, -2708, -1, 1]	51827283749	477.133172814	"4T1"	[]
"4.4.52046451281.1"	[7722592, -17812, -8912, -1, 1]	52046451281	477.636800776	"4T1"	[10]
"4.4.52078747621.1"	[7839837, 21918, -7312, -1, 1]	52078747621	477.710880429	"4T1"	[5]
"4.4.52084775641.1"	[161936, 29417, -3705, -1, 1]	52084775641	477.72470337	"4T1"	[2]
"4.4.52187836553.1"	[-155684, -27794, -1401, -1, 1]	52187836553	477.960848443	"4T1"	[2, 10]
"4.4.52187836553.2"	[-155684, 28261, -1401, -1, 1]	52187836553	477.960848443	"4T1"	[2, 2]
"4.4.52201459541.1"	[3852905, 31822, -10610, -1, 1]	52201459541	477.992036829	"4T1"	[2, 2]
"4.4.52395398857.1"	[1783508, -12448, -3159, -1, 1]	52395398857	478.435379682	"4T1"	[2]
"4.4.52444861625.2"	[3067756, 28409, -7109, -1, 1]	52444861625	478.548253931	"4T1"	[2, 4]
"4.4.52444861625.3"	[12384596, 4, -7109, -1, 1]	52444861625	478.548253931	"4T1"	[2, 4]
"4.4.52498368512.1"	[51267938, 0, -20252, 0, 1]	52498368512	478.670267012	"4T1"	[2]
"4.4.52556372557.1"	[19428581, -15895, -15897, -1, 1]	52556372557	478.802429764	"4T1"	[2]
"4.4.52650044992.1"	[539712, 0, -1874, 0, 1]	52650044992	479.015632472	"4T1"	[2]
"4.4.52668974597.1"	[4105273, 4100, -4112, -1, 1]	52668974597	479.058682551	"4T1"	[]
"4.4.52751411200.1"	[409050, 0, -2020, 0, 1]	52751411200	479.246026297	"4T1"	[2, 2]
"4.4.52913948672.5"	[51673778, 0, -20332, 0, 1]	52913948672	479.614763327	"4T1"	[2, 2, 2]
"4.4.53008960513.2"	[1379279, -23371, -5856, -1, 1]	53008960513	479.829916567	"4T1"	[2, 2]
"4.4.53090380229.1"	[8094703, 5738, -5744, -1, 1]	53090380229	480.014060591	"4T1"	[]
"4.4.53146480673.2"	[45960487, 1, -13980, -1, 1]	53146480673	480.140817725	"4T1"	[2, 2, 2]
"4.4.53199800081.1"	[21376, -11048, -1410, -1, 1]	53199800081	480.261198218	"4T1"	[]
"4.4.53247522512.1"	[538973, 0, -1493, 0, 1]	53247522512	480.368865568	"4T1"	[]
"4.4.53275830137.1"	[46072364, 1, -13997, -1, 1]	53275830137	480.432696668	"4T1"	[2, 2]
"4.4.53327207744.1"	[94100, 0, -1882, 0, 1]	53327207744	480.548483511	"4T1"	[]
"4.4.53353909421.1"	[3714907, -14183, -4749, -1, 1]	53353909421	480.608626552	"4T1"	[]
"4.4.53425188037.1"	[21927803, 9502, -9504, -1, 1]	53425188037	480.769064509	"4T1"	[178]
"4.4.53515912525.1"	[2498775, 21505, -4321, -1, 1]	53515912525	480.973040294	"4T1"	[4, 4]
"4.4.53540005609.1"	[46980, -5418, -1413, -1, 1]	53540005609	481.027165167	"4T1"	[]
"4.4.53619460096.1"	[1630674, 0, -4964, 0, 1]	53619460096	481.205529528	"4T1"	[2, 4]
"4.4.53619460096.2"	[4529650, 0, -4964, 0, 1]	53619460096	481.205529528	"4T1"	[2, 4]
"4.4.53746470353.1"	[4165568, 21816, -5466, -1, 1]	53746470353	481.490238769	"4T1"	[2]
"4.4.53766995125.1"	[661121, 28354, -4074, -1, 1]	53766995125	481.536200217	"4T1"	[2, 4]
"4.4.53766995125.2"	[3867731, -4036, -4074, -1, 1]	53766995125	481.536200217	"4T1"	[2, 4]
"4.4.53832856789.1"	[8104455, 22284, -7434, -1, 1]	53832856789	481.683596484	"4T1"	[]
"4.4.53908351621.1"	[16505, -26836, -3864, -1, 1]	53908351621	481.852385194	"4T1"	[3]
"4.4.53927127625.1"	[2526416, -19276, -4839, -1, 1]	53927127625	481.894336398	"4T1"	[2, 2, 2, 4]
"4.4.53927127625.2"	[5727726, 9, -4839, -1, 1]	53927127625	481.894336398	"4T1"	[2, 2, 2, 20]
"4.4.54091566401.2"	[6798095, -12321, -6174, -1, 1]	54091566401	482.261274465	"4T1"	[2, 2]
"4.4.54123546193.2"	[10122401, 13619, -6816, -1, 1]	54123546193	482.332538796	"4T1"	[2, 4]
"4.4.54128396288.3"	[52859762, 0, -20564, 0, 1]	54128396288	482.343344075	"4T1"	[2, 2]
"4.4.54228690041.2"	[2035700, 25, -2957, -1, 1]	54228690041	482.566620814	"4T1"	[2, 20]
"4.4.54394103808.5"	[568458, 0, -3828, 0, 1]	54394103808	482.934193855	"4T1"	[2, 2, 4]
"4.4.54394103808.6"	[3094938, 0, -3828, 0, 1]	54394103808	482.934193855	"4T1"	[2, 2, 4]
"4.4.54411853301.1"	[1691875, -19600, -3950, -1, 1]	54411853301	482.973585938	"4T1"	[2, 4]
"4.4.54411853301.2"	[3355121, 11782, -3950, -1, 1]	54411853301	482.973585938	"4T1"	[2, 4]
"4.4.54510024725.2"	[4023889, 32518, -10842, -1, 1]	54510024725	483.191287394	"4T1"	[2, 2, 2, 2]
"4.4.54569318257.1"	[-4519, -14935, -1422, -1, 1]	54569318257	483.32263222	"4T1"	[]
"4.4.54582972224.1"	[4056404, 0, -10846, 0, 1]	54582972224	483.352862816	"4T1"	[2, 2]
"4.4.54642724997.1"	[35497, 27286, -1944, -1, 1]	54642724997	483.485091897	"4T1"	[4]
"4.4.54642724997.2"	[427483, -16268, -1944, -1, 1]	54642724997	483.485091897	"4T1"	[4]
"4.4.54662416757.1"	[-64087, -27816, -2598, -1, 1]	54662416757	483.528644749	"4T1"	[20]
"4.4.54662416757.2"	[1373947, -7562, -2598, -1, 1]	54662416757	483.528644749	"4T1"	[4]
"4.4.54698902336.1"	[307476, 0, -1898, 0, 1]	54698902336	483.609309901	"4T1"	[4]
"4.4.54698902336.2"	[854100, 0, -1898, 0, 1]	54698902336	483.609309901	"4T1"	[4]
"4.4.54709050497.1"	[47311987, 1, -14184, -1, 1]	54709050497	483.63173907	"4T1"	[26]
"4.4.54720806461.1"	[8238411, 22467, -7495, -1, 1]	54720806461	483.657717857	"4T1"	[]
"4.4.54877054976.1"	[978650, 0, -3404, 0, 1]	54877054976	484.002605026	"4T1"	[4]
"4.4.54877054976.2"	[1918154, 0, -3404, 0, 1]	54877054976	484.002605026	"4T1"	[4]
"4.4.54903389125.1"	[433671, 31774, -6364, -1, 1]	54903389125	484.060659817	"4T1"	[2, 4]
"4.4.54903389125.2"	[4245921, -19056, -6364, -1, 1]	54903389125	484.060659817	"4T1"	[2, 4]
"4.4.54930399653.1"	[59141, 31194, -4476, -1, 1]	54930399653	484.120184023	"4T1"	[]
"4.4.54960982529.1"	[8155552, -18304, -9158, -1, 1]	54960982529	484.187554265	"4T1"	[2]
"4.4.54997667392.2"	[10320448, 0, -6862, 0, 1]	54997667392	484.26832934	"4T1"	[2]
"4.4.55016425472.5"	[53726978, 0, -20732, 0, 1]	55016425472	484.309616465	"4T1"	[2, 2]
"4.4.55262804129.1"	[-129997, 26901, -1428, -1, 1]	55262804129	484.850926117	"4T1"	[2]
"4.4.55262804129.2"	[-80480, 23092, -1428, -1, 1]	55262804129	484.850926117	"4T1"	[2]
"4.4.55290597193.1"	[10341036, 13765, -6889, -1, 1]	55290597193	484.911875576	"4T1"	[2, 2]
"4.4.55393483328.2"	[747152, 0, -1906, 0, 1]	55393483328	485.137302388	"4T1"	[2, 2]
"4.4.55564649213.1"	[-29791, 31003, -3479, -1, 1]	55564649213	485.511637519	"4T1"	[]
"4.4.55578910517.2"	[1216397, -24284, -8102, -1, 1]	55578910517	485.542787553	"4T1"	[2, 2]
"4.4.55665057209.1"	[6996298, -12499, -6263, -1, 1]	55665057209	485.73082477	"4T1"	[2]
"4.4.55856886608.1"	[256373, 0, -1517, 0, 1]	55856886608	486.148758771	"4T1"	[2, 4]
"4.4.55856886608.2"	[438413, 0, -1517, 0, 1]	55856886608	486.148758771	"4T1"	[2, 4]
"4.4.55950136721.1"	[8302496, -18468, -9240, -1, 1]	55950136721	486.35153177	"4T1"	[2, 2]
"4.4.55997389673.1"	[4340944, 22268, -5579, -1, 1]	55997389673	486.454186884	"4T1"	[2]
"4.4.56133040192.3"	[1491472, 0, -6014, 0, 1]	56133040192	486.7485216	"4T1"	[2, 2]
"4.4.56192256000.1"	[2610, 0, -1740, 0, 1]	56192256000	486.876840909	"4T1"	[4, 4]
"4.4.56192256000.2"	[315810, 0, -1740, 0, 1]	56192256000	486.876840909	"4T1"	[4, 4]
"4.4.56192256000.3"	[441090, 0, -1740, 0, 1]	56192256000	486.876840909	"4T1"	[4, 4]
"4.4.56192256000.4"	[754290, 0, -1740, 0, 1]	56192256000	486.876840909	"4T1"	[4, 4]
"4.4.56247707648.1"	[14762, 0, -2684, 0, 1]	56247707648	486.996911449	"4T1"	[4]
"4.4.56247707648.2"	[1786202, 0, -2684, 0, 1]	56247707648	486.996911449	"4T1"	[4]
"4.4.56314010537.1"	[-104584, -24675, -1437, -1, 1]	56314010537	487.140361913	"4T1"	[]
"4.4.56317829893.2"	[20819373, -16454, -16456, -1, 1]	56317829893	487.14862147	"4T1"	[2, 4]
"4.4.56387368000.1"	[2681920, 0, -4930, 0, 1]	56387368000	487.29892786	"4T1"	[2, 2, 2, 8]
"4.4.56387368000.2"	[6034320, 0, -4930, 0, 1]	56387368000	487.29892786	"4T1"	[2, 2, 4, 8]
"4.4.56469506048.2"	[55146002, 0, -21004, 0, 1]	56469506048	487.476290001	"4T1"	[2, 4]
"4.4.56518495981.1"	[8509617, 22833, -7617, -1, 1]	56518495981	487.581982732	"4T1"	[]
"4.4.56568178109.1"	[504805, 27157, -3063, -1, 1]	56568178109	487.689098681	"4T1"	[]
"4.4.56586638673.1"	[1473369, -24147, -6050, -1, 1]	56586638673	487.728882154	"4T1"	[2]
"4.4.56694099017.1"	[49028902, 1, -14439, -1, 1]	56694099017	487.960271717	"4T1"	[2]
"4.4.56767712789.1"	[3953903, -14630, -4898, -1, 1]	56767712789	488.118591188	"4T1"	[]
"4.4.56859979664.2"	[7178384, 0, -6319, 0, 1]	56859979664	488.316810169	"4T1"	[2, 2]
"4.4.56944520497.1"	[3384013, 17189, -4318, -1, 1]	56944520497	488.498219451	"4T1"	[2]
"4.4.57086607953.1"	[709424, 30628, -5120, -1, 1]	57086607953	488.802658828	"4T1"	[2]
"4.4.57224899537.1"	[380189, -22609, -2352, -1, 1]	57224899537	489.098419846	"4T1"	[2, 12]
"4.4.57224899537.2"	[960093, 13635, -2352, -1, 1]	57224899537	489.098419846	"4T1"	[2, 12]
"4.4.57376458752.2"	[56031698, 0, -21172, 0, 1]	57376458752	489.421941008	"4T1"	[2]
"4.4.57450409049.1"	[8525372, -18714, -9363, -1, 1]	57450409049	489.579564095	"4T1"	[2]
"4.4.57539478289.1"	[2073360, 5956, -3016, -1, 1]	57539478289	489.769210919	"4T1"	[2]
"4.4.57655986109.1"	[7545155, -5743, -5763, -1, 1]	57655986109	490.016948073	"4T1"	[]
"4.4.57667883317.1"	[23670133, 9872, -9874, -1, 1]	57667883317	490.042224644	"4T1"	[2]
"4.4.57736239625.1"	[10976, 13769, -1449, -1, 1]	57736239625	490.187377352	"4T1"	[2]
"4.4.57783481133.1"	[1265051, -24761, -8261, -1, 1]	57783481133	490.287618071	"4T1"	[2, 2]
"4.4.57868379712.4"	[50059152, 0, -14586, 0, 1]	57868379712	490.467608126	"4T1"	[2, 2, 2, 2, 2]
"4.4.58107136000.1"	[49410, 0, -1220, 0, 1]	58107136000	490.972726297	"4T1"	[2, 4]
"4.4.58107136000.2"	[103090, 0, -1220, 0, 1]	58107136000	490.972726297	"4T1"	[2, 4]
"4.4.58107136000.3"	[269010, 0, -1220, 0, 1]	58107136000	490.972726297	"4T1"	[2, 4]
"4.4.58107136000.4"	[322690, 0, -1220, 0, 1]	58107136000	490.972726297	"4T1"	[2, 4]
"4.4.58258354000.1"	[503965, 0, -6545, 0, 1]	58258354000	491.291841874	"4T1"	[2, 2, 4]
"4.4.58258354000.2"	[4535685, 0, -6545, 0, 1]	58258354000	491.291841874	"4T1"	[2, 2, 4]
"4.4.58351487337.1"	[22324, 31126, -3157, -1, 1]	58351487337	491.488072291	"4T1"	[2, 2, 4]
"4.4.58351487337.2"	[1565008, 18685, -3157, -1, 1]	58351487337	491.488072291	"4T1"	[2, 2, 4]
"4.4.58367974301.1"	[4309655, 33649, -11219, -1, 1]	58367974301	491.522785578	"4T1"	[2, 2, 2]
"4.4.58419286057.1"	[1521578, -24535, -6147, -1, 1]	58419286057	491.630775393	"4T1"	[2]
"4.4.58456246841.1"	[-159500, 29350, -1455, -1, 1]	58456246841	491.708518338	"4T1"	[]
"4.4.58818484369.1"	[43493, -7535, -1458, -1, 1]	58818484369	492.46850071	"4T1"	[3]
"4.4.58851823421.1"	[8975221, 6041, -6047, -1, 1]	58851823421	492.538270207	"4T1"	[]
"4.4.58866441457.1"	[11010957, 14203, -7108, -1, 1]	58866441457	492.568852401	"4T1"	[2]
"4.4.58899919037.1"	[1732379, -17019, -3447, -1, 1]	58899919037	492.638868939	"4T1"	[5]
"4.4.58972299373.1"	[24205819, 9983, -9985, -1, 1]	58972299373	492.79014651	"4T1"	[2]
"4.4.59019085333.1"	[21818163, -16844, -16846, -1, 1]	59019085333	492.887856809	"4T1"	[2]
"4.4.59269505701.1"	[8924661, 23382, -7800, -1, 1]	59269505701	493.409862739	"4T1"	[2, 10]
"4.4.59279681933.1"	[66061, 32405, -4649, -1, 1]	59279681933	493.431040281	"4T1"	[]
"4.4.59349596125.1"	[732871, 29789, -4279, -1, 1]	59349596125	493.576463571	"4T1"	[2, 4]
"4.4.59349596125.2"	[4271991, -4241, -4279, -1, 1]	59349596125	493.576463571	"4T1"	[2, 4]
"4.4.59465046848.1"	[1323092, 0, -8374, 0, 1]	59465046848	493.81632299	"4T1"	[2]
"4.4.59466754384.1"	[125469, 0, -1549, 0, 1]	59466754384	493.81986793	"4T1"	[]
"4.4.59505305600.3"	[343850, 0, -5980, 0, 1]	59505305600	493.899882092	"4T1"	[2, 2, 4]
"4.4.59505305600.4"	[8596250, 0, -5980, 0, 1]	59505305600	493.899882092	"4T1"	[2, 2, 4]
"4.4.59574259625.1"	[390436, -26906, -4509, -1, 1]	59574259625	494.042901254	"4T1"	[2, 2, 2]
"4.4.59574259625.2"	[1682476, 26929, -4509, -1, 1]	59574259625	494.042901254	"4T1"	[2, 2, 20]
"4.4.59656554496.1"	[1814274, 0, -5236, 0, 1]	59656554496	494.213428562	"4T1"	[2, 2, 4]
"4.4.59656554496.2"	[5039650, 0, -5236, 0, 1]	59656554496	494.213428562	"4T1"	[2, 2, 4]
"4.4.59684789312.1"	[15632, 0, -1954, 0, 1]	59684789312	494.271894683	"4T1"	[2]
"4.4.59781384000.1"	[517140, 0, -6630, 0, 1]	59781384000	494.471757543	"4T1"	[2, 2, 4]
"4.4.59781384000.2"	[4654260, 0, -6630, 0, 1]	59781384000	494.471757543	"4T1"	[2, 2, 4]
"4.4.60046764608.2"	[51943568, 0, -14858, 0, 1]	60046764608	495.01960925	"4T1"	[2, 2, 2]
"4.4.60130512853.1"	[145989, -27666, -3126, -1, 1]	60130512853	495.192122118	"4T1"	[13]
"4.4.60218171513.1"	[418436, -26100, -3309, -1, 1]	60218171513	495.37249713	"4T1"	[2]
"4.4.60229486592.2"	[58817858, 0, -21692, 0, 1]	60229486592	495.395765787	"4T1"	[2, 2, 4]
"4.4.60232284112.1"	[22275253, 0, -17017, 0, 1]	60232284112	495.401518183	"4T1"	[2, 2, 2, 2]
"4.4.60280462125.1"	[-135639, -29571, -1649, -1, 1]	60280462125	495.500552718	"4T1"	[2, 4, 20]
"4.4.60280462125.2"	[158421, -18261, -1649, -1, 1]	60280462125	495.500552718	"4T1"	[2, 4, 4]
"4.4.60280462125.3"	[226281, 15669, -1649, -1, 1]	60280462125	495.500552718	"4T1"	[2, 4, 4]
"4.4.60280462125.4"	[316761, -6951, -1649, -1, 1]	60280462125	495.500552718	"4T1"	[2, 4, 4]
"4.4.60281138977.1"	[1570563, -24923, -6244, -1, 1]	60281138977	495.50194363	"4T1"	[2]
"4.4.60350502125.1"	[696011, 25129, -2849, -1, 1]	60350502125	495.644420841	"4T1"	[20]
"4.4.60350502125.2"	[1856131, 2819, -2849, -1, 1]	60350502125	495.644420841	"4T1"	[4]
"4.4.60362835968.2"	[58948082, 0, -21716, 0, 1]	60362835968	495.669742635	"4T1"	[2, 2]
"4.4.60462671625.1"	[3380016, 7569, -3809, -1, 1]	60462671625	495.874565898	"4T1"	[2, 20]
"4.4.60520883681.1"	[7607995, -13033, -6530, -1, 1]	60520883681	495.993876959	"4T1"	[2]
"4.4.60537313549.1"	[21543, -28439, -4093, -1, 1]	60537313549	496.027535937	"4T1"	[3]
"4.4.60577883197.1"	[22394531, -17065, -17067, -1, 1]	60577883197	496.110619436	"4T1"	[2]
"4.4.60652134089.1"	[-19292, 17926, -1473, -1, 1]	60652134089	496.262571495	"4T1"	[]
"4.4.61162984000.1"	[252160, 0, -1970, 0, 1]	61162984000	497.30424497	"4T1"	[2, 12]
"4.4.61187123200.3"	[639450, 0, -4060, 0, 1]	61187123200	497.353305487	"4T1"	[2, 4]
"4.4.61187123200.4"	[3481450, 0, -4060, 0, 1]	61187123200	497.353305487	"4T1"	[6, 12]
"4.4.61312580353.2"	[11469251, 14495, -7254, -1, 1]	61312580353	497.608051124	"4T1"	[2, 4]
"4.4.61628672000.1"	[8330, 0, -2380, 0, 1]	61628672000	498.248158642	"4T1"	[4, 4]
"4.4.61628672000.2"	[408170, 0, -2380, 0, 1]	61628672000	498.248158642	"4T1"	[4, 4]
"4.4.61628672000.3"	[1007930, 0, -2380, 0, 1]	61628672000	498.248158642	"4T1"	[4, 4]
"4.4.61628672000.4"	[1407770, 0, -2380, 0, 1]	61628672000	498.248158642	"4T1"	[4, 4]
"4.4.61735412309.1"	[4559113, 34606, -11538, -1, 1]	61735412309	498.463759	"4T1"	[34]
"4.4.61766563904.1"	[7797824, 0, -6586, 0, 1]	61766563904	498.526628118	"4T1"	[2, 2]
"4.4.62070321521.1"	[9211712, -19452, -9732, -1, 1]	62070321521	499.138418632	"4T1"	[2, 2]
"4.4.62146192681.1"	[-58564, -21538, -1485, -1, 1]	62146192681	499.290878227	"4T1"	[4]
"4.4.62146192681.2"	[36500, 10150, -1485, -1, 1]	62146192681	499.290878227	"4T1"	[4]
"4.4.62220544000.1"	[2430490, 0, -9860, 0, 1]	62220544000	499.4401484	"4T1"	[2, 2, 2]
"4.4.62220544000.2"	[21874410, 0, -9860, 0, 1]	62220544000	499.4401484	"4T1"	[2, 2, 2]
"4.4.62223434000.1"	[3681860, 0, -7735, 0, 1]	62223434000	499.445947758	"4T1"	[2, 2, 4, 4]
"4.4.62223434000.2"	[14727440, 0, -7735, 0, 1]	62223434000	499.445947758	"4T1"	[2, 2, 2, 4]
"4.4.62326207169.1"	[3094327, -7429, -3758, -1, 1]	62326207169	499.652051302	"4T1"	[2]
"4.4.62417504197.1"	[1382117, -24914, -5004, -1, 1]	62417504197	499.834926664	"4T1"	[5]
"4.4.62493974125.1"	[496571, 33899, -6789, -1, 1]	62493974125	499.987947814	"4T1"	[2, 4]
"4.4.62493974125.2"	[4834971, -20331, -6789, -1, 1]	62493974125	499.987947814	"4T1"	[2, 4]
"4.4.62554322617.1"	[11701902, 14641, -7327, -1, 1]	62554322617	500.108609841	"4T1"	[2]
"4.4.62554952512.5"	[23134228, 0, -17342, 0, 1]	62554952512	500.109868805	"4T1"	[2, 2, 2]
"4.4.62580619793.2"	[54120317, 1, -15170, -1, 1]	62580619793	500.16116165	"4T1"	[2, 2]
"4.4.62795843584.1"	[1909746, 0, -5372, 0, 1]	62795843584	500.590639778	"4T1"	[2, 4]
"4.4.62795843584.2"	[5304850, 0, -5372, 0, 1]	62795843584	500.590639778	"4T1"	[2, 20]
"4.4.62800480256.1"	[626, 0, -1252, 0, 1]	62800480256	500.59988008	"4T1"	[2, 2, 4]
"4.4.62800480256.2"	[391250, 0, -1252, 0, 1]	62800480256	500.59988008	"4T1"	[2, 2, 20]
"4.4.62902335833.1"	[-161954, -29579, -1491, -1, 1]	62902335833	500.802736439	"4T1"	[4]
"4.4.62902335833.2"	[13034, -13671, -1491, -1, 1]	62902335833	500.802736439	"4T1"	[4]
"4.4.62908622269.1"	[2942225, 23315, -4683, -1, 1]	62908622269	500.81524848	"4T1"	[]
"4.4.63039206149.1"	[9493425, 24114, -8044, -1, 1]	63039206149	501.074940834	"4T1"	[2]
"4.4.63162460553.1"	[3762736, 16, -3951, -1, 1]	63162460553	501.319687184	"4T1"	[6]
"4.4.63282696625.1"	[-193039, 32129, -1494, -1, 1]	63282696625	501.558095127	"4T1"	[26]
"4.4.63283964873.1"	[54728662, 1, -15255, -1, 1]	63283964873	501.560608038	"4T1"	[2, 2]
"4.4.63311333813.1"	[4940159, 4494, -4506, -1, 1]	63311333813	501.614827763	"4T1"	[26]
"4.4.63333828608.1"	[61849442, 0, -22244, 0, 1]	63333828608	501.659378315	"4T1"	[2]
"4.4.63381280097.1"	[790528, 32272, -5394, -1, 1]	63381280097	501.753316262	"4T1"	[2]
"4.4.63386450053.1"	[1229101, 19874, -2896, -1, 1]	63386450053	501.763547844	"4T1"	[4]
"4.4.63386450053.2"	[1886763, -2804, -2896, -1, 1]	63386450053	501.763547844	"4T1"	[4]
"4.4.63425726272.1"	[35892, 0, -1994, 0, 1]	63425726272	501.841256871	"4T1"	[]
"4.4.63611999525.2"	[4698139, 35128, -11712, -1, 1]	63611999525	502.20931268	"4T1"	[2, 4, 4]
"4.4.63716796416.3"	[368186, 0, -6188, 0, 1]	63716796416	502.416024825	"4T1"	[2, 2, 4]
"4.4.63716796416.4"	[9204650, 0, -6188, 0, 1]	63716796416	502.416024825	"4T1"	[2, 2, 4]
"4.4.63870896369.1"	[8030033, -13389, -6708, -1, 1]	63870896369	502.719524732	"4T1"	[2]
"4.4.63912882629.1"	[4454245, -15524, -5196, -1, 1]	63912882629	502.802121473	"4T1"	[]
"4.4.64048012001.1"	[-81536, -23756, -1500, -1, 1]	64048012001	503.067676434	"4T1"	[3]
"4.4.64092461425.1"	[1670861, -25699, -6438, -1, 1]	64092461425	503.154936173	"4T1"	[2, 2]
"4.4.64336497793.1"	[2197344, -13796, -3496, -1, 1]	64336497793	503.633202912	"4T1"	[2]
"4.4.64400497141.1"	[8430017, -6070, -6090, -1, 1]	64400497141	503.758404706	"4T1"	[]
"4.4.64431884288.5"	[62921762, 0, -22436, 0, 1]	64431884288	503.819773216	"4T1"	[6, 6]
"4.4.64611417013.3"	[23885943, -17624, -17626, -1, 1]	64611417013	504.170367405	"4T1"	[2, 2, 2, 2]
"4.4.64909993301.1"	[9901189, 6344, -6350, -1, 1]	64909993301	504.751817105	"4T1"	[]
"4.4.65075152777.1"	[12174212, 14933, -7473, -1, 1]	65075152777	505.072588668	"4T1"	[2]
"4.4.65095284800.3"	[56310800, 0, -15470, 0, 1]	65095284800	505.111647176	"4T1"	[2, 2, 2, 2]
"4.4.65168050768.1"	[461533, 0, -1597, 0, 1]	65168050768	505.252746262	"4T1"	[]
"4.4.65210733376.1"	[9857844, 0, -8174, 0, 1]	65210733376	505.335456309	"4T1"	[2]
"4.4.65239066624.1"	[5706, 0, -1268, 0, 1]	65239066624	505.390337852	"4T1"	[2]
"4.4.65239066624.2"	[396250, 0, -1268, 0, 1]	65239066624	505.390337852	"4T1"	[2]
"4.4.65417582513.1"	[56574097, 1, -15510, -1, 1]	65417582513	505.735712872	"4T1"	[2, 2]
"4.4.65551825552.1"	[1741732, 0, -6499, 0, 1]	65551825552	505.994967777	"4T1"	[2]
"4.4.65579741225.2"	[8245324, -13567, -6797, -1, 1]	65579741225	506.048829491	"4T1"	[2, 2, 2]
"4.4.65597103937.1"	[-194608, 32516, -1512, -1, 1]	65597103937	506.082321191	"4T1"	[2]
"4.4.65597103937.2"	[-134113, -27979, -1512, -1, 1]	65597103937	506.082321191	"4T1"	[2]
"4.4.65639273792.2"	[1460468, 0, -8798, 0, 1]	65639273792	506.163636805	"4T1"	[2]
"4.4.65713200613.1"	[26974159, 10538, -10540, -1, 1]	65713200613	506.306094487	"4T1"	[2]
"4.4.65743598656.1"	[791056, 0, -2018, 0, 1]	65743598656	506.36463693	"4T1"	[14]
"4.4.65836861661.1"	[4862975, 35737, -11915, -1, 1]	65836861661	506.544122032	"4T1"	[2, 2]
"4.4.66041930953.1"	[1722174, -26087, -6535, -1, 1]	66041930953	506.938109262	"4T1"	[2]
"4.4.66096662528.2"	[64547522, 0, -22724, 0, 1]	66096662528	507.043106581	"4T1"	[2, 2]
"4.4.66233739653.1"	[1451611, -26510, -8844, -1, 1]	66233739653	507.305790127	"4T1"	[2, 2]
"4.4.66354240673.1"	[12413871, 15079, -7546, -1, 1]	66354240673	507.536372014	"4T1"	[2]
"4.4.66380929649.1"	[-134392, 28596, -1518, -1, 1]	66380929649	507.587399587	"4T1"	[]
"4.4.66411233773.1"	[1471921, -25699, -5161, -1, 1]	66411233773	507.645320435	"4T1"	[]
"4.4.66528588608.1"	[490292, 0, -2026, 0, 1]	66528588608	507.869436117	"4T1"	[]
"4.4.66731549341.1"	[8735871, -6179, -6199, -1, 1]	66731549341	508.256336852	"4T1"	[]
"4.4.66747331625.1"	[3909506, 32049, -8019, -1, 1]	66747331625	508.286385362	"4T1"	[2, 2, 4]
"4.4.66747331625.2"	[15766156, 4, -8019, -1, 1]	66747331625	508.286385362	"4T1"	[2, 2, 4]
"4.4.66775173193.1"	[-163944, 30681, -1521, -1, 1]	66775173193	508.339381027	"4T1"	[]
"4.4.67030529357.1"	[1469207, -26669, -8897, -1, 1]	67030529357	508.824673137	"4T1"	[2]
"4.4.67077588992.2"	[65505458, 0, -22892, 0, 1]	67077588992	508.913956341	"4T1"	[2, 2]
"4.4.67146454352.1"	[582293, 0, -1613, 0, 1]	67146454352	509.044525502	"4T1"	[]
"4.4.67364486501.1"	[2100725, -21810, -4392, -1, 1]	67364486501	509.457254595	"4T1"	[2, 4]
"4.4.67364486501.2"	[4160887, 13108, -4392, -1, 1]	67364486501	509.457254595	"4T1"	[2, 4]
"4.4.67408316873.1"	[1186588, -25499, -4281, -1, 1]	67408316873	509.540103348	"4T1"	[2]
"4.4.67413077441.2"	[10005472, -20272, -10142, -1, 1]	67413077441	509.549099404	"4T1"	[2, 2]
"4.4.67568337017.1"	[-17708, -18074, -1527, -1, 1]	67568337017	509.842232967	"4T1"	[5]
"4.4.67641837313.1"	[4025159, 18733, -4704, -1, 1]	67641837313	509.980827019	"4T1"	[2]
"4.4.67732430897.1"	[58576289, 1, -15782, -1, 1]	67732430897	510.151497297	"4T1"	[10]
"4.4.67758044429.1"	[1389985, 27791, -4001, -1, 1]	67758044429	510.199719873	"4T1"	[]
"4.4.67889604709.1"	[3177525, 24220, -4864, -1, 1]	67889604709	510.447193076	"4T1"	[]
"4.4.68013678400.1"	[2826900, 0, -3490, 0, 1]	68013678400	510.680254194	"4T1"	[2, 2]
"4.4.68041212493.1"	[27930239, 10723, -10725, -1, 1]	68041212493	510.731931239	"4T1"	[2]
"4.4.68054272000.1"	[141570, 0, -2860, 0, 1]	68054272000	510.75643634	"4T1"	[4, 4]
"4.4.68054272000.2"	[770770, 0, -2860, 0, 1]	68054272000	510.75643634	"4T1"	[4, 4]
"4.4.68054272000.3"	[1274130, 0, -2860, 0, 1]	68054272000	510.75643634	"4T1"	[4, 4]
"4.4.68054272000.4"	[1903330, 0, -2860, 0, 1]	68054272000	510.75643634	"4T1"	[4, 4]
"4.4.68112975872.5"	[66516578, 0, -23068, 0, 1]	68112975872	510.866545836	"4T1"	[2, 2]
"4.4.68117264704.1"	[918900, 0, -2042, 0, 1]	68117264704	510.874587509	"4T1"	[5]
"4.4.68150496976.1"	[40525, 0, -1621, 0, 1]	68150496976	510.936886025	"4T1"	[]
"4.4.68181498176.1"	[5066996, 0, -12122, 0, 1]	68181498176	510.994981549	"4T1"	[2, 2]
"4.4.68274681817.1"	[741592, -25087, -3193, -1, 1]	68274681817	511.169486325	"4T1"	[2]
"4.4.68379731968.1"	[714618, 0, -4292, 0, 1]	68379731968	511.36599942	"4T1"	[2, 4]
"4.4.68379731968.2"	[3890698, 0, -4292, 0, 1]	68379731968	511.36599942	"4T1"	[2, 4]
"4.4.68638400957.1"	[1504717, -26987, -9003, -1, 1]	68638400957	511.848917734	"4T1"	[2, 2]
"4.4.68753590949.1"	[5079083, 36520, -12176, -1, 1]	68753590949	512.063530848	"4T1"	[26]
"4.4.68769820673.1"	[-16, 16644, -1536, -1, 1]	68769820673	512.093747139	"4T1"	[20]
"4.4.68769820673.2"	[65536, 256, -1536, -1, 1]	68769820673	512.093747139	"4T1"	[20]
"4.4.68911658581.1"	[10379511, 25212, -8410, -1, 1]	68911658581	512.357591782	"4T1"	[2]
"4.4.68949762097.1"	[12900197, 15371, -7692, -1, 1]	68949762097	512.42840193	"4T1"	[2]
"4.4.69018138432.1"	[1437588, 0, -2958, 0, 1]	69018138432	512.555396399	"4T1"	[2, 4]
"4.4.69018138432.2"	[2147508, 0, -2958, 0, 1]	69018138432	512.555396399	"4T1"	[2, 20]
"4.4.69065107961.1"	[8684450, -13923, -6975, -1, 1]	69065107961	512.642577627	"4T1"	[2]
"4.4.69173457625.1"	[64766, 2309, -1539, -1, 1]	69173457625	512.843518469	"4T1"	[2, 2]
"4.4.69246414625.1"	[2146176, 24264, -4074, -1, 1]	69246414625	512.978688579	"4T1"	[2, 2]
"4.4.69246414625.2"	[3875831, 8099, -4074, -1, 1]	69246414625	512.978688579	"4T1"	[2, 10]
"4.4.69315905536.1"	[2108034, 0, -5644, 0, 1]	69315905536	513.107337656	"4T1"	[2, 4]
"4.4.69315905536.2"	[5855650, 0, -5644, 0, 1]	69315905536	513.107337656	"4T1"	[2, 4]
"4.4.69739882109.1"	[5152163, 36781, -12263, -1, 1]	69739882109	513.890160421	"4T1"	[2]
"4.4.69935920192.1"	[13123648, 0, -7738, 0, 1]	69935920192	514.250915337	"4T1"	[2, 2]
"4.4.69985463561.1"	[-165500, -30650, -1545, -1, 1]	69985463561	514.341966393	"4T1"	[2]
"4.4.69985463561.2"	[65276, -1803, -1545, -1, 1]	69985463561	514.341966393	"4T1"	[2]
"4.4.70005085425.1"	[876016, 33916, -5668, -1, 1]	70005085425	514.37801419	"4T1"	[2, 2]
"4.4.70028486617.1"	[1827128, -26863, -6729, -1, 1]	70028486617	514.420995175	"4T1"	[2]
"4.4.70188509648.1"	[276653, 0, -1637, 0, 1]	70188509648	514.714621254	"4T1"	[]
"4.4.70367723717.1"	[2076007, -18604, -3764, -1, 1]	70367723717	515.042865542	"4T1"	[]
"4.4.70393838689.1"	[29403, 12645, -1548, -1, 1]	70393838689	515.090644758	"4T1"	[]
"4.4.70395384464.2"	[8887184, 0, -7031, 0, 1]	70395384464	515.093472447	"4T1"	[2, 2]
"4.4.70435432000.1"	[3350080, 0, -5510, 0, 1]	70435432000	515.166715265	"4T1"	[2, 6, 12]
"4.4.70435432000.2"	[7537680, 0, -5510, 0, 1]	70435432000	515.166715265	"4T1"	[2, 2, 4]
"4.4.70547387968.1"	[1057792, 0, -2066, 0, 1]	70547387968	515.371305626	"4T1"	[2]
"4.4.70745049088.1"	[78498, 0, -2492, 0, 1]	70745049088	515.731921431	"4T1"	[2, 4]
"4.4.70745049088.2"	[1474018, 0, -2492, 0, 1]	70745049088	515.731921431	"4T1"	[2, 4]
"4.4.70841629841.2"	[8908285, -14101, -7064, -1, 1]	70841629841	515.907849987	"4T1"	[2, 2]
"4.4.70927249861.2"	[10683657, 25578, -8532, -1, 1]	70927249861	516.063662448	"4T1"	[2, 4]
"4.4.71121815552.2"	[69454898, 0, -23572, 0, 1]	71121815552	516.417211892	"4T1"	[10]
"4.4.71215348625.1"	[-82139, 25129, -1554, -1, 1]	71215348625	516.586914696	"4T1"	[2, 2]
"4.4.71215348625.2"	[62936, 4404, -1554, -1, 1]	71215348625	516.586914696	"4T1"	[2, 2]
"4.4.71264889869.1"	[10872607, 6647, -6653, -1, 1]	71264889869	516.67673271	"4T1"	[]
"4.4.71370089792.1"	[203252, 0, -2074, 0, 1]	71370089792	516.867304426	"4T1"	[4]
"4.4.71370089792.2"	[701012, 0, -2074, 0, 1]	71370089792	516.867304426	"4T1"	[4]
"4.4.71628489577.1"	[-58288, 23101, -1557, -1, 1]	71628489577	517.334508017	"4T1"	[]
"4.4.71702300672.2"	[70021778, 0, -23668, 0, 1]	71702300672	517.467731123	"4T1"	[2, 2]
"4.4.71708341021.1"	[1159781, -22813, -3315, -1, 1]	71708341021	517.478628915	"4T1"	[]
"4.4.71957745613.1"	[26602293, -18599, -18601, -1, 1]	71957745613	517.927996292	"4T1"	[2]
"4.4.72065572753.1"	[1880769, -27251, -6826, -1, 1]	72065572753	518.12191336	"4T1"	[2]
"4.4.72144072000.2"	[180360180, 0, -30030, 0, 1]	72144072000	518.262950111	"4T1"	[2, 2, 2, 2]
"4.4.72821491712.2"	[71114738, 0, -23852, 0, 1]	72821491712	519.475288265	"4T1"	[2, 2]
"4.4.72877493233.1"	[63944, -3916, -1566, -1, 1]	72877493233	519.575131799	"4T1"	[]
"4.4.72936408313.1"	[13647206, 15809, -7911, -1, 1]	72936408313	519.680107745	"4T1"	[2]
"4.4.73068460933.1"	[27012989, -18742, -18744, -1, 1]	73068460933	519.915170651	"4T1"	[2]
"4.4.73087993937.1"	[63208517, 1, -16394, -1, 1]	73087993937	519.949913709	"4T1"	[2, 2]
"4.4.73229518144.2"	[11070036, 0, -8662, 0, 1]	73229518144	520.20143288	"4T1"	[2]
"4.4.73335570457.1"	[4366576, 19505, -4897, -1, 1]	73335570457	520.389671964	"4T1"	[2]
"4.4.73354624577.2"	[38912, 34896, -3534, -1, 1]	73354624577	520.42347071	"4T1"	[2, 2, 2]
"4.4.73354624577.3"	[1977823, 20947, -3534, -1, 1]	73354624577	520.42347071	"4T1"	[2, 2, 2]
"4.4.73543487993.2"	[63602492, 1, -16445, -1, 1]	73543487993	520.758126498	"4T1"	[2, 2, 10]
"4.4.73576353293.1"	[1613791, -27941, -9321, -1, 1]	73576353293	520.816296178	"4T1"	[2, 4]
"4.4.73612553488.1"	[1955908, 0, -6887, 0, 1]	73612553488	520.88034588	"4T1"	[2]
"4.4.73755287069.1"	[5449703, 37825, -12611, -1, 1]	73755287069	521.132657189	"4T1"	[2]
"4.4.73793772397.1"	[30292763, 11167, -11169, -1, 1]	73793772397	521.200625326	"4T1"	[2]
"4.4.73876521536.1"	[1074176, 0, -2098, 0, 1]	73876521536	521.346676874	"4T1"	[2]
"4.4.73942108337.1"	[521512, -28924, -3662, -1, 1]	73942108337	521.462349899	"4T1"	[10]
"4.4.73961857125.1"	[1613521, 24934, -3604, -1, 1]	73961857125	521.497165035	"4T1"	[2, 4, 4]
"4.4.73973351509.1"	[9686133, -6506, -6526, -1, 1]	73973351509	521.517425273	"4T1"	[]
"4.4.73984940773.1"	[2877687, 20446, -4120, -1, 1]	73984940773	521.537850359	"4T1"	[]
"4.4.74115506849.2"	[11001280, -21256, -10634, -1, 1]	74115506849	521.767796249	"4T1"	[2, 2, 2]
"4.4.74140932601.1"	[-108586, 27569, -1575, -1, 1]	74140932601	521.812539357	"4T1"	[]
"4.4.74290187473.2"	[13900881, 15955, -7984, -1, 1]	74290187473	522.074959636	"4T1"	[2, 2]
"4.4.74358908429.1"	[2321725, -22915, -4613, -1, 1]	74358908429	522.195652062	"4T1"	[2, 4]
"4.4.74358908429.2"	[4596257, 13771, -4613, -1, 1]	74358908429	522.195652062	"4T1"	[2, 4]
"4.4.74385620944.1"	[602509, 0, -1669, 0, 1]	74385620944	522.242543822	"4T1"	[]
"4.4.74520687056.1"	[5538101, 0, -12673, 0, 1]	74520687056	522.479448786	"4T1"	[2, 2]
"4.4.74592789409.1"	[246527, 35201, -4428, -1, 1]	74592789409	522.605783963	"4T1"	[2]
"4.4.74668460032.3"	[43378, 0, -3772, 0, 1]	74668460032	522.738272875	"4T1"	[2, 2, 4]
"4.4.74668460032.4"	[3513618, 0, -3772, 0, 1]	74668460032	522.738272875	"4T1"	[2, 2, 4]
"4.4.74765056313.2"	[64659076, 1, -16581, -1, 1]	74765056313	522.907253511	"4T1"	[2, 2]
"4.4.74770202653.1"	[1660007, -27269, -5475, -1, 1]	74770202653	522.916251662	"4T1"	[]
"4.4.74948100349.1"	[32993, -31645, -4551, -1, 1]	74948100349	523.227012863	"4T1"	[3]
"4.4.74991286313.1"	[59944, 6589, -1581, -1, 1]	74991286313	523.302368949	"4T1"	[]
"4.4.75185113088.4"	[73422962, 0, -24236, 0, 1]	75185113088	523.640181023	"4T1"	[2, 4]
"4.4.75234756608.1"	[73471442, 0, -24244, 0, 1]	75234756608	523.726597424	"4T1"	[2, 2]
"4.4.75268382533.1"	[30898379, 11278, -11280, -1, 1]	75268382533	523.785107085	"4T1"	[2, 2]
"4.4.75424545149.1"	[5260633, -16865, -5643, -1, 1]	75424545149	524.056575952	"4T1"	[]
"4.4.75472301888.2"	[1679252, 0, -9434, 0, 1]	75472301888	524.1395108	"4T1"	[2, 2]
"4.4.75666335741.1"	[11545469, 6849, -6855, -1, 1]	75666335741	524.476067734	"4T1"	[]
"4.4.75666961577.1"	[5874128, 25884, -6483, -1, 1]	75666961577	524.477152216	"4T1"	[2]
"4.4.75805133741.1"	[5601605, 38347, -12785, -1, 1]	75805133741	524.716419692	"4T1"	[26]
"4.4.75843384896.1"	[9574976, 0, -7298, 0, 1]	75843384896	524.782599947	"4T1"	[2, 2]
"4.4.75892027757.1"	[40147, -30299, -2169, -1, 1]	75892027757	524.866723269	"4T1"	[4]
"4.4.75892027757.2"	[882443, 2097, -2169, -1, 1]	75892027757	524.866723269	"4T1"	[4]
"4.4.75971930112.1"	[793962, 0, -4524, 0, 1]	75971930112	525.004819261	"4T1"	[2, 4]
"4.4.75971930112.2"	[4322682, 0, -4524, 0, 1]	75971930112	525.004819261	"4T1"	[2, 4]
"4.4.76126352009.1"	[2266438, 13049, -3311, -1, 1]	76126352009	525.271399685	"4T1"	[2]
"4.4.76157945856.5"	[2316114, 0, -5916, 0, 1]	76157945856	525.325890547	"4T1"	[2, 2, 4]
"4.4.76157945856.6"	[6433650, 0, -5916, 0, 1]	76157945856	525.325890547	"4T1"	[2, 2, 4]
"4.4.76161483216.1"	[2436525, 0, -4641, 0, 1]	76161483216	525.331990483	"4T1"	[2, 2, 2, 4]
"4.4.76161483216.2"	[4775589, 0, -4641, 0, 1]	76161483216	525.331990483	"4T1"	[2, 2, 2, 4]
"4.4.76235721536.3"	[5665556, 0, -12818, 0, 1]	76235721536	525.459960407	"4T1"	[2, 2, 4]
"4.4.76278969521.1"	[-201199, -33663, -1590, -1, 1]	76278969521	525.534466988	"4T1"	[3, 3]
"4.4.76306549529.1"	[9596878, -14635, -7331, -1, 1]	76306549529	525.581964614	"4T1"	[2]
"4.4.76440958784.1"	[106100, 0, -2122, 0, 1]	76440958784	525.813256902	"4T1"	[]
"4.4.76494659549.2"	[5652703, 38521, -12843, -1, 1]	76494659549	525.905580242	"4T1"	[2, 2, 2]
"4.4.76771564817.2"	[66394589, 1, -16802, -1, 1]	76771564817	526.380870803	"4T1"	[2, 2]
"4.4.76958023937.2"	[965888, 35560, -5942, -1, 1]	76958023937	526.700192314	"4T1"	[2, 2]
"4.4.77035091425.2"	[14415239, 16247, -8130, -1, 1]	77035091425	526.832005165	"4T1"	[2, 2, 2]
"4.4.77148345109.1"	[11622447, 26676, -8898, -1, 1]	77148345109	527.025529955	"4T1"	[26]
"4.4.77274107600.2"	[5742725, 0, -12905, 0, 1]	77274107600	527.240179941	"4T1"	[2, 2, 2]
"4.4.77413231936.2"	[11702484, 0, -8906, 0, 1]	77413231936	527.477330749	"4T1"	[2, 2]
"4.4.77581309625.1"	[61426, -6131, -1599, -1, 1]	77581309625	527.763409356	"4T1"	[2]
"4.4.77640952912.1"	[137133, 0, -1693, 0, 1]	77640952912	527.864814172	"4T1"	[]
"4.4.77704503056.1"	[9809936, 0, -7387, 0, 1]	77704503056	527.972797112	"4T1"	[10]
"4.4.77706606977.1"	[67203347, 1, -16904, -1, 1]	77706606977	527.976370913	"4T1"	[2, 2]
"4.4.77721856000.1"	[3036010, 0, -11020, 0, 1]	77721856000	528.002271321	"4T1"	[2, 4]
"4.4.77721856000.2"	[27324090, 0, -11020, 0, 1]	77721856000	528.002271321	"4T1"	[2, 4]
"4.4.78018694417.1"	[-138088, -29644, -1602, -1, 1]	78018694417	528.505692728	"4T1"	[]
"4.4.78119539693.1"	[28880673, -19379, -19381, -1, 1]	78119539693	528.676393763	"4T1"	[2]
"4.4.78183136576.1"	[962100, 0, -2138, 0, 1]	78183136576	528.783959397	"4T1"	[]
"4.4.78333435233.1"	[6082048, 26336, -6596, -1, 1]	78333435233	529.037908947	"4T1"	[2]
"4.4.78352064377.2"	[2046348, -28415, -7117, -1, 1]	78352064377	529.0693599	"4T1"	[2, 2]
"4.4.78382598144.1"	[33026, 0, -1348, 0, 1]	78382598144	529.120896897	"4T1"	[2, 2, 4]
"4.4.78382598144.2"	[421250, 0, -1348, 0, 1]	78382598144	529.120896897	"4T1"	[2, 2, 4]
"4.4.78426216217.1"	[14675922, 16393, -8203, -1, 1]	78426216217	529.194492375	"4T1"	[2]
"4.4.78560847872.1"	[20618, 0, -3172, 0, 1]	78560847872	529.421458927	"4T1"	[2, 2]
"4.4.78560847872.2"	[2494778, 0, -3172, 0, 1]	78560847872	529.421458927	"4T1"	[2, 2]
"4.4.78598307101.1"	[3182895, 11277, -3795, -1, 1]	78598307101	529.48455707	"4T1"	[]
"4.4.78765870877.1"	[32334793, 11537, -11539, -1, 1]	78765870877	529.766533848	"4T1"	[2]
"4.4.78898389569.1"	[-202672, -34044, -1608, -1, 1]	78898389569	529.989218236	"4T1"	[]
"4.4.79023408625.1"	[3711936, -23336, -5854, -1, 1]	79023408625	530.19904323	"4T1"	[2, 2, 4]
"4.4.79023408625.2"	[8404281, 9, -5854, -1, 1]	79023408625	530.19904323	"4T1"	[2, 2, 4]
"4.4.79064065088.1"	[841232, 0, -2146, 0, 1]	79064065088	530.267225116	"4T1"	[2, 4]
"4.4.79064065088.2"	[1098752, 0, -2146, 0, 1]	79064065088	530.267225116	"4T1"	[2, 4]
"4.4.79340706073.1"	[-169614, -31959, -1611, -1, 1]	79340706073	530.730461991	"4T1"	[]
"4.4.79350746009.2"	[11779132, -21994, -11003, -1, 1]	79350746009	530.747251126	"4T1"	[2, 2]
"4.4.79554062597.2"	[1745867, -29054, -9692, -1, 1]	79554062597	531.086901967	"4T1"	[2, 2]
"4.4.79590877184.1"	[459914, 0, -6916, 0, 1]	79590877184	531.148332999	"4T1"	[2, 4]
"4.4.79590877184.2"	[11497850, 0, -6916, 0, 1]	79590877184	531.148332999	"4T1"	[2, 4]
"4.4.79698703625.1"	[145846, -32311, -4079, -1, 1]	79698703625	531.328136148	"4T1"	[2, 2, 2]
"4.4.79698703625.2"	[3346516, 16184, -4079, -1, 1]	79698703625	531.328136148	"4T1"	[2, 2, 2]
"4.4.79699707904.3"	[2423826, 0, -6052, 0, 1]	79699707904	531.329809949	"4T1"	[2, 2, 4]
"4.4.79699707904.4"	[6732850, 0, -6052, 0, 1]	79699707904	531.329809949	"4T1"	[2, 2, 4]
"4.4.79790594896.1"	[3805525, 0, -5249, 0, 1]	79790594896	531.481223085	"4T1"	[2, 2]
"4.4.79863101264.1"	[206789, 0, -1709, 0, 1]	79863101264	531.6019223	"4T1"	[]
"4.4.79964757568.1"	[2124688, 0, -7178, 0, 1]	79964757568	531.771008241	"4T1"	[2, 2]
"4.4.80062624361.1"	[10070180, -14991, -7509, -1, 1]	80062624361	531.933638806	"4T1"	[2]
"4.4.80100882173.1"	[-74747, -33679, -3131, -1, 1]	80100882173	531.997173357	"4T1"	[20]
"4.4.80100882173.2"	[2033801, -9161, -3131, -1, 1]	80100882173	531.997173357	"4T1"	[4]
"4.4.80268398113.1"	[10752, -33104, -3370, -1, 1]	80268398113	532.275098516	"4T1"	[2]
"4.4.80538392681.1"	[11955596, -22158, -11085, -1, 1]	80538392681	532.722131441	"4T1"	[2]
"4.4.80568576000.1"	[3147210, 0, -11220, 0, 1]	80568576000	532.772036406	"4T1"	[2, 2, 4]
"4.4.80568576000.2"	[28324890, 0, -11220, 0, 1]	80568576000	532.772036406	"4T1"	[2, 2, 4]
"4.4.80655123757.1"	[29818233, -19691, -19693, -1, 1]	80655123757	532.915056378	"4T1"	[2]
"4.4.80677568161.1"	[-138829, 30517, -1620, -1, 1]	80677568161	532.952126908	"4T1"	[2, 10]
"4.4.80677568161.2"	[55616, 8912, -1620, -1, 1]	80677568161	532.952126908	"4T1"	[2, 10]
"4.4.81109762157.1"	[6337283, 5085, -5097, -1, 1]	81109762157	533.664460675	"4T1"	[]
"4.4.81245811433.1"	[15204296, 16685, -8349, -1, 1]	81245811433	533.888105269	"4T1"	[2]
"4.4.81577100753.1"	[-82691, -25751, -1626, -1, 1]	81577100753	534.431522863	"4T1"	[]
"4.4.81588122029.1"	[10685445, -6833, -6853, -1, 1]	81588122029	534.449572717	"4T1"	[5]
"4.4.81698733909.1"	[2553775, -24020, -4834, -1, 1]	81698733909	534.630623706	"4T1"	[2, 2, 4]
"4.4.81698733909.2"	[5053285, 14434, -4834, -1, 1]	81698733909	534.630623706	"4T1"	[2, 2, 4]
"4.4.81776150528.5"	[79859522, 0, -25276, 0, 1]	81776150528	534.757230919	"4T1"	[2, 26]
"4.4.81826932973.1"	[33591979, 11759, -11761, -1, 1]	81826932973	534.840231763	"4T1"	[2, 2]
"4.4.81974500289.1"	[10311103, -15169, -7598, -1, 1]	81974500289	535.081202601	"4T1"	[10]
"4.4.82364799181.1"	[-66793, 35447, -2229, -1, 1]	82364799181	535.71697883	"4T1"	[3, 12]
"4.4.82364799181.2"	[665631, 18801, -2229, -1, 1]	82364799181	535.71697883	"4T1"	[4]
"4.4.82515776789.1"	[12592637, 7152, -7158, -1, 1]	82515776789	535.96230733	"4T1"	[5]
"4.4.82561700561.1"	[4109861, -8553, -4320, -1, 1]	82561700561	536.036863604	"4T1"	[2]
"4.4.82674281857.2"	[15471987, 16831, -8422, -1, 1]	82674281857	536.219505465	"4T1"	[2, 2]
"4.4.82689086473.1"	[2160614, -29191, -7311, -1, 1]	82689086473	536.243509275	"4T1"	[2]
"4.4.82729925221.1"	[39405, -33248, -4780, -1, 1]	82729925221	536.309707426	"4T1"	[3]
"4.4.82840872461.1"	[6123025, 40087, -13365, -1, 1]	82840872461	536.489425289	"4T1"	[2]
"4.4.83275197392.1"	[625613, 0, -1733, 0, 1]	83275197392	537.191234685	"4T1"	[]
"4.4.83321964544.1"	[2533986, 0, -6188, 0, 1]	83321964544	537.266640135	"4T1"	[2, 2, 20]
"4.4.83321964544.2"	[7038850, 0, -6188, 0, 1]	83321964544	537.266640135	"4T1"	[2, 2, 20]
"4.4.83396175409.1"	[-205087, -34679, -1638, -1, 1]	83396175409	537.386229587	"4T1"	[4]
"4.4.83396175409.2"	[-205087, 35225, -1638, -1, 1]	83396175409	537.386229587	"4T1"	[4]
"4.4.83423211584.2"	[10531904, 0, -7654, 0, 1]	83423211584	537.429778054	"4T1"	[2]
"4.4.83511397493.1"	[105851, 38460, -5514, -1, 1]	83511397493	537.571749805	"4T1"	[]
"4.4.83568086848.1"	[4372, 0, -2186, 0, 1]	83568086848	537.662955443	"4T1"	[5]
"4.4.83587659584.1"	[2674100, 0, -4862, 0, 1]	83587659584	537.694434598	"4T1"	[2, 2, 4]
"4.4.83587659584.2"	[5241236, 0, -4862, 0, 1]	83587659584	537.694434598	"4T1"	[2, 2, 4]
"4.4.83804900657.1"	[6508736, 27240, -6822, -1, 1]	83804900657	538.043456347	"4T1"	[2]
"4.4.83963717632.1"	[877482, 0, -4756, 0, 1]	83963717632	538.298184218	"4T1"	[2, 2]
"4.4.83963717632.2"	[4777402, 0, -4756, 0, 1]	83963717632	538.298184218	"4T1"	[2, 2]
"4.4.84122175488.2"	[82150562, 0, -25636, 0, 1]	84122175488	538.55197621	"4T1"	[2, 2, 2]
"4.4.84240095633.2"	[1060144, 37204, -6216, -1, 1]	84240095633	538.740608908	"4T1"	[2, 2]
"4.4.84315766625.1"	[57536, -8496, -1644, -1, 1]	84315766625	538.861552832	"4T1"	[10]
"4.4.84433792336.1"	[391725, 0, -1741, 0, 1]	84433792336	539.050029325	"4T1"	[5]
"4.4.84488939072.1"	[280832, 0, -2194, 0, 1]	84488939072	539.138025999	"4T1"	[2]
"4.4.84684401125.1"	[-77689, 37964, -3504, -1, 1]	84684401125	539.449574843	"4T1"	[2, 4]
"4.4.84684401125.2"	[2074331, -17216, -3504, -1, 1]	84684401125	539.449574843	"4T1"	[2, 4]
"4.4.84736773901.3"	[12767661, 27957, -9325, -1, 1]	84736773901	539.53296069	"4T1"	[2, 2]
"4.4.84901405825.1"	[2218911, -29579, -7408, -1, 1]	84901405825	539.794829603	"4T1"	[2, 10]
"4.4.85389620517.1"	[157609, -23684, -1852, -1, 1]	85389620517	540.569167133	"4T1"	[4]
"4.4.85389620517.2"	[437053, 1720, -1852, -1, 1]	85389620517	540.569167133	"4T1"	[4]
"4.4.85413186217.1"	[5091098, 21049, -5283, -1, 1]	85413186217	540.606459641	"4T1"	[2]
"4.4.85568568337.1"	[16014377, 17123, -8568, -1, 1]	85568568337	540.852157459	"4T1"	[2]
"4.4.85707789929.1"	[-110380, -28383, -1653, -1, 1]	85707789929	541.072017396	"4T1"	[9]
"4.4.85732212800.1"	[150800, 0, -3770, 0, 1]	85732212800	541.110558584	"4T1"	[2, 2, 2, 2]
"4.4.85732212800.2"	[2412800, 0, -3770, 0, 1]	85732212800	541.110558584	"4T1"	[2, 2, 2, 2]
"4.4.85865929169.1"	[10801493, -15525, -7776, -1, 1]	85865929169	541.321427567	"4T1"	[2]
"4.4.86136010273.1"	[1903968, -24864, -4186, -1, 1]	86136010273	541.746592005	"4T1"	[10]
"4.4.86211953273.1"	[74560012, 1, -17805, -1, 1]	86211953273	541.865962132	"4T1"	[2]
"4.4.86350888000.1"	[17680, 0, -2210, 0, 1]	86350888000	542.084141117	"4T1"	[2, 4, 4]
"4.4.86350888000.2"	[159120, 0, -2210, 0, 1]	86350888000	542.084141117	"4T1"	[2, 4, 4]
"4.4.86350888000.3"	[636480, 0, -2210, 0, 1]	86350888000	542.084141117	"4T1"	[2, 4, 4]
"4.4.86350888000.4"	[1131520, 0, -2210, 0, 1]	86350888000	542.084141117	"4T1"	[2, 4, 4]
"4.4.86430254625.1"	[5068651, 36469, -9124, -1, 1]	86430254625	542.208657983	"4T1"	[2, 2, 4]
"4.4.86430254625.2"	[20420416, 4, -9124, -1, 1]	86430254625	542.208657983	"4T1"	[2, 2, 4]
"4.4.86448146432.5"	[84422018, 0, -25988, 0, 1]	86448146432	542.23671627	"4T1"	[2, 2, 2]
"4.4.86501378048.2"	[84474002, 0, -25996, 0, 1]	86501378048	542.320169401	"4T1"	[2, 2]
"4.4.86587817425.1"	[-76176, -33948, -2080, -1, 1]	86587817425	542.455601525	"4T1"	[2, 4]
"4.4.86587817425.2"	[286944, 26572, -2080, -1, 1]	86587817425	542.455601525	"4T1"	[2, 4]
"4.4.86608954361.1"	[12857596, -22978, -11495, -1, 1]	86608954361	542.488703179	"4T1"	[2]
"4.4.86666763328.2"	[16263232, 0, -8614, 0, 1]	86666763328	542.579204401	"4T1"	[2]
"4.4.87034384393.1"	[16289076, 17269, -8641, -1, 1]	87034384393	543.153666398	"4T1"	[2]
"4.4.87057508352.1"	[117962, 0, -1396, 0, 1]	87057508352	543.189740107	"4T1"	[2]
"4.4.87057508352.2"	[369242, 0, -1396, 0, 1]	87057508352	543.189740107	"4T1"	[2]
"4.4.87212161709.1"	[6447013, 41131, -13713, -1, 1]	87212161709	543.430816994	"4T1"	[2]
"4.4.87243106304.1"	[1555850, 0, -4292, 0, 1]	87243106304	543.479015574	"4T1"	[2, 4]
"4.4.87243106304.2"	[3049466, 0, -4292, 0, 1]	87243106304	543.479015574	"4T1"	[2, 4]
"4.4.87292033856.1"	[536756, 0, -2218, 0, 1]	87292033856	543.555197832	"4T1"	[]
"4.4.87378874301.1"	[1803707, 31557, -4539, -1, 1]	87378874301	543.690333233	"4T1"	[]
"4.4.87531875477.1"	[6841603, 5282, -5294, -1, 1]	87531875477	543.928178751	"4T1"	[]
"4.4.87543960400.1"	[11513125, 0, -7085, 0, 1]	87543960400	543.946951883	"4T1"	[2, 2, 2]
"4.4.87560228117.1"	[-24517, 38914, -4358, -1, 1]	87560228117	543.972219641	"4T1"	[]
"4.4.87582701453.2"	[1923311, -30485, -10169, -1, 1]	87582701453	544.007120458	"4T1"	[2, 10]
"4.4.87587538121.1"	[22604, -15266, -1665, -1, 1]	87587538121	544.014630866	"4T1"	[5, 5]
"4.4.87725684917.1"	[32432663, -20536, -20538, -1, 1]	87725684917	544.229014869	"4T1"	[2]
"4.4.87730227200.5"	[85674050, 0, -26180, 0, 1]	87730227200	544.23605954	"4T1"	[2, 2, 2, 2]
"4.4.87845482121.1"	[11050960, -15703, -7865, -1, 1]	87845482121	544.414718047	"4T1"	[2]
"4.4.87888896981.1"	[6134071, -18206, -6090, -1, 1]	87888896981	544.481970537	"4T1"	[]
"4.4.87973954000.1"	[778365, 0, -1765, 0, 1]	87973954000	544.613657294	"4T1"	[12]
"4.4.88052221952.2"	[85988498, 0, -26228, 0, 1]	88052221952	544.734748764	"4T1"	[2]
"4.4.88093331713.1"	[310671, 34365, -2944, -1, 1]	88093331713	544.798318982	"4T1"	[26]
"4.4.88097908549.2"	[13274937, 28506, -9508, -1, 1]	88097908549	544.805395011	"4T1"	[2]
"4.4.88116127744.3"	[765850, 0, -3604, 0, 1]	88116127744	544.833560113	"4T1"	[2, 4]
"4.4.88116127744.4"	[2481354, 0, -3604, 0, 1]	88116127744	544.833560113	"4T1"	[2, 4]
"4.4.88237430293.1"	[1963331, -29624, -5946, -1, 1]	88237430293	545.02097078	"4T1"	[]
"4.4.88274764169.1"	[3338950, 25, -3759, -1, 1]	88274764169	545.078612185	"4T1"	[10]
"4.4.88503356821.1"	[1019661, -17288, -2590, -1, 1]	88503356821	545.431148244	"4T1"	[6, 12]
"4.4.88503356821.2"	[1396279, 2534, -2590, -1, 1]	88503356821	545.431148244	"4T1"	[2, 20]
"4.4.88537631993.1"	[49706, 11421, -1671, -1, 1]	88537631993	545.483948591	"4T1"	[5]
"4.4.88854801437.1"	[114847, 39671, -5687, -1, 1]	88854801437	545.971817151	"4T1"	[]
"4.4.89194791232.1"	[755092, 0, -2234, 0, 1]	89194791232	546.493339586	"4T1"	[]
"4.4.89413661137.1"	[2337833, -30355, -7602, -1, 1]	89413661137	546.828283578	"4T1"	[2]
"4.4.89575860901.1"	[11733807, -7160, -7180, -1, 1]	89575860901	547.076106854	"4T1"	[]
"4.4.89650156352.2"	[1994708, 0, -10282, 0, 1]	89650156352	547.189509701	"4T1"	[2, 2]
"4.4.89837806229.1"	[-111247, 38880, -3066, -1, 1]	89837806229	547.475620597	"4T1"	[4]
"4.4.89837806229.2"	[247283, -32826, -3066, -1, 1]	89837806229	547.475620597	"4T1"	[4]
"4.4.89911554125.1"	[-37739, -35291, -3969, -1, 1]	89911554125	547.587941772	"4T1"	[4]
"4.4.89911554125.2"	[1971221, 27489, -3969, -1, 1]	89911554125	547.587941772	"4T1"	[4]
"4.4.89975616641.1"	[-208384, -35568, -1680, -1, 1]	89975616641	547.685455636	"4T1"	[3]
"4.4.90003362137.1"	[16845482, 17561, -8787, -1, 1]	90003362137	547.727672762	"4T1"	[2, 2]
"4.4.90072406073.1"	[58516, 38666, -3911, -1, 1]	90072406073	547.832686618	"4T1"	[2, 2, 2]
"4.4.90072406073.2"	[2438894, 23209, -3911, -1, 1]	90072406073	547.832686618	"4T1"	[2, 2, 2]
"4.4.90085328896.1"	[57186, 0, -1412, 0, 1]	90085328896	547.852335154	"4T1"	[2, 2, 4]
"4.4.90085328896.2"	[441250, 0, -1412, 0, 1]	90085328896	547.852335154	"4T1"	[2, 2, 20]
"4.4.90344667557.1"	[1984367, -30962, -10328, -1, 1]	90344667557	548.24620108	"4T1"	[2]
"4.4.90388200656.1"	[44525, 0, -1781, 0, 1]	90388200656	548.312233048	"4T1"	[4]
"4.4.90457606097.1"	[5403424, 16, -4722, -1, 1]	90457606097	548.417459446	"4T1"	[6]
"4.4.90564380981.1"	[6695485, 41914, -13974, -1, 1]	90564380981	548.57922392	"4T1"	[2]
"4.4.90661658944.1"	[13705236, 0, -9638, 0, 1]	90661658944	548.726476038	"4T1"	[2]
"4.4.90774028825.1"	[-175224, 38521, -2113, -1, 1]	90774028825	548.896425748	"4T1"	[2, 2, 2]
"4.4.90774028825.2"	[162916, 30836, -2113, -1, 1]	90774028825	548.896425748	"4T1"	[2, 2, 2]
"4.4.90807961600.1"	[2761650, 0, -6460, 0, 1]	90807961600	548.947715111	"4T1"	[2, 2, 4]
"4.4.90807961600.2"	[7671250, 0, -6460, 0, 1]	90807961600	548.947715111	"4T1"	[2, 2, 4]
"4.4.91135875088.2"	[2421508, 0, -7663, 0, 1]	91135875088	549.442616968	"4T1"	[2, 2]
"4.4.91360232797.1"	[37507393, 12425, -12427, -1, 1]	91360232797	549.780458813	"4T1"	[2]
"4.4.91429087625.1"	[-246244, 38574, -1689, -1, 1]	91429087625	549.884016849	"4T1"	[2, 20]
"4.4.91429087625.2"	[-174164, -33506, -1689, -1, 1]	91429087625	549.884016849	"4T1"	[2, 4]
"4.4.91429087625.3"	[-174164, 34069, -1689, -1, 1]	91429087625	549.884016849	"4T1"	[2, 4]
"4.4.91429087625.4"	[-11984, -19991, -1689, -1, 1]	91429087625	549.884016849	"4T1"	[2, 4]
"4.4.91506523825.1"	[17127189, 17707, -8860, -1, 1]	91506523825	550.000411457	"4T1"	[2, 2]
"4.4.91588560896.1"	[237650, 0, -2716, 0, 1]	91588560896	550.12364109	"4T1"	[2, 4]
"4.4.91588560896.2"	[1606514, 0, -2716, 0, 1]	91588560896	550.12364109	"4T1"	[2, 4]
"4.4.91611713104.1"	[788949, 0, -1789, 0, 1]	91611713104	550.158403537	"4T1"	[]
"4.4.91713597097.1"	[2398458, -30743, -7699, -1, 1]	91713597097	550.31130149	"4T1"	[2]
"4.4.91797068833.1"	[5474203, 21821, -5476, -1, 1]	91797068833	550.436473143	"4T1"	[2]
"4.4.91917033697.1"	[-82944, 27360, -1692, -1, 1]	91917033697	550.616219352	"4T1"	[]
"4.4.92100460096.2"	[451600, 0, -2258, 0, 1]	92100460096	550.890711614	"4T1"	[2, 18]
"4.4.92255389661.1"	[6440117, -18653, -6239, -1, 1]	92255389661	551.122239967	"4T1"	[]
"4.4.92261027729.1"	[13697440, -23716, -11864, -1, 1]	92261027729	551.130660054	"4T1"	[2, 2]
"4.4.92346765453.1"	[-95247, -34089, -1901, -1, 1]	92346765453	551.258656217	"4T1"	[4]
"4.4.92346765453.2"	[243741, -21051, -1901, -1, 1]	92346765453	551.258656217	"4T1"	[4]
"4.4.92355094528.1"	[965178, 0, -4988, 0, 1]	92355094528	551.271085779	"4T1"	[4]
"4.4.92355094528.2"	[5254858, 0, -4988, 0, 1]	92355094528	551.271085779	"4T1"	[4]
"4.4.92642064448.4"	[17384512, 0, -8906, 0, 1]	92642064448	551.698821299	"4T1"	[2, 2, 2]
"4.4.92794691197.1"	[34307003, -21121, -21123, -1, 1]	92794691197	551.925910436	"4T1"	[2]
"4.4.93215367725.2"	[6891989, 42523, -14177, -1, 1]	93215367725	552.550376654	"4T1"	[2, 2, 10]
"4.4.93391282153.1"	[-111316, 29774, -1701, -1, 1]	93391282153	552.810883244	"4T1"	[2]
"4.4.93391282153.2"	[52016, -11059, -1701, -1, 1]	93391282153	552.810883244	"4T1"	[2]
"4.4.93590383081.1"	[1507392, 27928, -3547, -1, 1]	93590383081	553.105282447	"4T1"	[2, 2]
"4.4.93590383081.2"	[2428026, -13919, -3547, -1, 1]	93590383081	553.105282447	"4T1"	[2, 2]
"4.4.93664144801.1"	[3401792, 7592, -3834, -1, 1]	93664144801	553.214230458	"4T1"	[2]
"4.4.93901384741.1"	[3811095, 12324, -4144, -1, 1]	93901384741	553.564204387	"4T1"	[]
"4.4.93919495025.5"	[11816449, -16237, -8132, -1, 1]	93919495025	553.590893237	"4T1"	[2, 2, 2, 2]
"4.4.94101573157.1"	[38633303, 12610, -12612, -1, 1]	94101573157	553.859004771	"4T1"	[2]
"4.4.94151265941.1"	[598369, -32126, -3630, -1, 1]	94151265941	553.93211021	"4T1"	[]
"4.4.94382820377.1"	[-248014, 38985, -1707, -1, 1]	94382820377	554.272379961	"4T1"	[2]
"4.4.94382820377.2"	[-56788, 25326, -1707, -1, 1]	94382820377	554.272379961	"4T1"	[2]
"4.4.94526920241.1"	[83840, -35096, -3014, -1, 1]	94526920241	554.483819093	"4T1"	[2, 4, 8]
"4.4.94526920241.2"	[1126297, -23383, -3014, -1, 1]	94526920241	554.483819093	"4T1"	[2, 4, 8]
"4.4.94550192833.1"	[17697611, 17999, -9006, -1, 1]	94550192833	554.517944516	"4T1"	[2, 2]
"4.4.94601062400.1"	[546650, 0, -7540, 0, 1]	94601062400	554.592514428	"4T1"	[2, 2, 4]
"4.4.94601062400.2"	[13666250, 0, -7540, 0, 1]	94601062400	554.592514428	"4T1"	[2, 2, 4]
"4.4.94671702016.1"	[2879154, 0, -6596, 0, 1]	94671702016	554.696015478	"4T1"	[2, 4]
"4.4.94671702016.2"	[7997650, 0, -6596, 0, 1]	94671702016	554.696015478	"4T1"	[2, 20]
"4.4.94881210481.1"	[8249, 18529, -1710, -1, 1]	94881210481	555.002646683	"4T1"	[]
"4.4.95043225677.2"	[2088247, -31757, -10593, -1, 1]	95043225677	555.239419963	"4T1"	[2, 2]
"4.4.95108224789.1"	[12459965, -7378, -7398, -1, 1]	95108224789	555.3343263	"4T1"	[]
"4.4.95228704064.2"	[7077044, 0, -14326, 0, 1]	95228704064	555.510111616	"4T1"	[2, 2, 2]
"4.4.95301903953.2"	[7405504, 29048, -7274, -1, 1]	95301903953	555.616832491	"4T1"	[2, 2]
"4.4.95408905237.1"	[3722537, 23216, -4674, -1, 1]	95408905237	555.772723132	"4T1"	[]
"4.4.95461869632.3"	[82579472, 0, -18734, 0, 1]	95461869632	555.849838681	"4T1"	[2, 4, 4]
"4.4.95640792589.1"	[4489775, 28745, -5769, -1, 1]	95640792589	556.110111372	"4T1"	[]
"4.4.95780327897.1"	[1209748, 39670, -6627, -1, 1]	95780327897	556.312834958	"4T1"	[2]
"4.4.95954071333.1"	[3401811, -12006, -4056, -1, 1]	95954071333	556.564948377	"4T1"	[]
"4.4.95997229493.1"	[2109341, -31916, -10646, -1, 1]	95997229493	556.62752068	"4T1"	[2]
"4.4.96071912000.1"	[1172480, 0, -2290, 0, 1]	96071912000	556.735748325	"4T1"	[2, 8]
"4.4.96090700153.1"	[17986326, 18145, -9079, -1, 1]	96090700153	556.762965618	"4T1"	[2]
"4.4.96401524736.1"	[441650, 0, -3212, 0, 1]	96401524736	557.212660784	"4T1"	[2, 4]
"4.4.96401524736.2"	[2137586, 0, -3212, 0, 1]	96401524736	557.212660784	"4T1"	[2, 20]
"4.4.97104838949.1"	[14823323, 7758, -7764, -1, 1]	97104838949	558.226202703	"4T1"	[]
"4.4.97138214912.5"	[94861538, 0, -27548, 0, 1]	97138214912	558.274163588	"4T1"	[2, 2]
"4.4.97414595525.1"	[3051025, -26230, -5276, -1, 1]	97414595525	558.670845266	"4T1"	[2, 2, 4]
"4.4.97414595525.2"	[6032315, 15760, -5276, -1, 1]	97414595525	558.670845266	"4T1"	[2, 2, 4]
"4.4.97420903817.1"	[84255214, 1, -18927, -1, 1]	97420903817	558.67988953	"4T1"	[2, 2]
"4.4.97444671157.1"	[40006373, 12832, -12834, -1, 1]	97444671157	558.713961068	"4T1"	[2, 2]
"4.4.98081632001.2"	[12341015, -16593, -8310, -1, 1]	98081632001	559.624759675	"4T1"	[2, 2]
"4.4.98099748928.2"	[73792, 0, -2306, 0, 1]	98099748928	559.65060034	"4T1"	[2, 2]
"4.4.98123614469.1"	[2030743, 33440, -4808, -1, 1]	98123614469	559.684634949	"4T1"	[]
"4.4.98189012032.1"	[2608912, 0, -7954, 0, 1]	98189012032	559.777866499	"4T1"	[2, 2]
"4.4.98251986469.1"	[-123445, -37436, -2364, -1, 1]	98251986469	559.867599607	"4T1"	[4]
"4.4.98251986469.2"	[706293, -19782, -2364, -1, 1]	98251986469	559.867599607	"4T1"	[4]
"4.4.98788638193.1"	[2584989, -31907, -7990, -1, 1]	98788638193	560.630537011	"4T1"	[2]
"4.4.99124281152.1"	[226772, 0, -2314, 0, 1]	99124281152	561.106129197	"4T1"	[4]
"4.4.99124281152.2"	[1337492, 0, -2314, 0, 1]	99124281152	561.106129197	"4T1"	[68]
"4.4.99170691625.1"	[3090636, 29034, -4869, -1, 1]	99170691625	561.171795827	"4T1"	[2, 2, 10]
"4.4.99170691625.2"	[5566796, 9689, -4869, -1, 1]	99170691625	561.171795827	"4T1"	[2, 2, 4]
"4.4.99445904137.1"	[-250924, 39670, -1737, -1, 1]	99445904137	561.560723828	"4T1"	[4]
"4.4.99445904137.2"	[82652, 2606, -1737, -1, 1]	99445904137	561.560723828	"4T1"	[4]
"4.4.99516875600.2"	[7395725, 0, -14645, 0, 1]	99516875600	561.660889151	"4T1"	[2, 2, 2]
"4.4.99588352000.1"	[730, 0, -1460, 0, 1]	99588352000	561.761712981	"4T1"	[2, 12]
"4.4.99588352000.2"	[210970, 0, -1460, 0, 1]	99588352000	561.761712981	"4T1"	[2, 12]
"4.4.99588352000.3"	[321930, 0, -1460, 0, 1]	99588352000	561.761712981	"4T1"	[2, 12]
"4.4.99588352000.4"	[532170, 0, -1460, 0, 1]	99588352000	561.761712981	"4T1"	[2, 60]
"4.4.99651743021.1"	[15212779, 7859, -7865, -1, 1]	99651743021	561.851086263	"4T1"	[]
"4.4.99665697344.3"	[12582464, 0, -8366, 0, 1]	99665697344	561.870754358	"4T1"	[2, 10]
"4.4.99691587584.1"	[1777850, 0, -4588, 0, 1]	99691587584	561.907240211	"4T1"	[4]
"4.4.99691587584.2"	[3484586, 0, -4588, 0, 1]	99691587584	561.907240211	"4T1"	[5, 20]
"4.4.99705821077.1"	[40935073, 12980, -12982, -1, 1]	99705821077	561.927295751	"4T1"	[2]
"4.4.99791638577.1"	[1261808, 40492, -6764, -1, 1]	99791638577	562.048170436	"4T1"	[2]
"4.4.99911392064.2"	[7425044, 0, -14674, 0, 1]	99911392064	562.216714017	"4T1"	[2, 2]
"4.4.100038670157.1"	[133877, 42093, -6033, -1, 1]	100038670157	562.395681877	"4T1"	[]
"4.4.100075014976.2"	[15128244, 0, -10126, 0, 1]	100075014976	562.446755589	"4T1"	[2]
"4.4.100195398377.2"	[1778408, -31091, -5213, -1, 1]	100195398377	562.615825589	"4T1"	[2, 2]
"4.4.100196539001.1"	[12607570, -16771, -8399, -1, 1]	100196539001	562.617426787	"4T1"	[2, 2]
"4.4.100479771449.1"	[83228, -2034, -1743, -1, 1]	100479771449	563.014603356	"4T1"	[3]
"4.4.100598468752.1"	[2672932, 0, -8051, 0, 1]	100598468752	563.180802806	"4T1"	[2]
"4.4.100846121413.1"	[41403419, 13054, -13056, -1, 1]	100846121413	563.527092001	"4T1"	[2]
"4.4.100981350109.1"	[15219495, 30519, -10179, -1, 1]	100981350109	563.715911221	"4T1"	[2]
"4.4.100999381393.1"	[-31744, 23576, -1746, -1, 1]	100999381393	563.74107389	"4T1"	[5]
"4.4.101242800128.5"	[98869922, 0, -28124, 0, 1]	101242800128	564.080435599	"4T1"	[2, 2]
"4.4.101760285301.1"	[4779375, 29650, -5950, -1, 1]	101760285301	564.799858162	"4T1"	[]
"4.4.102043969217.1"	[80591, 4965, -1752, -1, 1]	102043969217	565.193079855	"4T1"	[]
"4.4.102195007301.1"	[7557655, 44524, -14844, -1, 1]	102195007301	565.402103326	"4T1"	[2]
"4.4.102687868928.5"	[100281122, 0, -28324, 0, 1]	102687868928	566.082573063	"4T1"	[2, 2, 2]
"4.4.102819187117.1"	[2292089, -31979, -6417, -1, 1]	102819187117	566.263464236	"4T1"	[]
"4.4.103123846096.1"	[418725, 0, -1861, 0, 1]	103123846096	566.682466497	"4T1"	[]
"4.4.103214248000.1"	[4909120, 0, -6670, 0, 1]	103214248000	566.806619018	"4T1"	[2, 2, 4]
"4.4.103214248000.2"	[11045520, 0, -6670, 0, 1]	103214248000	566.806619018	"4T1"	[2, 2, 4]
"4.4.103415112229.1"	[421723, 33986, -2728, -1, 1]	103415112229	567.082182189	"4T1"	[4]
"4.4.103415112229.2"	[1465623, -7770, -2728, -1, 1]	103415112229	567.082182189	"4T1"	[20]
"4.4.103651359937.1"	[2713223, -32683, -8184, -1, 1]	103651359937	567.405774277	"4T1"	[26]
"4.4.103717577581.1"	[13590077, -7705, -7725, -1, 1]	103717577581	567.496374332	"4T1"	[]
"4.4.103735977488.1"	[182468, 0, -4147, 0, 1]	103735977488	567.521541681	"4T1"	[2, 2, 4]
"4.4.103735977488.2"	[2919488, 0, -4147, 0, 1]	103735977488	567.521541681	"4T1"	[2, 2, 4]
"4.4.103979964913.1"	[19464941, 18875, -9444, -1, 1]	103979964913	567.85495098	"4T1"	[10]
"4.4.104137738225.1"	[812589, 4123, -2212, -1, 1]	104137738225	568.070236259	"4T1"	[2]
"4.4.104154702625.1"	[-82944, -27936, -1764, -1, 1]	104154702625	568.09337	"4T1"	[8]
"4.4.104154702625.2"	[81731, -4411, -1764, -1, 1]	104154702625	568.09337	"4T1"	[8]
"4.4.104205399493.1"	[38526309, -22382, -22384, -1, 1]	104205399493	568.162486656	"4T1"	[2]
"4.4.104208104000.3"	[6166160, 0, -10010, 0, 1]	104208104000	568.166173088	"4T1"	[2, 2, 2, 4]
"4.4.104208104000.4"	[24664640, 0, -10010, 0, 1]	104208104000	568.166173088	"4T1"	[2, 2, 2, 4]
"4.4.104409469817.1"	[8116048, 30404, -7613, -1, 1]	104409469817	568.440447426	"4T1"	[2]
"4.4.104647547221.1"	[15772887, 31068, -10362, -1, 1]	104647547221	568.764214175	"4T1"	[2, 4]
"4.4.104865037200.1"	[90713700, 0, -19635, 0, 1]	104865037200	569.059501139	"4T1"	[2, 2, 2, 2]
"4.4.105079949312.1"	[102617138, 0, -28652, 0, 1]	105079949312	569.350837281	"4T1"	[2, 2]
"4.4.105220897361.1"	[44536, -13868, -1770, -1, 1]	105220897361	569.541664733	"4T1"	[]
"4.4.105421615424.1"	[1365236, 0, -2362, 0, 1]	105421615424	569.813083285	"4T1"	[]
"4.4.105756712489.1"	[-55732, -25714, -1773, -1, 1]	105756712489	570.265351803	"4T1"	[3]
"4.4.105806610128.1"	[91973, 0, -1877, 0, 1]	105806610128	570.33260489	"4T1"	[]
"4.4.105879134933.1"	[143911, 43304, -6206, -1, 1]	105879134933	570.430312947	"4T1"	[2, 34]
"4.4.105989993909.1"	[7402955, -19994, -6686, -1, 1]	105989993909	570.579569234	"4T1"	[]
"4.4.106126529113.2"	[2778504, -33071, -8281, -1, 1]	106126529113	570.763234196	"4T1"	[2, 2]
"4.4.106143922601.1"	[15760396, -25438, -12725, -1, 1]	106143922601	570.786618908	"4T1"	[2, 2]
"4.4.106281199616.1"	[90266, 0, -1492, 0, 1]	106281199616	570.971080506	"4T1"	[2]
"4.4.106281199616.2"	[466250, 0, -1492, 0, 1]	106281199616	570.971080506	"4T1"	[10]
"4.4.106375698000.1"	[265939245, 0, -36465, 0, 1]	106375698000	571.097955869	"4T1"	[2, 2, 2, 2]
"4.4.106676614049.1"	[13424323, -17305, -8666, -1, 1]	106676614049	571.501409248	"4T1"	[10]
"4.4.106734536873.1"	[92311106, 1, -19811, -1, 1]	106734536873	571.578971322	"4T1"	[2]
"4.4.106833793625.1"	[-254914, 40629, -1779, -1, 1]	106833793625	571.711808593	"4T1"	[2, 4]
"4.4.106833793625.2"	[-178994, -35291, -1779, -1, 1]	106833793625	571.711808593	"4T1"	[2, 4]
"4.4.106833793625.3"	[-112564, -30546, -1779, -1, 1]	106833793625	571.711808593	"4T1"	[2, 4]
"4.4.106833793625.4"	[77236, 7414, -1779, -1, 1]	106833793625	571.711808593	"4T1"	[2, 4]
"4.4.107101243193.1"	[92628292, 1, -19845, -1, 1]	107101243193	572.069281488	"4T1"	[2, 2]
"4.4.107141076253.1"	[4185681, 24601, -4951, -1, 1]	107141076253	572.122465027	"4T1"	[]
"4.4.107165266000.1"	[16965, 0, -1885, 0, 1]	107165266000	572.154754991	"4T1"	[2, 4, 4]
"4.4.107165266000.2"	[544765, 0, -1885, 0, 1]	107165266000	572.154754991	"4T1"	[2, 4, 4]
"4.4.107165266000.3"	[680485, 0, -1885, 0, 1]	107165266000	572.154754991	"4T1"	[2, 4, 4]
"4.4.107165266000.4"	[831285, 0, -1885, 0, 1]	107165266000	572.154754991	"4T1"	[2, 4, 4]
"4.4.107417319125.1"	[-37009, -38576, -4334, -1, 1]	107417319125	572.490886224	"4T1"	[4]
"4.4.107417319125.2"	[2364691, 30044, -4334, -1, 1]	107417319125	572.490886224	"4T1"	[4]
"4.4.107508163177.1"	[3697668, -17840, -4507, -1, 1]	107508163177	572.611888374	"4T1"	[2]
"4.4.107578513216.1"	[118900, 0, -2378, 0, 1]	107578513216	572.705540303	"4T1"	[4]
"4.4.107578513216.2"	[1070100, 0, -2378, 0, 1]	107578513216	572.705540303	"4T1"	[4]
"4.4.107816872277.1"	[2370737, -33824, -11282, -1, 1]	107816872277	573.02250945	"4T1"	[2, 4]
"4.4.107927445877.1"	[2407327, -32764, -6574, -1, 1]	107927445877	573.169371455	"4T1"	[]
"4.4.108002072128.3"	[2869648, 0, -8342, 0, 1]	108002072128	573.268425025	"4T1"	[2, 2]
"4.4.108392898881.1"	[4110875, 25, -4160, -1, 1]	108392898881	573.786343886	"4T1"	[10]
"4.4.108608609317.1"	[40154481, -22850, -22852, -1, 1]	108608609317	574.071601136	"4T1"	[2]
"4.4.108667907648.1"	[1221632, 0, -2386, 0, 1]	108667907648	574.149943269	"4T1"	[2]
"4.4.108839293781.1"	[1013617, 37660, -4230, -1, 1]	108839293781	574.376190365	"4T1"	[]
"4.4.108928714752.2"	[106375698, 0, -29172, 0, 1]	108928714752	574.494129067	"4T1"	[2, 2, 2, 2]
"4.4.109009845433.1"	[-256036, -40306, -1791, -1, 1]	109009845433	574.601070767	"4T1"	[2, 4, 4]
"4.4.109009845433.2"	[-179604, 36126, -1791, -1, 1]	109009845433	574.601070767	"4T1"	[2, 2, 4]
"4.4.109314687257.2"	[94542832, 1, -20049, -1, 1]	109314687257	575.002362615	"4T1"	[2, 2, 2]
"4.4.109592729441.1"	[16272896, -25848, -12930, -1, 1]	109592729441	575.36764438	"4T1"	[2, 2]
"4.4.109634844125.1"	[1306141, 33859, -3819, -1, 1]	109634844125	575.422912498	"4T1"	[4]
"4.4.109634844125.2"	[3411041, 3789, -3819, -1, 1]	109634844125	575.422912498	"4T1"	[4]
"4.4.109737232384.1"	[18850, 0, -1508, 0, 1]	109737232384	575.557212702	"4T1"	[2, 4]
"4.4.109737232384.2"	[169650, 0, -1508, 0, 1]	109737232384	575.557212702	"4T1"	[2, 4]
"4.4.109737232384.3"	[398866, 0, -1508, 0, 1]	109737232384	575.557212702	"4T1"	[2, 4]
"4.4.109737232384.4"	[549666, 0, -1508, 0, 1]	109737232384	575.557212702	"4T1"	[2, 4]
"4.4.109917371216.1"	[321269, 0, -1901, 0, 1]	109917371216	575.793268504	"4T1"	[3]
"4.4.110068934656.1"	[956650, 0, -4028, 0, 1]	110068934656	575.991654161	"4T1"	[4]
"4.4.110068934656.2"	[3099546, 0, -4028, 0, 1]	110068934656	575.991654161	"4T1"	[4]
"4.4.110108865257.1"	[78916, -6890, -1797, -1, 1]	110108865257	576.043886348	"4T1"	[5]
"4.4.110247053312.2"	[107663138, 0, -29348, 0, 1]	110247053312	576.224536989	"4T1"	[2, 2]
"4.4.110336616448.1"	[1153098, 0, -5452, 0, 1]	110336616448	576.341530505	"4T1"	[3, 12]
"4.4.110336616448.2"	[6277978, 0, -5452, 0, 1]	110336616448	576.341530505	"4T1"	[4]
"4.4.110515450513.1"	[20689881, 19459, -9736, -1, 1]	110515450513	576.574922908	"4T1"	[2, 2]
"4.4.110661134401.1"	[-217264, -38108, -1800, -1, 1]	110661134401	576.764842474	"4T1"	[]
"4.4.110712043913.2"	[8607824, 31308, -7839, -1, 1]	110712043913	576.831166013	"4T1"	[2, 2]
"4.4.110868710464.2"	[691776, 0, -2402, 0, 1]	110868710464	577.035123574	"4T1"	[2, 4]
"4.4.110874363841.1"	[386307, 42913, -5392, -1, 1]	110874363841	577.042479424	"4T1"	[2]
"4.4.110887300253.1"	[3293287, -23359, -4715, -1, 1]	110887300253	577.059310485	"4T1"	[]
"4.4.110931609600.5"	[3373650, 0, -7140, 0, 1]	110931609600	577.116948489	"4T1"	[2, 2, 2, 4]
"4.4.110931609600.6"	[9371250, 0, -7140, 0, 1]	110931609600	577.116948489	"4T1"	[2, 2, 2, 4]
"4.4.111109459121.1"	[13983065, -17661, -8844, -1, 1]	111109459121	577.34812318	"4T1"	[2]
"4.4.111139166953.1"	[1234346, -32015, -4059, -1, 1]	111139166953	577.386711347	"4T1"	[2]
"4.4.111164484073.1"	[2911394, -33847, -8475, -1, 1]	111164484073	577.419590215	"4T1"	[10]
"4.4.111176517737.2"	[96153242, 1, -20219, -1, 1]	111176517737	577.43521614	"4T1"	[2]
"4.4.111688479209.1"	[16584332, -26094, -13053, -1, 1]	111688479209	578.098835256	"4T1"	[2]
"4.4.111754790912.2"	[109135538, 0, -29548, 0, 1]	111754790912	578.184623393	"4T1"	[2, 4]
"4.4.111763028032.3"	[20972608, 0, -9782, 0, 1]	111763028032	578.195277174	"4T1"	[2, 2]
"4.4.111771206513.1"	[-29824, -23784, -1806, -1, 1]	111771206513	578.20585453	"4T1"	[]
"4.4.112002181200.1"	[41420925, 0, -23205, 0, 1]	112002181200	578.504338263	"4T1"	[2, 2, 2, 2, 2]
"4.4.112099061225.1"	[464084, -24632, -2267, -1, 1]	112099061225	578.629396864	"4T1"	[4, 4, 4]
"4.4.112099061225.2"	[826864, 8348, -2267, -1, 1]	112099061225	578.629396864	"4T1"	[2, 2, 4]
"4.4.112176053029.1"	[16909317, 32166, -10728, -1, 1]	112176053029	578.728724751	"4T1"	[2]
"4.4.112529664000.5"	[4395690, 0, -13260, 0, 1]	112529664000	579.18426618	"4T1"	[2, 2, 2, 20]
"4.4.112529664000.6"	[39561210, 0, -13260, 0, 1]	112529664000	579.18426618	"4T1"	[2, 2, 2, 20]
"4.4.112880807861.1"	[17235809, 8364, -8370, -1, 1]	112880807861	579.635568172	"4T1"	[5]
"4.4.112915215173.1"	[-18071, 44188, -4944, -1, 1]	112915215173	579.679732948	"4T1"	[5]
"4.4.112944196157.2"	[2484157, -34619, -11547, -1, 1]	112944196157	579.71692473	"4T1"	[2, 2]
"4.4.113029203968.5"	[110380082, 0, -29716, 0, 1]	113029203968	579.825975406	"4T1"	[2, 6, 6]
"4.4.113359720169.1"	[14266708, -17839, -8933, -1, 1]	113359720169	580.2493883	"4T1"	[2]
"4.4.113727269857.2"	[2979003, -34235, -8572, -1, 1]	113727269857	580.719157589	"4T1"	[2, 2]
"4.4.113891584000.1"	[4448890, 0, -13340, 0, 1]	113891584000	580.928801053	"4T1"	[2, 4]
"4.4.113891584000.2"	[40040010, 0, -13340, 0, 1]	113891584000	580.928801053	"4T1"	[2, 4]
"4.4.113932590017.1"	[8859136, 31760, -7952, -1, 1]	113932590017	580.981084022	"4T1"	[2]
"4.4.114013572049.1"	[72413, 10001, -1818, -1, 1]	114013572049	581.084295257	"4T1"	[2, 2]
"4.4.114013572049.2"	[-145792, -33640, -1818, -1, 1]	114013572049	581.084295257	"4T1"	[2, 10]
"4.4.114101849137.1"	[2534976, -28620, -4812, -1, 1]	114101849137	581.196741393	"4T1"	[2]
"4.4.114225318208.1"	[587092, 0, -2426, 0, 1]	114225318208	581.353905193	"4T1"	[]
"4.4.114568525861.1"	[5385725, 31460, -6312, -1, 1]	114568525861	581.790105966	"4T1"	[]
"4.4.114636313453.1"	[4073211, -13125, -4429, -1, 1]	114636313453	581.876144873	"4T1"	[]
"4.4.115010538649.1"	[4188708, 8410, -4243, -1, 1]	115010538649	582.350441908	"4T1"	[2]
"4.4.115066656064.2"	[17394516, 0, -10858, 0, 1]	115066656064	582.421465885	"4T1"	[2]
"4.4.115150053877.1"	[2275247, 26776, -3882, -1, 1]	115150053877	582.526968822	"4T1"	[100]
"4.4.115150053877.2"	[3467321, -3790, -3882, -1, 1]	115150053877	582.526968822	"4T1"	[4]
"4.4.115359060032.1"	[311552, 0, -2434, 0, 1]	115359060032	582.791121844	"4T1"	[2, 4]
"4.4.115521912400.1"	[148725, 0, -3305, 0, 1]	115521912400	582.996694583	"4T1"	[2, 2]
"4.4.115562131792.1"	[852453, 0, -1933, 0, 1]	115562131792	583.047431087	"4T1"	[]
"4.4.115693359277.1"	[317493, -38385, -4317, -1, 1]	115693359277	583.21288167	"4T1"	[]
"4.4.115925122000.1"	[1551645, 0, -5945, 0, 1]	115925122000	583.504742813	"4T1"	[2, 2, 4]
"4.4.115925122000.2"	[8447845, 0, -5945, 0, 1]	115925122000	583.504742813	"4T1"	[2, 2, 4]
"4.4.116225511221.1"	[8597885, 47482, -15830, -1, 1]	116225511221	583.882375522	"4T1"	[2]
"4.4.116630398976.3"	[673946, 0, -8372, 0, 1]	116630398976	584.390221464	"4T1"	[2, 4]
"4.4.116630398976.4"	[16848650, 0, -8372, 0, 1]	116630398976	584.390221464	"4T1"	[2, 4]
"4.4.116858447369.1"	[-259900, 41862, -1833, -1, 1]	116858447369	584.67567801	"4T1"	[5]
"4.4.117109736000.1"	[855440, 0, -6290, 0, 1]	117109736000	584.98974179	"4T1"	[2, 2, 2, 4]
"4.4.117816732017.2"	[101896777, 1, -20814, -1, 1]	117816732017	585.870651447	"4T1"	[2, 2]
"4.4.117927919289.1"	[14842538, -18195, -9111, -1, 1]	117927919289	586.008828592	"4T1"	[2]
"4.4.118057125317.1"	[165017, 45726, -6552, -1, 1]	118057125317	586.169275721	"4T1"	[]
"4.4.118240070489.1"	[5902922, -10239, -5163, -1, 1]	118240070489	586.396230634	"4T1"	[2]
"4.4.118455573584.1"	[48725, 0, -1949, 0, 1]	118455573584	586.663238095	"4T1"	[]
"4.4.118707324928.1"	[68962, 0, -4756, 0, 1]	118707324928	586.974695993	"4T1"	[2, 2, 8]
"4.4.118707324928.2"	[5585922, 0, -4756, 0, 1]	118707324928	586.974695993	"4T1"	[2, 2, 8]
"4.4.118805247296.1"	[4916, 0, -2458, 0, 1]	118805247296	587.095708282	"4T1"	[3]
"4.4.118964899753.2"	[22273616, 20189, -10101, -1, 1]	118964899753	587.292846197	"4T1"	[2]
"4.4.119017611833.1"	[2119054, -33887, -5679, -1, 1]	119017611833	587.357891192	"4T1"	[2]
"4.4.119885388493.1"	[44324309, -24007, -24009, -1, 1]	119885388493	588.425606627	"4T1"	[2]
"4.4.120023353408.1"	[4227328, 0, -4718, 0, 1]	120023353408	588.594824659	"4T1"	[2, 2]
"4.4.120245857361.1"	[15134725, -18373, -9200, -1, 1]	120245857361	588.867425208	"4T1"	[2]
"4.4.120261773312.9"	[117443138, 0, -30652, 0, 1]	120261773312	588.88691012	"4T1"	[2, 4]
"4.4.120322540277.1"	[2647397, -35732, -11918, -1, 1]	120322540277	588.961285565	"4T1"	[2, 4]
"4.4.120334284953.1"	[34694, -16971, -1851, -1, 1]	120334284953	588.975657158	"4T1"	[5]
"4.4.120553203712.1"	[38122, 0, -1556, 0, 1]	120553203712	589.243348841	"4T1"	[2]
"4.4.120553203712.2"	[567162, 0, -1556, 0, 1]	120553203712	589.243348841	"4T1"	[2]
"4.4.120677287469.1"	[8432843, -21335, -7133, -1, 1]	120677287469	589.394915374	"4T1"	[]
"4.4.121140419392.1"	[1429972, 0, -2474, 0, 1]	121140419392	589.959594192	"4T1"	[]
"4.4.121289794141.1"	[18285111, 33447, -11155, -1, 1]	121289794141	590.141375688	"4T1"	[2]
"4.4.121392857429.1"	[8981033, 48526, -16178, -1, 1]	121392857429	590.266700617	"4T1"	[10]
"4.4.121481745269.1"	[2525165, 37206, -5346, -1, 1]	121481745269	590.374724129	"4T1"	[]
"4.4.121590860425.1"	[3186486, -35399, -8863, -1, 1]	121590860425	590.507248451	"4T1"	[2, 2]
"4.4.122055188221.1"	[15997451, -8359, -8379, -1, 1]	122055188221	591.070196092	"4T1"	[]
"4.4.122319393344.1"	[19856, 0, -2482, 0, 1]	122319393344	591.389799813	"4T1"	[2, 2, 20]
"4.4.122319393344.4"	[496400, 0, -2482, 0, 1]	122319393344	591.389799813	"4T1"	[2, 2, 4]
"4.4.122464966769.2"	[18185792, -27324, -13668, -1, 1]	122464966769	591.565675938	"4T1"	[2, 2]
"4.4.122497689600.5"	[707850, 0, -8580, 0, 1]	122497689600	591.605188798	"4T1"	[2, 2, 2, 4]
"4.4.122497689600.6"	[17696250, 0, -8580, 0, 1]	122497689600	591.605188798	"4T1"	[2, 2, 2, 4]
"4.4.122532300800.5"	[119660450, 0, -30940, 0, 1]	122532300800	591.646973252	"4T1"	[2, 2, 2, 2]
"4.4.122689385209.1"	[-4212, -22050, -1863, -1, 1]	122689385209	591.836502601	"4T1"	[]
"4.4.122885669072.1"	[712253, 0, -1973, 0, 1]	122885669072	592.073072224	"4T1"	[]
"4.4.122923028800.2"	[45459700, 0, -24310, 0, 1]	122923028800	592.11806764	"4T1"	[2, 2, 2, 2]
"4.4.123070772825.1"	[106441336, 1, -21273, -1, 1]	123070772825	592.295907597	"4T1"	[2, 2, 2, 2]
"4.4.123312221117.1"	[9652793, 6267, -6279, -1, 1]	123312221117	592.586195332	"4T1"	[]
"4.4.123370632000.2"	[308426580, 0, -39270, 0, 1]	123370632000	592.656357349	"4T1"	[2, 2, 2, 2]
"4.4.123559418393.1"	[898516, -37396, -4721, -1, 1]	123559418393	592.882953636	"4T1"	[2]
"4.4.123871264553.1"	[9634768, 33116, -8291, -1, 1]	123871264553	593.25668788	"4T1"	[2]
"4.4.123920304281.1"	[3722096, 16641, -4209, -1, 1]	123920304281	593.315395661	"4T1"	[2]
"4.4.123995241613.1"	[2769997, -35119, -7045, -1, 1]	123995241613	593.405073043	"4T1"	[5]
"4.4.124057513109.1"	[18945133, 8768, -8774, -1, 1]	124057513109	593.479562322	"4T1"	[]
"4.4.124475734657.1"	[-222208, 40256, -1872, -1, 1]	124475734657	593.979114444	"4T1"	[5]
"4.4.124700239936.2"	[1278976, 0, -2498, 0, 1]	124700239936	594.246759679	"4T1"	[4, 4]
"4.4.124900190741.1"	[9241105, 49222, -16410, -1, 1]	124900190741	594.484828064	"4T1"	[2]
"4.4.124949410529.1"	[15727643, -18729, -9378, -1, 1]	124949410529	594.54338701	"4T1"	[2]
"4.4.125256499909.1"	[16417755, -8468, -8488, -1, 1]	125256499909	594.908354577	"4T1"	[]
"4.4.125422504721.2"	[18625312, -27652, -13832, -1, 1]	125422504721	595.105367518	"4T1"	[2]
"4.4.125506220608.3"	[23551552, 0, -10366, 0, 1]	125506220608	595.204646568	"4T1"	[2, 4]
"4.4.125676215729.1"	[-222607, -39759, -1878, -1, 1]	125676215729	595.406091828	"4T1"	[]
"4.4.126279339913.1"	[-264196, -42331, -1881, -1, 1]	126279339913	596.119153083	"4T1"	[2, 2]
"4.4.126279339913.2"	[-183924, -37314, -1881, -1, 1]	126279339913	596.119153083	"4T1"	[2, 2]
"4.4.126672588149.1"	[9372533, 49570, -16526, -1, 1]	126672588149	596.582707819	"4T1"	[2, 2]
"4.4.126736506944.4"	[16000064, 0, -9434, 0, 1]	126736506944	596.657952264	"4T1"	[2, 2, 10]
"4.4.126800089037.1"	[-13969, 46825, -5237, -1, 1]	126800089037	596.732772115	"4T1"	[]
"4.4.126832633733.2"	[2791451, -36686, -12236, -1, 1]	126832633733	596.771058006	"4T1"	[2, 2]
"4.4.126914506529.2"	[18847040, -27816, -13914, -1, 1]	126914506529	596.867341373	"4T1"	[4, 4]
"4.4.126979281817.1"	[3328688, -36175, -9057, -1, 1]	126979281817	596.943484868	"4T1"	[2]
"4.4.127403364301.1"	[78335, -41263, -5925, -1, 1]	127403364301	597.441276388	"4T1"	[3]
"4.4.127424863568.1"	[577133, 0, -1997, 0, 1]	127424863568	597.466479288	"4T1"	[]
"4.4.128144943104.1"	[134186, 0, -1588, 0, 1]	128144943104	598.308769143	"4T1"	[2]
"4.4.128144943104.2"	[496250, 0, -1588, 0, 1]	128144943104	598.308769143	"4T1"	[2]
"4.4.128329125184.1"	[45396, 0, -2522, 0, 1]	128329125184	598.523639909	"4T1"	[4]
"4.4.128329125184.2"	[1134900, 0, -2522, 0, 1]	128329125184	598.523639909	"4T1"	[4]
"4.4.129011287093.1"	[47698823, -24904, -24906, -1, 1]	129011287093	599.317455536	"4T1"	[2]
"4.4.129030058048.3"	[3428368, 0, -9118, 0, 1]	129030058048	599.339254302	"4T1"	[2, 10]
"4.4.129035886737.1"	[2300561, -35285, -5912, -1, 1]	129035886737	599.346022692	"4T1"	[2]
"4.4.129323920193.1"	[-309761, 45829, -1896, -1, 1]	129323920193	599.680207609	"4T1"	[2, 10]
"4.4.129323920193.2"	[18944, 20544, -1896, -1, 1]	129323920193	599.680207609	"4T1"	[2, 2]
"4.4.129717300817.2"	[3400953, -36563, -9154, -1, 1]	129717300817	600.135718779	"4T1"	[2, 2]
"4.4.129850005353.2"	[112305146, 1, -21851, -1, 1]	129850005353	600.289148962	"4T1"	[2, 2, 2]
"4.4.129916495872.1"	[1357722, 0, -5916, 0, 1]	129916495872	600.365979678	"4T1"	[2, 4]
"4.4.129916495872.2"	[7392042, 0, -5916, 0, 1]	129916495872	600.365979678	"4T1"	[2, 4]
"4.4.130030286621.1"	[1222121, 41161, -4619, -1, 1]	130030286621	600.497398068	"4T1"	[]
"4.4.130662826417.1"	[47312, -42244, -4284, -1, 1]	130662826417	601.226358156	"4T1"	[2]
"4.4.130998088349.1"	[9156685, -22229, -7431, -1, 1]	130998088349	601.611652615	"4T1"	[]
"4.4.131173946441.1"	[-185000, 38425, -1905, -1, 1]	131173946441	601.813459106	"4T1"	[3]
"4.4.131202246053.1"	[10272949, 6464, -6476, -1, 1]	131202246053	601.845915456	"4T1"	[5]
"4.4.131316967537.1"	[24588957, 21211, -10612, -1, 1]	131316967537	601.977433838	"4T1"	[10]
"4.4.131487746000.1"	[61685, 0, -4745, 0, 1]	131487746000	602.173057229	"4T1"	[2, 2, 4]
"4.4.131645981981.1"	[-131375, 47057, -3695, -1, 1]	131645981981	602.354143446	"4T1"	[7, 28]
"4.4.131645981981.2"	[389437, -39745, -3695, -1, 1]	131645981981	602.354143446	"4T1"	[4]
"4.4.131702675089.2"	[467765, 46769, -5874, -1, 1]	131702675089	602.41898366	"4T1"	[2, 4]
"4.4.132057499648.1"	[289522, 0, -1604, 0, 1]	132057499648	602.824323632	"4T1"	[20]
"4.4.132057499648.2"	[353682, 0, -1604, 0, 1]	132057499648	602.824323632	"4T1"	[4]
"4.4.132173932841.1"	[16638380, -19263, -9645, -1, 1]	132173932841	602.9571551	"4T1"	[10]
"4.4.132388723373.2"	[2914411, -37481, -12501, -1, 1]	132388723373	603.201966307	"4T1"	[2]
"4.4.132645795853.1"	[5193407, 27371, -5505, -1, 1]	132645795853	603.49457778	"4T1"	[]
"4.4.132748494848.2"	[129637202, 0, -32204, 0, 1]	132748494848	603.611355511	"4T1"	[2, 2]
"4.4.132786223181.1"	[20280151, 9071, -9077, -1, 1]	132786223181	603.654238904	"4T1"	[]
"4.4.133067622400.1"	[4046850, 0, -7820, 0, 1]	133067622400	603.973799549	"4T1"	[2, 2, 4]
"4.4.133067622400.2"	[11241250, 0, -7820, 0, 1]	133067622400	603.973799549	"4T1"	[2, 2, 4]
"4.4.133166988625.1"	[6273216, -30296, -7594, -1, 1]	133166988625	604.086520053	"4T1"	[2, 2, 4]
"4.4.133166988625.2"	[14182821, 9, -7594, -1, 1]	133166988625	604.086520053	"4T1"	[2, 2, 4]
"4.4.133276219712.1"	[1476212, 0, -2554, 0, 1]	133276219712	604.21035844	"4T1"	[]
"4.4.133530425509.2"	[20133045, 35094, -11704, -1, 1]	133530425509	604.498264337	"4T1"	[2, 2]
"4.4.133649126224.1"	[2029, 0, -2029, 0, 1]	133649126224	604.632560451	"4T1"	[175]
"4.4.133667977897.1"	[-113944, -32915, -1917, -1, 1]	133667977897	604.653880704	"4T1"	[]
"4.4.133737685529.1"	[19861052, -28554, -14283, -1, 1]	133737685529	604.732696795	"4T1"	[2]
"4.4.134095135901.1"	[2792551, 39089, -5615, -1, 1]	134095135901	605.136370611	"4T1"	[]
"4.4.134343698432.1"	[35258, 0, -4148, 0, 1]	134343698432	605.416600362	"4T1"	[2, 2]
"4.4.134343698432.2"	[4266218, 0, -4148, 0, 1]	134343698432	605.416600362	"4T1"	[2, 10]
"4.4.134455751153.1"	[8051552, 16, -5750, -1, 1]	134455751153	605.54280161	"4T1"	[2, 30]
"4.4.134627224961.1"	[16947655, -19441, -9734, -1, 1]	134627224961	605.735774219	"4T1"	[2]
"4.4.134643451904.1"	[616850, 0, -3796, 0, 1]	134643451904	605.754026092	"4T1"	[2, 4]
"4.4.134643451904.2"	[2985554, 0, -3796, 0, 1]	134643451904	605.754026092	"4T1"	[2, 4]
"4.4.134844322673.1"	[1717744, 47068, -7860, -1, 1]	134844322673	605.979826644	"4T1"	[2]
"4.4.134931410833.1"	[8064649, 26453, -6634, -1, 1]	134931410833	606.077644799	"4T1"	[2]
"4.4.134934076013.1"	[193121, 42841, -2981, -1, 1]	134934076013	606.080637605	"4T1"	[4]
"4.4.134934076013.2"	[1151309, -25601, -2981, -1, 1]	134934076013	606.080637605	"4T1"	[4]
"4.4.134958166657.1"	[25271507, 21503, -10758, -1, 1]	134958166657	606.107687657	"4T1"	[2]
"4.4.135204024541.1"	[6363125, 34175, -6855, -1, 1]	135204024541	606.383541029	"4T1"	[]
"4.4.135645349888.3"	[78802, 0, -5084, 0, 1]	135645349888	606.877767214	"4T1"	[2, 2, 4]
"4.4.135645349888.4"	[6382962, 0, -5084, 0, 1]	135645349888	606.877767214	"4T1"	[2, 2, 4]
"4.4.136468180897.2"	[1527487, -35479, -4492, -1, 1]	136468180897	607.796018237	"4T1"	[2, 2]
"4.4.136682510656.2"	[20662164, 0, -11834, 0, 1]	136682510656	608.034520943	"4T1"	[2, 2]
"4.4.136735190197.1"	[56144293, 15200, -15202, -1, 1]	136735190197	608.093098941	"4T1"	[2, 2]
"4.4.136829716577.1"	[57307, 15781, -1932, -1, 1]	136829716577	608.19816689	"4T1"	[]
"4.4.136835858000.1"	[100205, 0, -2045, 0, 1]	136835858000	608.20499132	"4T1"	[2, 4]
"4.4.136835858000.2"	[345605, 0, -2045, 0, 1]	136835858000	608.20499132	"4T1"	[2, 4]
"4.4.137068836416.1"	[82496, 0, -2578, 0, 1]	137068836416	608.463710517	"4T1"	[2]
"4.4.137467988281.1"	[-268876, -43546, -1935, -1, 1]	137467988281	608.906197414	"4T1"	[2]
"4.4.137467988281.2"	[-52114, -28063, -1935, -1, 1]	137467988281	608.906197414	"4T1"	[2]
"4.4.137490915061.1"	[87495, -42866, -6154, -1, 1]	137490915061	608.931584025	"4T1"	[3]
"4.4.137566762973.1"	[199271, 49359, -7071, -1, 1]	137566762973	609.015547096	"4T1"	[]
"4.4.137641866137.1"	[119044864, 1, -22497, -1, 1]	137641866137	609.098651532	"4T1"	[2]
"4.4.137741377021.2"	[20768787, 35643, -11887, -1, 1]	137741377021	609.208711649	"4T1"	[2, 2]
"4.4.137969534389.1"	[2273747, -31654, -4578, -1, 1]	137969534389	609.460831246	"4T1"	[]
"4.4.138106591033.2"	[3622404, -37727, -9445, -1, 1]	138106591033	609.612131962	"4T1"	[4, 20]
"4.4.138218837557.1"	[388953, -41958, -4714, -1, 1]	138218837557	609.735960225	"4T1"	[5]
"4.4.138395990225.1"	[54224, -39692, -2432, -1, 1]	138395990225	609.931238374	"4T1"	[2, 20]
"4.4.138395990225.2"	[876809, -13157, -2432, -1, 1]	138395990225	609.931238374	"4T1"	[2, 4]
"4.4.138448046032.1"	[905373, 0, -2053, 0, 1]	138448046032	609.988584662	"4T1"	[]
"4.4.138770211389.1"	[21195413, 9273, -9279, -1, 1]	138770211389	610.343132712	"4T1"	[]
"4.4.139394706625.1"	[-315009, 46989, -1944, -1, 1]	139394706625	611.028645162	"4T1"	[2, 20]
"4.4.139394706625.2"	[-149089, -35971, -1944, -1, 1]	139394706625	611.028645162	"4T1"	[2, 20]
"4.4.139394706625.3"	[22016, -20416, -1944, -1, 1]	139394706625	611.028645162	"4T1"	[2, 20]
"4.4.139394706625.4"	[104976, 324, -1944, -1, 1]	139394706625	611.028645162	"4T1"	[2, 20]
"4.4.139545663296.5"	[10370516, 0, -17342, 0, 1]	139545663296	611.194005485	"4T1"	[2, 2, 4]
"4.4.139596183017.1"	[1779668, 47890, -7997, -1, 1]	139596183017	611.249315623	"4T1"	[2]
"4.4.139636804672.1"	[1680912, 0, -2594, 0, 1]	139636804672	611.293778246	"4T1"	[286]
"4.4.139887338048.2"	[121009808, 0, -22678, 0, 1]	139887338048	611.567786522	"4T1"	[2, 2]
"4.4.140119918592.1"	[236402, 0, -1636, 0, 1]	140119918592	611.821830548	"4T1"	[2, 4]
"4.4.140119918592.2"	[432722, 0, -1636, 0, 1]	140119918592	611.821830548	"4T1"	[2, 4]
"4.4.140305819648.2"	[1466298, 0, -6148, 0, 1]	140305819648	612.024659992	"4T1"	[2, 2]
"4.4.140305819648.3"	[7983178, 0, -6148, 0, 1]	140305819648	612.024659992	"4T1"	[2, 10]
"4.4.140793817509.1"	[-245225, 47050, -2188, -1, 1]	140793817509	612.556138242	"4T1"	[2, 4]
"4.4.140793817509.2"	[610117, 2032, -2188, -1, 1]	140793817509	612.556138242	"4T1"	[2, 4]
"4.4.140919515136.1"	[599274, 0, -2364, 0, 1]	140919515136	612.692811659	"4T1"	[20]
"4.4.140919515136.2"	[797850, 0, -2364, 0, 1]	140919515136	612.692811659	"4T1"	[4]
"4.4.140932729664.1"	[879476, 0, -2602, 0, 1]	140932729664	612.707174755	"4T1"	[]
"4.4.141177566533.1"	[3158101, -37474, -7516, -1, 1]	141177566533	612.973109566	"4T1"	[]
"4.4.141339344329.1"	[104648, -2279, -1953, -1, 1]	141339344329	613.148638257	"4T1"	[]
"4.4.141359176193.1"	[10999808, 35376, -8856, -1, 1]	141359176193	613.170145433	"4T1"	[2]
"4.4.141710312144.1"	[746909, 0, -2069, 0, 1]	141710312144	613.550569649	"4T1"	[]
"4.4.141884672269.1"	[18601025, -9013, -9033, -1, 1]	141884672269	613.739210524	"4T1"	[5]
"4.4.142122455369.2"	[17892568, -19975, -10001, -1, 1]	142122455369	613.996188928	"4T1"	[2, 4]
"4.4.142406466397.1"	[52652031, -26165, -26167, -1, 1]	142406466397	614.302704816	"4T1"	[10]
"4.4.142412913913.1"	[4913564, -20536, -5181, -1, 1]	142412913913	614.309657905	"4T1"	[10]
"4.4.142689820757.1"	[3142417, -38912, -12978, -1, 1]	142689820757	614.608055451	"4T1"	[2, 4]
"4.4.142713721229.1"	[10562113, 52615, -17541, -1, 1]	142713721229	614.633790468	"4T1"	[2]
"4.4.142748811725.1"	[4487525, -31755, -6381, -1, 1]	142748811725	614.671568574	"4T1"	[2, 2, 4]
"4.4.142748811725.2"	[8858905, 19075, -6381, -1, 1]	142748811725	614.671568574	"4T1"	[2, 2, 4]
"4.4.142788711721.1"	[511386, 48697, -6115, -1, 1]	142788711721	614.714516082	"4T1"	[2]
"4.4.142792883773.1"	[58632469, 15533, -15535, -1, 1]	142792883773	614.71900627	"4T1"	[2, 10]
"4.4.142997153357.1"	[4260137, -26529, -5349, -1, 1]	142997153357	614.938732015	"4T1"	[]
"4.4.143301984337.1"	[101696, 5560, -1962, -1, 1]	143301984337	615.266190829	"4T1"	[]
"4.4.143845478857.2"	[3773918, -38503, -9639, -1, 1]	143845478857	615.848735559	"4T1"	[4, 4]
"4.4.144117727273.1"	[53004, 47233, -3469, -1, 1]	144117727273	616.139924718	"4T1"	[2, 8]
"4.4.144117727273.2"	[2641356, 6790, -3469, -1, 1]	144117727273	616.139924718	"4T1"	[2, 8]
"4.4.144133161029.1"	[10667383, 52876, -17628, -1, 1]	144133161029	616.156419863	"4T1"	[2, 2, 4]
"4.4.144401349413.1"	[211381, 50570, -7244, -1, 1]	144401349413	616.442840448	"4T1"	[]
"4.4.144620453249.1"	[-228352, -41664, -1968, -1, 1]	144620453249	616.676543609	"4T1"	[16]
"4.4.144620453249.2"	[60343, -15419, -1968, -1, 1]	144620453249	616.676543609	"4T1"	[16]
"4.4.144805963433.1"	[125241602, 1, -23075, -1, 1]	144805963433	616.874207197	"4T1"	[2, 2]
"4.4.144841291093.1"	[59473849, 15644, -15646, -1, 1]	144841291093	616.911827762	"4T1"	[2]
"4.4.144868563008.1"	[1344512, 0, -2626, 0, 1]	144868563008	616.940865026	"4T1"	[2, 8]
"4.4.144904897381.1"	[21850317, 36558, -12192, -1, 1]	144904897381	616.979545005	"4T1"	[2]
"4.4.144995276633.1"	[11283664, 35828, -8969, -1, 1]	144995276633	617.075727247	"4T1"	[2]
"4.4.145242193616.1"	[4646525, 0, -6409, 0, 1]	145242193616	617.338269028	"4T1"	[2, 2, 4]
"4.4.145242193616.2"	[9107189, 0, -6409, 0, 1]	145242193616	617.338269028	"4T1"	[2, 2, 4]
"4.4.145514078957.1"	[-92869, -45405, -4197, -1, 1]	145514078957	617.626972204	"4T1"	[4]
"4.4.145514078957.2"	[3740467, -12359, -4197, -1, 1]	145514078957	617.626972204	"4T1"	[4]
"4.4.146308875929.1"	[21729340, -29866, -14939, -1, 1]	146308875929	618.468618906	"4T1"	[2]
"4.4.146359391629.1"	[22069917, 36741, -12253, -1, 1]	146359391629	618.521996274	"4T1"	[2, 2]
"4.4.146418344437.1"	[5737989, 28756, -5782, -1, 1]	146418344437	618.584271236	"4T1"	[]
"4.4.146613281417.1"	[-272404, 45150, -1977, -1, 1]	146613281417	618.790059645	"4T1"	[7]
"4.4.146758731073.1"	[3850839, -38891, -9736, -1, 1]	146758731073	618.943472311	"4T1"	[2]
"4.4.146783367325.1"	[2918119, 30227, -4375, -1, 1]	146783367325	618.969446043	"4T1"	[2, 4]
"4.4.146783367325.2"	[4436559, -4283, -4375, -1, 1]	146783367325	618.969446043	"4T1"	[2, 4]
"4.4.147232070681.1"	[18536750, -20331, -10179, -1, 1]	147232070681	619.441938025	"4T1"	[2]
"4.4.147273197429.1"	[10298323, -23570, -7878, -1, 1]	147273197429	619.485191109	"4T1"	[]
"4.4.147281603041.2"	[-23125, -26075, -1980, -1, 1]	147281603041	619.494030193	"4T1"	[3]
"4.4.147406839625.1"	[4617036, 35394, -5929, -1, 1]	147406839625	619.625680358	"4T1"	[2, 4]
"4.4.147406839625.2"	[8296296, 11809, -5929, -1, 1]	147406839625	619.625680358	"4T1"	[2, 4]
"4.4.147532746304.2"	[1712016, 0, -2642, 0, 1]	147532746304	619.7579504	"4T1"	[2, 2]
"4.4.147716251733.1"	[11571179, 6858, -6870, -1, 1]	147716251733	619.950578719	"4T1"	[]
"4.4.147972259069.1"	[6034923, 15465, -5191, -1, 1]	147972259069	620.219013725	"4T1"	[]
"4.4.147993465941.1"	[22606181, 9576, -9582, -1, 1]	147993465941	620.241234441	"4T1"	[]
"4.4.148287721213.1"	[60889469, 15829, -15831, -1, 1]	148287721213	620.549311099	"4T1"	[2]
"4.4.148624333073.1"	[-319496, 48004, -1986, -1, 1]	148624333073	620.901172128	"4T1"	[3]
"4.4.148897893625.1"	[7017936, -32036, -8029, -1, 1]	148897893625	621.186685528	"4T1"	[2, 2, 8]
"4.4.148897893625.2"	[15862356, 9, -8029, -1, 1]	148897893625	621.186685528	"4T1"	[2, 2, 8]
"4.4.149298747625.1"	[97956, 8289, -1989, -1, 1]	149298747625	621.604344522	"4T1"	[8]
"4.4.149346753593.1"	[1906804, 49534, -8271, -1, 1]	149346753593	621.65430663	"4T1"	[2]
"4.4.149771601893.2"	[3299191, -39866, -13296, -1, 1]	149771601893	622.095942443	"4T1"	[2, 2]
"4.4.149820716849.1"	[18863113, -20509, -10268, -1, 1]	149820716849	622.146937521	"4T1"	[2]
"4.4.149881160549.1"	[11093683, 53920, -17976, -1, 1]	149881160549	622.209677801	"4T1"	[2]
"4.4.150286772897.1"	[2685943, -38081, -6378, -1, 1]	150286772897	622.630211328	"4T1"	[2]
"4.4.150513616097.1"	[135424, 49976, -5042, -1, 1]	150513616097	622.865028325	"4T1"	[2, 2, 4]
"4.4.150513616097.2"	[4111643, 29995, -5042, -1, 1]	150513616097	622.865028325	"4T1"	[2, 2, 4]
"4.4.150653691161.1"	[-188750, -39575, -1995, -1, 1]	150653691161	623.009894664	"4T1"	[100]
"4.4.150653691161.2"	[2806, 24277, -1995, -1, 1]	150653691161	623.009894664	"4T1"	[4]
"4.4.151094732800.1"	[1579050, 0, -6380, 0, 1]	151094732800	623.465363371	"4T1"	[2, 4]
"4.4.151094732800.2"	[8597050, 0, -6380, 0, 1]	151094732800	623.465363371	"4T1"	[2, 4]
"4.4.151133823389.1"	[23086537, 9677, -9683, -1, 1]	151133823389	623.505684538	"4T1"	[]
"4.4.151197718625.1"	[312071, -44511, -5604, -1, 1]	151197718625	623.57157437	"4T1"	[2, 2, 2]
"4.4.151197718625.2"	[6390416, 22284, -5604, -1, 1]	151197718625	623.57157437	"4T1"	[2, 2, 2]
"4.4.151335720509.1"	[11201563, 54181, -18063, -1, 1]	151335720509	623.71381298	"4T1"	[2, 2]
"4.4.151803769808.1"	[611813, 0, -2117, 0, 1]	151803769808	624.195508319	"4T1"	[4]
"4.4.151803769808.2"	[1119893, 0, -2117, 0, 1]	151803769808	624.195508319	"4T1"	[4]
"4.4.151933154273.2"	[131406431, 1, -23636, -1, 1]	151933154273	624.32846846	"4T1"	[2, 10]
"4.4.152162185169.2"	[4584625, 18437, -4658, -1, 1]	152162185169	624.563620801	"4T1"	[2, 2]
"4.4.152185088000.1"	[20570, 0, -3740, 0, 1]	152185088000	624.587121167	"4T1"	[4, 4]
"4.4.152185088000.2"	[1007930, 0, -3740, 0, 1]	152185088000	624.587121167	"4T1"	[4, 4]
"4.4.152185088000.3"	[2488970, 0, -3740, 0, 1]	152185088000	624.587121167	"4T1"	[4, 20]
"4.4.152185088000.4"	[3476330, 0, -3740, 0, 1]	152185088000	624.587121167	"4T1"	[4, 4]
"4.4.152634755072.5"	[149057378, 0, -34532, 0, 1]	152634755072	625.047983668	"4T1"	[2, 2, 2]
"4.4.152672852113.1"	[4007009, -39667, -9930, -1, 1]	152672852113	625.086982404	"4T1"	[2]
"4.4.152701438625.1"	[-321389, -47771, -2004, -1, 1]	152701438625	625.116240719	"4T1"	[2, 10]
"4.4.152818608128.1"	[842, 0, -1684, 0, 1]	152818608128	625.236120882	"4T1"	[6]
"4.4.152818608128.2"	[708122, 0, -1684, 0, 1]	152818608128	625.236120882	"4T1"	[5, 30]
"4.4.153251632693.1"	[3430967, -39044, -7830, -1, 1]	153251632693	625.678565993	"4T1"	[]
"4.4.153388121977.1"	[46316, 19070, -2007, -1, 1]	153388121977	625.817830272	"4T1"	[6]
"4.4.153388121977.2"	[99846, -7695, -2007, -1, 1]	153388121977	625.817830272	"4T1"	[6]
"4.4.153653786000.1"	[9091940, 0, -12155, 0, 1]	153653786000	626.088629287	"4T1"	[2, 2, 4]
"4.4.153653786000.2"	[36367760, 0, -12155, 0, 1]	153653786000	626.088629287	"4T1"	[2, 2, 4]
"4.4.153911074897.1"	[28824417, 22963, -11488, -1, 1]	153911074897	626.350556776	"4T1"	[2, 2]
"4.4.153981421568.2"	[150372482, 0, -34684, 0, 1]	153981421568	626.422114535	"4T1"	[2, 2]
"4.4.154567308353.1"	[133684907, 1, -23840, -1, 1]	154567308353	627.017137501	"4T1"	[2]
"4.4.154741400469.1"	[30357, 40812, -2258, -1, 1]	154741400469	627.193618327	"4T1"	[4]
"4.4.154741400469.2"	[618825, 9840, -2258, -1, 1]	154741400469	627.193618327	"4T1"	[4]
"4.4.155065686209.1"	[19524383, -20865, -10446, -1, 1]	155065686209	627.521956933	"4T1"	[2]
"4.4.155279081921.1"	[23062496, -30768, -15390, -1, 1]	155279081921	627.737738786	"4T1"	[2]
"4.4.155382726208.3"	[29157952, 0, -11534, 0, 1]	155382726208	627.842461764	"4T1"	[2, 2]
"4.4.155431598400.1"	[4972500, 0, -6630, 0, 1]	155431598400	627.891824424	"4T1"	[2, 2, 2, 4]
"4.4.155431598400.2"	[9746100, 0, -6630, 0, 1]	155431598400	627.891824424	"4T1"	[2, 2, 2, 4]
"4.4.155673720937.1"	[4086258, -40055, -10027, -1, 1]	155673720937	628.136205291	"4T1"	[2]
"4.4.155720872000.1"	[344320, 0, -2690, 0, 1]	155720872000	628.183762975	"4T1"	[2, 2, 6]
"4.4.155720872000.2"	[1743120, 0, -2690, 0, 1]	155720872000	628.183762975	"4T1"	[2, 2, 6]
"4.4.155933146861.1"	[20445741, -9449, -9469, -1, 1]	155933146861	628.397734788	"4T1"	[]
"4.4.156852433457.1"	[-323264, -48200, -2022, -1, 1]	156852433457	629.321856579	"4T1"	[]
"4.4.156984597437.1"	[-4007, 52099, -5823, -1, 1]	156984597437	629.454381481	"4T1"	[]
"4.4.157024889333.2"	[3459781, -40820, -13614, -1, 1]	157024889333	629.494766764	"4T1"	[2, 4]
"4.4.157025427536.1"	[1132589, 0, -2141, 0, 1]	157025427536	629.495306162	"4T1"	[]
"4.4.157055813696.2"	[19827776, 0, -10502, 0, 1]	157055813696	629.525757531	"4T1"	[2]
"4.4.157341476864.3"	[909194, 0, -9724, 0, 1]	157341476864	629.811817928	"4T1"	[2, 2, 4]
"4.4.157341476864.4"	[22729850, 0, -9724, 0, 1]	157341476864	629.811817928	"4T1"	[2, 2, 4]
"4.4.157438084357.1"	[64648003, 16310, -16312, -1, 1]	157438084357	629.908471616	"4T1"	[2, 2]
"4.4.157547288629.1"	[7421975, 36890, -7398, -1, 1]	157547288629	630.017674562	"4T1"	[]
"4.4.157722009401.1"	[19859290, -21043, -10535, -1, 1]	157722009401	630.192275196	"4T1"	[2]
"4.4.157771816649.1"	[23432972, -31014, -15513, -1, 1]	157771816649	630.242021624	"4T1"	[2, 2]
"4.4.158560987793.2"	[137139341, 1, -24146, -1, 1]	158560987793	631.028661794	"4T1"	[2, 2, 2]
"4.4.158955846713.1"	[-190124, 40966, -2031, -1, 1]	158955846713	631.421152645	"4T1"	[7]
"4.4.159604254457.1"	[9547468, 28769, -7213, -1, 1]	159604254457	632.064088368	"4T1"	[2]
"4.4.159713945537.1"	[9572992, 16, -6264, -1, 1]	159713945537	632.172659927	"4T1"	[6]
"4.4.160441352233.1"	[71076, -46814, -4741, -1, 1]	160441352233	632.891231068	"4T1"	[2]
"4.4.160581120533.1"	[4790161, -28114, -5666, -1, 1]	160581120533	633.02902168	"4T1"	[]
"4.4.160745499200.3"	[139053200, 0, -24310, 0, 1]	160745499200	633.190959376	"4T1"	[2, 2, 2, 2]
"4.4.160752713525.2"	[24557905, 9980, -9986, -1, 1]	160752713525	633.198063725	"4T1"	[4, 4]
"4.4.161077981121.1"	[-325121, 49309, -2040, -1, 1]	161077981121	633.51812476	"4T1"	[]
"4.4.161292150784.1"	[1401850, 0, -4876, 0, 1]	161292150784	633.728601642	"4T1"	[4]
"4.4.161292150784.2"	[4541994, 0, -4876, 0, 1]	161292150784	633.728601642	"4T1"	[20]
"4.4.161344568384.1"	[544400, 0, -2722, 0, 1]	161344568384	633.78008351	"4T1"	[2]
"4.4.161519384153.1"	[2889818, -39479, -6611, -1, 1]	161519384153	633.95168793	"4T1"	[2]
"4.4.161763075193.2"	[4247084, -40831, -10221, -1, 1]	161763075193	634.190670108	"4T1"	[2, 4]
"4.4.161789533849.1"	[-48892, 30310, -2043, -1, 1]	161789533849	634.216601248	"4T1"	[]
"4.4.162283235328.5"	[1695978, 0, -6612, 0, 1]	162283235328	634.699877271	"4T1"	[2, 2, 4]
"4.4.162283235328.6"	[9233658, 0, -6612, 0, 1]	162283235328	634.699877271	"4T1"	[4, 4, 4]
"4.4.162542848000.1"	[338130, 0, -4420, 0, 1]	162542848000	634.953565479	"4T1"	[2, 2, 4]
"4.4.162542848000.2"	[1840930, 0, -4420, 0, 1]	162542848000	634.953565479	"4T1"	[2, 2, 4]
"4.4.162542848000.3"	[3043170, 0, -4420, 0, 1]	162542848000	634.953565479	"4T1"	[2, 2, 4]
"4.4.162542848000.4"	[4545970, 0, -4420, 0, 1]	162542848000	634.953565479	"4T1"	[2, 2, 4]
"4.4.162816833849.1"	[24182780, -31506, -15759, -1, 1]	162816833849	635.220969483	"4T1"	[2, 2]
"4.4.162846718784.1"	[12102164, 0, -18734, 0, 1]	162846718784	635.250116086	"4T1"	[2, 2]
"4.4.162935960125.1"	[-93709, 52649, -4839, -1, 1]	162935960125	635.337128779	"4T1"	[2, 4]
"4.4.162935960125.2"	[4039451, -23891, -4839, -1, 1]	162935960125	635.337128779	"4T1"	[2, 4]
"4.4.163102332809.1"	[20537648, -21399, -10713, -1, 1]	163102332809	635.499251205	"4T1"	[2, 2]
"4.4.163410038713.1"	[3650508, -34254, -5751, -1, 1]	163410038713	635.79876973	"4T1"	[2]
"4.4.163665389201.1"	[24308896, -31588, -15800, -1, 1]	163665389201	636.047004902	"4T1"	[2]
"4.4.163675541417.1"	[1206332, -43044, -5427, -1, 1]	163675541417	636.056868222	"4T1"	[10]
"4.4.163854349417.2"	[30688472, 23693, -11853, -1, 1]	163854349417	636.230512819	"4T1"	[2]
"4.4.163868369393.1"	[12757184, 38088, -9534, -1, 1]	163868369393	636.244121933	"4T1"	[2]
"4.4.163936758817.1"	[-326349, -48915, -2052, -1, 1]	163936758817	636.310494658	"4T1"	[2]
"4.4.163936758817.2"	[95072, -10604, -2052, -1, 1]	163936758817	636.310494658	"4T1"	[2]
"4.4.164076701248.4"	[4359568, 0, -10282, 0, 1]	164076701248	636.446245705	"4T1"	[2, 2, 2]
"4.4.164172027472.1"	[176013, 0, -2173, 0, 1]	164172027472	636.53866712	"4T1"	[4]
"4.4.164172027472.2"	[784453, 0, -2173, 0, 1]	164172027472	636.53866712	"4T1"	[4]
"4.4.164379867181.1"	[24790761, 38937, -12985, -1, 1]	164379867181	636.740034022	"4T1"	[2]
"4.4.164500995821.1"	[11507011, -24911, -8325, -1, 1]	164500995821	636.857302262	"4T1"	[5]
"4.4.164832180349.1"	[2727585, -34601, -4999, -1, 1]	164832180349	637.177601591	"4T1"	[]
"4.4.165374546749.1"	[7793025, 37795, -7579, -1, 1]	165374546749	637.701100886	"4T1"	[]
"4.4.165650055488.1"	[5492, 0, -2746, 0, 1]	165650055488	637.96653256	"4T1"	[3]
"4.4.165826333025.2"	[20881099, -21577, -10802, -1, 1]	165826333025	638.136188885	"4T1"	[2, 2, 2]
"4.4.165899230397.1"	[249787, 54203, -7763, -1, 1]	165899230397	638.206308606	"4T1"	[3, 3]
"4.4.166262245376.1"	[21650, 0, -1732, 0, 1]	166262245376	638.555147755	"4T1"	[20]
"4.4.166262245376.2"	[728306, 0, -1732, 0, 1]	166262245376	638.555147755	"4T1"	[4]
"4.4.166304547001.1"	[604412, 52553, -6597, -1, 1]	166304547001	638.595760318	"4T1"	[10]
"4.4.166904632549.1"	[21886503, -9776, -9796, -1, 1]	166904632549	639.171052223	"4T1"	[]
"4.4.167557540697.1"	[-279634, 47205, -2067, -1, 1]	167557540697	639.795224824	"4T1"	[16]
"4.4.167557540697.2"	[-114244, -35490, -2067, -1, 1]	167557540697	639.795224824	"4T1"	[16]
"4.4.167799466181.1"	[12422695, 57052, -19020, -1, 1]	167799466181	640.026039614	"4T1"	[3, 6]
"4.4.167813408768.1"	[44042, 0, -4636, 0, 1]	167813408768	640.039334264	"4T1"	[4]
"4.4.167813408768.2"	[5329082, 0, -4636, 0, 1]	167813408768	640.039334264	"4T1"	[4]
"4.4.167884137536.1"	[21194816, 0, -10858, 0, 1]	167884137536	640.106763382	"4T1"	[2, 2]
"4.4.168035137088.1"	[295568, 0, -5278, 0, 1]	168035137088	640.250647212	"4T1"	[2, 2, 4]
"4.4.168035137088.2"	[4729088, 0, -5278, 0, 1]	168035137088	640.250647212	"4T1"	[2, 2, 4]
"4.4.168288035761.1"	[-234319, -43823, -2070, -1, 1]	168288035761	640.491411194	"4T1"	[9]
"4.4.168311635181.1"	[12460685, 57139, -19049, -1, 1]	168311635181	640.51386441	"4T1"	[2]
"4.4.168562517824.1"	[1596436, 0, -2762, 0, 1]	168562517824	640.75241605	"4T1"	[]
"4.4.169271022125.1"	[-30439, -48431, -5429, -1, 1]	169271022125	641.424662228	"4T1"	[4]
"4.4.169271022125.2"	[3759721, 37709, -5429, -1, 1]	169271022125	641.424662228	"4T1"	[4]
"4.4.169494826853.1"	[3735911, -42410, -14144, -1, 1]	169494826853	641.636574977	"4T1"	[2, 4]
"4.4.169835294297.1"	[2174228, 52822, -8819, -1, 1]	169835294297	641.958549407	"4T1"	[2]
"4.4.170455304021.1"	[11924807, -25358, -8474, -1, 1]	170455304021	642.543641001	"4T1"	[]
"4.4.170615956937.1"	[147566614, 1, -25047, -1, 1]	170615956937	642.694985728	"4T1"	[2]
"4.4.171061715237.1"	[532627, 39916, -2844, -1, 1]	171061715237	643.114357945	"4T1"	[2, 4]
"4.4.171061715237.2"	[1106053, -23798, -2844, -1, 1]	171061715237	643.114357945	"4T1"	[2, 4]
"4.4.171116148097.1"	[4494143, -41995, -10512, -1, 1]	171116148097	643.16551255	"4T1"	[2]
"4.4.171342010481.1"	[21576545, -21933, -10980, -1, 1]	171342010481	643.377641927	"4T1"	[2, 2]
"4.4.171401633609.1"	[25458700, -32326, -16169, -1, 1]	171401633609	643.433604826	"4T1"	[2]
"4.4.171516039232.2"	[32185408, 0, -12118, 0, 1]	171516039232	643.540946283	"4T1"	[2]
"4.4.172008497657.1"	[148771132, 1, -25149, -1, 1]	172008497657	644.002384914	"4T1"	[2, 2]
"4.4.172050461797.1"	[70650143, 17050, -17052, -1, 1]	172050461797	644.041659913	"4T1"	[2]
"4.4.172197092821.2"	[25971111, 39852, -13290, -1, 1]	172197092821	644.178838158	"4T1"	[2, 2]
"4.4.172291506253.1"	[3861461, -41399, -8301, -1, 1]	172291506253	644.267118734	"4T1"	[]
"4.4.172311048000.1"	[430777620, 0, -46410, 0, 1]	172311048000	644.285386566	"4T1"	[2, 2, 2, 2]
"4.4.172715635009.1"	[-235312, 44900, -2088, -1, 1]	172715635009	644.663250166	"4T1"	[]
"4.4.173157823193.1"	[10383056, 16, -6521, -1, 1]	173157823193	645.075472831	"4T1"	[6]
"4.4.173284231973.1"	[1853, 54736, -6116, -1, 1]	173284231973	645.193170214	"4T1"	[]
"4.4.173328707357.2"	[3820817, -42887, -14303, -1, 1]	173328707357	645.234565285	"4T1"	[2, 2]
"4.4.173406041552.1"	[2213, 0, -2213, 0, 1]	173406041552	645.30652444	"4T1"	[75]
"4.4.173871327232.1"	[1817082, 0, -6844, 0, 1]	173871327232	645.738963585	"4T1"	[4]
"4.4.173871327232.2"	[9893002, 0, -6844, 0, 1]	173871327232	645.738963585	"4T1"	[4]
"4.4.174089974617.1"	[167092, 53746, -5419, -1, 1]	174089974617	645.941876001	"4T1"	[2, 2, 4]
"4.4.174089974617.2"	[4765738, 32257, -5419, -1, 1]	174089974617	645.941876001	"4T1"	[2, 2, 4]
"4.4.174133687721.1"	[21928540, -22111, -11069, -1, 1]	174133687721	645.98242036	"4T1"	[10]
"4.4.174292250137.2"	[4578048, -42383, -10609, -1, 1]	174292250137	646.12942462	"4T1"	[2]
"4.4.174322149773.1"	[13663319, 7449, -7461, -1, 1]	174322149773	646.157133529	"4T1"	[]
"4.4.174382475264.3"	[3109850, 0, -6068, 0, 1]	174382475264	646.21302816	"4T1"	[2, 4]
"4.4.174382475264.4"	[6095306, 0, -6068, 0, 1]	174382475264	646.21302816	"4T1"	[2, 4]
"4.4.174426160981.1"	[22874261, -9994, -10014, -1, 1]	174426160981	646.253496142	"4T1"	[13]
"4.4.174696957952.1"	[193842, 0, -3916, 0, 1]	174696957952	646.504177713	"4T1"	[2, 4]
"4.4.174696957952.2"	[3639922, 0, -3916, 0, 1]	174696957952	646.504177713	"4T1"	[2, 4]
"4.4.175097961625.1"	[5494716, 38574, -6459, -1, 1]	175097961625	646.874859167	"4T1"	[2, 2]
"4.4.175097961625.2"	[9864566, 12869, -6459, -1, 1]	175097961625	646.874859167	"4T1"	[2, 2]
"4.4.175293437776.1"	[108829, 0, -2221, 0, 1]	175293437776	647.05532344	"4T1"	[]
"4.4.175746297497.1"	[13684688, 39444, -9873, -1, 1]	175746297497	647.472826006	"4T1"	[2]
"4.4.175751472761.1"	[8797222, -12487, -6287, -1, 1]	175751472761	647.477592545	"4T1"	[2]
"4.4.177203065993.1"	[10605494, 30313, -7599, -1, 1]	177203065993	648.810407842	"4T1"	[2]
"4.4.177220220113.1"	[-331776, 50904, -2106, -1, 1]	177220220113	648.826109274	"4T1"	[20]
"4.4.177220220113.2"	[-17224, 28436, -2106, -1, 1]	177220220113	648.826109274	"4T1"	[4]
"4.4.177343902909.1"	[-262725, -50475, -2363, -1, 1]	177343902909	648.939284331	"4T1"	[2, 4]
"4.4.177343902909.2"	[-68253, 46761, -2363, -1, 1]	177343902909	648.939284331	"4T1"	[2, 4]
"4.4.177983604736.1"	[5412834, 0, -9044, 0, 1]	177983604736	649.523695869	"4T1"	[2, 2, 4]
"4.4.177983604736.2"	[15035650, 0, -9044, 0, 1]	177983604736	649.523695869	"4T1"	[2, 2, 4]
"4.4.178734345649.1"	[653817, 54481, -6838, -1, 1]	178734345649	650.207543407	"4T1"	[2]
"4.4.179024699456.1"	[1104656, 0, -2818, 0, 1]	179024699456	650.471448107	"4T1"	[10]
"4.4.179109216848.1"	[1183373, 0, -2237, 0, 1]	179109216848	650.548206259	"4T1"	[]
"4.4.179501589721.1"	[-384844, 53942, -2115, -1, 1]	179501589721	650.904201395	"4T1"	[3, 3]
"4.4.179692931072.2"	[175481378, 0, -37468, 0, 1]	179692931072	651.077591413	"4T1"	[2, 2, 10]
"4.4.179797952273.1"	[14001088, 39896, -9986, -1, 1]	179797952273	651.172700844	"4T1"	[2]
"4.4.180472064000.1"	[43610, 0, -1780, 0, 1]	180472064000	651.782200733	"4T1"	[4, 4]
"4.4.180472064000.2"	[321290, 0, -1780, 0, 1]	180472064000	651.782200733	"4T1"	[4, 4]
"4.4.180472064000.3"	[470810, 0, -1780, 0, 1]	180472064000	651.782200733	"4T1"	[4, 4]
"4.4.180472064000.4"	[748490, 0, -1780, 0, 1]	180472064000	651.782200733	"4T1"	[4, 4]
"4.4.180482597273.1"	[156101056, 1, -25761, -1, 1]	180482597273	651.791710861	"4T1"	[2, 2]
"4.4.180646902277.1"	[6449967, -16482, -5548, -1, 1]	180646902277	651.940002304	"4T1"	[]
"4.4.180732070825.1"	[4748186, -43159, -10803, -1, 1]	180732070825	652.016830315	"4T1"	[2, 2]
"4.4.180880673861.1"	[27636991, 10586, -10592, -1, 1]	180880673861	652.150815694	"4T1"	[]
"4.4.181033328393.1"	[-193244, -42074, -2121, -1, 1]	181033328393	652.288368098	"4T1"	[]
"4.4.181127693609.1"	[6907850, 25, -5363, -1, 1]	181127693609	652.373354251	"4T1"	[10]
"4.4.181129100293.1"	[74379299, 17494, -17496, -1, 1]	181129100293	652.374620872	"4T1"	[10]
"4.4.181150562669.1"	[1201357, -44573, -5013, -1, 1]	181150562669	652.39394533	"4T1"	[]
"4.4.182251021797.3"	[3640857, 33678, -4868, -1, 1]	182251021797	653.382492009	"4T1"	[2, 2, 4]
"4.4.182251021797.4"	[5525103, -4776, -4868, -1, 1]	182251021797	653.382492009	"4T1"	[2, 2, 4]
"4.4.183446271181.1"	[27669717, 41133, -13717, -1, 1]	183446271181	654.45113032	"4T1"	[2]
"4.4.183790872569.1"	[27300092, -33474, -16743, -1, 1]	183790872569	654.758258496	"4T1"	[2]
"4.4.183995789473.1"	[4834419, -43547, -10900, -1, 1]	183995789473	654.94068727	"4T1"	[2]
"4.4.184039613501.1"	[13627355, 59749, -19919, -1, 1]	184039613501	654.979682151	"4T1"	[2]
"4.4.184122897769.1"	[-387052, 54401, -2133, -1, 1]	184122897769	655.0537698	"4T1"	[]
"4.4.184674539257.1"	[34591782, 25153, -12583, -1, 1]	184674539257	655.543863047	"4T1"	[2, 2]
"4.4.185382602752.1"	[151762, 0, -1796, 0, 1]	185382602752	656.171319319	"4T1"	[12]
"4.4.185382602752.2"	[654642, 0, -1796, 0, 1]	185382602752	656.171319319	"4T1"	[12]
"4.4.185418082304.1"	[1071434, 0, -10556, 0, 1]	185418082304	656.202712494	"4T1"	[2, 4]
"4.4.185418082304.2"	[26785850, 0, -10556, 0, 1]	185418082304	656.202712494	"4T1"	[2, 52]
"4.4.185651043509.1"	[13746893, 60010, -20006, -1, 1]	185651043509	656.408730429	"4T1"	[2]
"4.4.185859008512.1"	[1942362, 0, -7076, 0, 1]	185859008512	656.592479379	"4T1"	[2, 2, 2]
"4.4.185859008512.2"	[10575082, 0, -7076, 0, 1]	185859008512	656.592479379	"4T1"	[2, 2, 4]
"4.4.186019260589.1"	[24396773, -10321, -10341, -1, 1]	186019260589	656.73396607	"4T1"	[]
"4.4.186065674433.1"	[2386304, 55288, -9230, -1, 1]	186065674433	656.774927818	"4T1"	[2]
"4.4.186448964125.1"	[1536801, 58549, -11719, -1, 1]	186448964125	657.112900997	"4T1"	[2, 4]
"4.4.186448964125.2"	[14463261, -35121, -11719, -1, 1]	186448964125	657.112900997	"4T1"	[2, 4]
"4.4.186463002097.1"	[36041, -22495, -2142, -1, 1]	186463002097	657.125269358	"4T1"	[8]
"4.4.186463002097.2"	[76032, 17496, -2142, -1, 1]	186463002097	657.125269358	"4T1"	[8]
"4.4.186756901696.1"	[1286100, 0, -2858, 0, 1]	186756901696	657.384053679	"4T1"	[5]
"4.4.186906097744.1"	[510525, 0, -2269, 0, 1]	186906097744	657.515306839	"4T1"	[]
"4.4.187069481521.1"	[3077376, 39472, -4990, -1, 1]	187069481521	657.658951346	"4T1"	[2, 2]
"4.4.187069481521.2"	[4911429, -19691, -4990, -1, 1]	187069481521	657.658951346	"4T1"	[2, 2]
"4.4.187406844053.1"	[216011, -47654, -3326, -1, 1]	187406844053	657.95525783	"4T1"	[4]
"4.4.187406844053.2"	[2303239, 3254, -3326, -1, 1]	187406844053	657.95525783	"4T1"	[4]
"4.4.187410052121.1"	[27838012, -33802, -16907, -1, 1]	187410052121	657.958073564	"4T1"	[2, 2]
"4.4.187574587200.2"	[69369300, 0, -30030, 0, 1]	187574587200	658.102438233	"4T1"	[2, 2, 2, 2]
"4.4.188034035489.1"	[-335885, -51203, -2148, -1, 1]	188034035489	658.505060344	"4T1"	[4]
"4.4.188034035489.2"	[-152557, 40461, -2148, -1, 1]	188034035489	658.505060344	"4T1"	[4]
"4.4.188072234064.1"	[6016725, 0, -7293, 0, 1]	188072234064	658.53850115	"4T1"	[2, 2, 2, 20]
"4.4.188072234064.2"	[11792781, 0, -7293, 0, 1]	188072234064	658.53850115	"4T1"	[2, 2, 2, 4]
"4.4.188091253837.1"	[77239103, 17827, -17829, -1, 1]	188091253837	658.555150043	"4T1"	[2, 2]
"4.4.188329583168.1"	[91712, 0, -2866, 0, 1]	188329583168	658.763663839	"4T1"	[2]
"4.4.188430459041.2"	[23731235, -23001, -11514, -1, 1]	188430459041	658.851860306	"4T1"	[2, 2]
"4.4.188526667025.1"	[934225, 24635, -2696, -1, 1]	188526667025	658.935942621	"4T1"	[2, 2, 2]
"4.4.188526667025.2"	[1198960, -4780, -2696, -1, 1]	188526667025	658.935942621	"4T1"	[2, 2, 2]
"4.4.188822850553.1"	[-113866, 37649, -2151, -1, 1]	188822850553	659.194594487	"4T1"	[]
"4.4.188888293877.1"	[291307, 57836, -8282, -1, 1]	188888293877	659.251703941	"4T1"	[]
"4.4.188953354829.1"	[13222895, -26699, -8921, -1, 1]	188953354829	659.308465009	"4T1"	[]
"4.4.188987959753.1"	[35400476, 25445, -12729, -1, 1]	188987959753	659.338649379	"4T1"	[2, 2]
"4.4.189966508981.1"	[24915177, -10430, -10450, -1, 1]	189966508981	660.190484502	"4T1"	[]
"4.4.189994831381.1"	[8960475, 40510, -8122, -1, 1]	189994831381	660.215090331	"4T1"	[5]
"4.4.190610843377.1"	[5009213, -44323, -11094, -1, 1]	190610843377	660.749587587	"4T1"	[2]
"4.4.190820876461.1"	[7800165, 17559, -5889, -1, 1]	190820876461	660.931531545	"4T1"	[]
"4.4.191227687597.1"	[78527443, 17975, -17977, -1, 1]	191227687597	661.283510354	"4T1"	[2]
"4.4.191389744061.1"	[29244709, 10889, -10895, -1, 1]	191389744061	661.423567514	"4T1"	[]
"4.4.191717051200.2"	[3993300, 0, -4930, 0, 1]	191717051200	661.706171421	"4T1"	[2, 4]
"4.4.191717051200.3"	[5965300, 0, -4930, 0, 1]	191717051200	661.706171421	"4T1"	[2, 4]
"4.4.191810349056.1"	[3420650, 0, -6364, 0, 1]	191810349056	661.786660485	"4T1"	[4]
"4.4.191810349056.2"	[6704474, 0, -6364, 0, 1]	191810349056	661.786660485	"4T1"	[4]
"4.4.192185962561.1"	[7040256, 10864, -5470, -1, 1]	192185962561	662.110409537	"4T1"	[2]
"4.4.192445908997.1"	[4317389, -43754, -8772, -1, 1]	192445908997	662.334185	"4T1"	[]
"4.4.192766293733.3"	[71274089, -30442, -30444, -1, 1]	192766293733	662.609677234	"4T1"	[2, 2, 2, 2]
"4.4.192800032433.1"	[-14104, -28524, -2166, -1, 1]	192800032433	662.638668457	"4T1"	[10]
"4.4.192800032433.2"	[130321, 361, -2166, -1, 1]	192800032433	662.638668457	"4T1"	[10]
"4.4.192899964112.1"	[1011213, 0, -2293, 0, 1]	192899964112	662.724516118	"4T1"	[]
"4.4.193141258517.2"	[4259657, -45272, -15098, -1, 1]	193141258517	662.931665925	"4T1"	[2, 26]
"4.4.193234634752.1"	[112258, 0, -6068, 0, 1]	193234634752	663.011776778	"4T1"	[2, 2, 4]
"4.4.193234634752.2"	[9092898, 0, -6068, 0, 1]	193234634752	663.011776778	"4T1"	[2, 2, 4]
"4.4.193371696349.2"	[29168487, 42231, -14083, -1, 1]	193371696349	663.129314314	"4T1"	[2, 2]
"4.4.193602111625.1"	[-287284, -48811, -2169, -1, 1]	193602111625	663.326766811	"4T1"	[2, 4]
"4.4.193602111625.2"	[-287284, 49534, -2169, -1, 1]	193602111625	663.326766811	"4T1"	[2, 4]
"4.4.193602111625.3"	[-194724, 43749, -2169, -1, 1]	193602111625	663.326766811	"4T1"	[2, 4]
"4.4.193602111625.4"	[129236, 3254, -2169, -1, 1]	193602111625	663.326766811	"4T1"	[2, 4]
"4.4.193692983581.1"	[140165, -50881, -7299, -1, 1]	193692983581	663.404590334	"4T1"	[3]
"4.4.193962178633.1"	[5097774, -44711, -11191, -1, 1]	193962178633	663.63497069	"4T1"	[2]
"4.4.194289498000.1"	[39780, 0, -3315, 0, 1]	194289498000	663.914771696	"4T1"	[2, 2, 4, 4]
"4.4.194289498000.2"	[358020, 0, -3315, 0, 1]	194289498000	663.914771696	"4T1"	[2, 2, 4, 4]
"4.4.194289498000.3"	[1432080, 0, -3315, 0, 1]	194289498000	663.914771696	"4T1"	[2, 2, 4, 4]
"4.4.194289498000.4"	[2545920, 0, -3315, 0, 1]	194289498000	663.914771696	"4T1"	[2, 4, 4, 4]
"4.4.194659565125.1"	[-97269, 57544, -5284, -1, 1]	194659565125	664.230689098	"4T1"	[2, 2, 4]
"4.4.194659565125.2"	[4838671, -26116, -5284, -1, 1]	194659565125	664.230689098	"4T1"	[2, 2, 4]
"4.4.195139437625.2"	[9208016, -36676, -9189, -1, 1]	195139437625	664.639674653	"4T1"	[2, 2, 2, 8]
"4.4.195139437625.3"	[20800476, 9, -9189, -1, 1]	195139437625	664.639674653	"4T1"	[2, 2, 4, 40]
"4.4.195212937401.1"	[129956, -2538, -2175, -1, 1]	195212937401	664.70225038	"4T1"	[]
"4.4.195469297664.1"	[264146, 0, -1828, 0, 1]	195469297664	664.920370389	"4T1"	[2, 2, 4]
"4.4.195469297664.2"	[571250, 0, -1828, 0, 1]	195469297664	664.920370389	"4T1"	[2, 2, 4]
"4.4.195863921093.1"	[4319971, -45590, -15204, -1, 1]	195863921093	665.255710445	"4T1"	[2, 4]
"4.4.196021690129.1"	[-77355, 35217, -2178, -1, 1]	196021690129	665.389636416	"4T1"	[40]
"4.4.196021690129.2"	[79488, -17064, -2178, -1, 1]	196021690129	665.389636416	"4T1"	[8]
"4.4.196325547328.1"	[2098132, 0, -2906, 0, 1]	196325547328	665.647345153	"4T1"	[]
"4.4.196540737536.5"	[1135706, 0, -10868, 0, 1]	196540737536	665.829672356	"4T1"	[2, 4, 4]
"4.4.196540737536.6"	[28392650, 0, -10868, 0, 1]	196540737536	665.829672356	"4T1"	[2, 2, 4]
"4.4.196882688925.1"	[305839, 59047, -8455, -1, 1]	196882688925	666.11909452	"4T1"	[2, 2, 20]
"4.4.196966234064.1"	[57725, 0, -2309, 0, 1]	196966234064	666.189748471	"4T1"	[]
"4.4.197209834048.2"	[37006912, 0, -12994, 0, 1]	197209834048	666.395632239	"4T1"	[2, 2, 4]
"4.4.197297344337.1"	[2533168, 56932, -9504, -1, 1]	197297344337	666.469546875	"4T1"	[2]
"4.4.197764183273.1"	[37045896, 26029, -13021, -1, 1]	197764183273	666.863442498	"4T1"	[2]
"4.4.198560639021.1"	[30341771, 11091, -11097, -1, 1]	198560639021	667.533845707	"4T1"	[]
"4.4.198807136133.1"	[5943407, -31284, -6300, -1, 1]	198807136133	667.740921768	"4T1"	[]
"4.4.198952445952.1"	[3978, 0, -2652, 0, 1]	198952445952	667.862902712	"4T1"	[2, 4, 4]
"4.4.198952445952.2"	[322218, 0, -2652, 0, 1]	198952445952	667.862902712	"4T1"	[2, 4, 4]
"4.4.198952445952.3"	[1436058, 0, -2652, 0, 1]	198952445952	667.862902712	"4T1"	[2, 12, 12]
"4.4.198952445952.4"	[1754298, 0, -2652, 0, 1]	198952445952	667.862902712	"4T1"	[2, 4, 4]
"4.4.199380977393.1"	[201776, 57516, -5796, -1, 1]	199380977393	668.222246586	"4T1"	[2, 2, 2]
"4.4.199380977393.2"	[5468089, 34519, -5796, -1, 1]	199380977393	668.222246586	"4T1"	[2, 2, 2]
"4.4.199411716397.1"	[4475017, -44539, -8929, -1, 1]	199411716397	668.248000421	"4T1"	[5]
"4.4.199983645437.1"	[4411237, -46067, -15363, -1, 1]	199983645437	668.726633363	"4T1"	[2]
"4.4.200098975049.1"	[15148, 26686, -2193, -1, 1]	200098975049	668.823025382	"4T1"	[]
"4.4.200273938241.1"	[25224655, -23713, -11870, -1, 1]	200273938241	668.969179381	"4T1"	[2, 2]
"4.4.200332636173.1"	[-352559, 57139, -2461, -1, 1]	200332636173	669.018190741	"4T1"	[4]
"4.4.200332636173.2"	[221293, 40261, -2461, -1, 1]	200332636173	669.018190741	"4T1"	[4]
"4.4.200469995021.1"	[14846225, 62359, -20789, -1, 1]	200469995021	669.132839995	"4T1"	[2]
"4.4.200647026688.1"	[74682, 0, -1844, 0, 1]	200647026688	669.280516078	"4T1"	[2]
"4.4.200647026688.2"	[775402, 0, -1844, 0, 1]	200647026688	669.280516078	"4T1"	[2]
"4.4.200748816713.1"	[15637328, 42156, -10551, -1, 1]	200748816713	669.365382927	"4T1"	[2]
"4.4.200752465753.1"	[5277224, -45487, -11385, -1, 1]	200752465753	669.368424694	"4T1"	[10]
"4.4.200921157793.1"	[128099, -5491, -2196, -1, 1]	200921157793	669.508997763	"4T1"	[]
"4.4.201281704000.1"	[11464960, 0, -6890, 0, 1]	201281704000	669.80914866	"4T1"	[2, 2, 4]
"4.4.201675139433.1"	[12101872, 16, -7035, -1, 1]	201675139433	670.136219754	"4T1"	[6]
"4.4.201842627269.2"	[30447657, 43146, -14388, -1, 1]	201842627269	670.27531068	"4T1"	[2, 2]
"4.4.202195540949.1"	[30897877, 11192, -11198, -1, 1]	202195540949	670.568106098	"4T1"	[]
"4.4.202534773824.3"	[25569344, 0, -11926, 0, 1]	202534773824	670.849190149	"4T1"	[2, 4]
"4.4.203036604233.2"	[2608244, 57754, -9641, -1, 1]	203036604233	671.264353636	"4T1"	[2, 2]
"4.4.203037952000.2"	[422370, 0, -4940, 0, 1]	203037952000	671.265467605	"4T1"	[4, 4]
"4.4.203037952000.3"	[2299570, 0, -4940, 0, 1]	203037952000	671.265467605	"4T1"	[4, 4]
"4.4.203037952000.4"	[3801330, 0, -4940, 0, 1]	203037952000	671.265467605	"4T1"	[4, 4]
"4.4.203037952000.5"	[5678530, 0, -4940, 0, 1]	203037952000	671.265467605	"4T1"	[4, 52]
"4.4.203129915237.1"	[15929213, 8040, -8052, -1, 1]	203129915237	671.341464805	"4T1"	[]
"4.4.203172160592.1"	[282293, 0, -2333, 0, 1]	203172160592	671.376367156	"4T1"	[]
"4.4.203328941632.2"	[5402512, 0, -11446, 0, 1]	203328941632	671.505849265	"4T1"	[2]
"4.4.203390626549.1"	[-26367, 55660, -3418, -1, 1]	203390626549	671.556772993	"4T1"	[52]
"4.4.203390626549.2"	[1778535, 29502, -3418, -1, 1]	203390626549	671.556772993	"4T1"	[4]
"4.4.203401212841.1"	[-395704, 56237, -2205, -1, 1]	203401212841	671.565511298	"4T1"	[]
"4.4.203955500737.1"	[7060928, -24580, -6192, -1, 1]	203955500737	672.022564671	"4T1"	[10]
"4.4.204191417617.2"	[5368113, -45875, -11482, -1, 1]	204191417617	672.216813836	"4T1"	[2, 10]
"4.4.204905127989.1"	[1964333, 51664, -5786, -1, 1]	204905127989	672.803445423	"4T1"	[]
"4.4.205042770917.1"	[320717, 60258, -8628, -1, 1]	205042770917	672.916404184	"4T1"	[101]
"4.4.205065869273.1"	[122524, 9214, -2211, -1, 1]	205065869273	672.935354628	"4T1"	[]
"4.4.205269405136.1"	[1238389, 0, -2341, 0, 1]	205269405136	673.102271152	"4T1"	[]
"4.4.205754238976.1"	[6257394, 0, -9724, 0, 1]	205754238976	673.499376246	"4T1"	[2, 2, 4]
"4.4.205754238976.2"	[17381650, 0, -9724, 0, 1]	205754238976	673.499376246	"4T1"	[2, 2, 4]
"4.4.206086260229.1"	[152073, -52484, -7528, -1, 1]	206086260229	673.770914901	"4T1"	[3]
"4.4.206505341381.1"	[4331231, 48504, -6960, -1, 1]	206505341381	674.11318617	"4T1"	[]
"4.4.206670459269.1"	[15306223, 63316, -21108, -1, 1]	206670459269	674.247897923	"4T1"	[2]
"4.4.207382687217.1"	[179369177, 1, -27614, -1, 1]	207382687217	674.828047167	"4T1"	[2, 2]
"4.4.207895529024.1"	[379136, 0, -2962, 0, 1]	207895529024	675.244860603	"4T1"	[2]
"4.4.208377884381.1"	[15432895, 63577, -21195, -1, 1]	208377884381	675.636192937	"4T1"	[2]
"4.4.208404094949.1"	[14588033, -28040, -9368, -1, 1]	208404094949	675.657437962	"4T1"	[13]
"4.4.208767277769.1"	[10460180, -13611, -6849, -1, 1]	208767277769	675.951610413	"4T1"	[2]
"4.4.208778546873.1"	[1999196, -27831, -3621, -1, 1]	208778546873	675.960732071	"4T1"	[2, 2]
"4.4.208778546873.2"	[2668748, 14016, -3621, -1, 1]	208778546873	675.960732071	"4T1"	[2, 2]
"4.4.209507092688.1"	[398333, 0, -2357, 0, 1]	209507092688	676.54966379	"4T1"	[]
"4.4.210114283625.1"	[-398524, -56106, -2229, -1, 1]	210114283625	677.039323964	"4T1"	[2, 2, 20]
"4.4.210114283625.2"	[-113164, -38271, -2229, -1, 1]	210114283625	677.039323964	"4T1"	[2, 2, 4]
"4.4.210114283625.3"	[-41824, 33069, -2229, -1, 1]	210114283625	677.039323964	"4T1"	[2, 2, 4]
"4.4.210114283625.4"	[124636, -8546, -2229, -1, 1]	210114283625	677.039323964	"4T1"	[2, 2, 4]
"4.4.210941547125.1"	[2577811, 46954, -5274, -1, 1]	210941547125	677.704753342	"4T1"	[4]
"4.4.210941547125.2"	[6623681, 5244, -5274, -1, 1]	210941547125	677.704753342	"4T1"	[4]
"4.4.210963658177.1"	[-153313, -41299, -2232, -1, 1]	210963658177	677.722512025	"4T1"	[]
"4.4.211033139200.1"	[2205450, 0, -7540, 0, 1]	211033139200	677.778307226	"4T1"	[2, 2, 2]
"4.4.211033139200.2"	[12007450, 0, -7540, 0, 1]	211033139200	677.778307226	"4T1"	[2, 2, 2]
"4.4.211156937953.1"	[5552219, -46651, -11676, -1, 1]	211156937953	677.877686945	"4T1"	[2, 2]
"4.4.211230745337.1"	[182697692, 1, -27869, -1, 1]	211230745337	677.936915193	"4T1"	[2]
"4.4.211282762816.1"	[595600, 0, -2978, 0, 1]	211282762816	677.978648362	"4T1"	[6]
"4.4.211301974873.1"	[39584106, 26905, -13459, -1, 1]	211301974873	677.994060079	"4T1"	[2]
"4.4.211549849600.5"	[6433650, 0, -9860, 0, 1]	211549849600	678.192808474	"4T1"	[2, 2, 2, 4]
"4.4.211549849600.6"	[17871250, 0, -9860, 0, 1]	211549849600	678.192808474	"4T1"	[2, 2, 2, 4]
"4.4.212246656477.2"	[87161393, 18937, -18939, -1, 1]	212246656477	678.750581055	"4T1"	[2]
"4.4.212476968000.1"	[22738320, 0, -9570, 0, 1]	212476968000	678.93463638	"4T1"	[2, 2, 2, 40]
"4.4.212556032000.1"	[28730, 0, -4420, 0, 1]	212556032000	678.997786518	"4T1"	[2, 4, 4]
"4.4.212556032000.2"	[1407770, 0, -4420, 0, 1]	212556032000	678.997786518	"4T1"	[2, 4, 4]
"4.4.212556032000.3"	[3476330, 0, -4420, 0, 1]	212556032000	678.997786518	"4T1"	[2, 4, 4]
"4.4.212556032000.4"	[4855370, 0, -4420, 0, 1]	212556032000	678.997786518	"4T1"	[2, 4, 4]
"4.4.212990090048.1"	[2155892, 0, -2986, 0, 1]	212990090048	679.344164629	"4T1"	[]
"4.4.213221807597.1"	[16723123, 8237, -8249, -1, 1]	213221807597	679.528858414	"4T1"	[5]
"4.4.214285595509.1"	[8767593, 18606, -6238, -1, 1]	214285595509	680.374839036	"4T1"	[]
"4.4.214742431093.1"	[88186589, 19048, -19050, -1, 1]	214742431093	680.73717237	"4T1"	[2]
"4.4.215161286953.1"	[12888298, 33401, -8371, -1, 1]	215161286953	681.068874905	"4T1"	[2]
"4.4.215244881657.1"	[-400618, -56559, -2247, -1, 1]	215244881657	681.135017679	"4T1"	[2]
"4.4.215244881657.2"	[18892, -26594, -2247, -1, 1]	215244881657	681.135017679	"4T1"	[2]
"4.4.215585864921.1"	[27155510, -24603, -12315, -1, 1]	215585864921	681.404615024	"4T1"	[2]
"4.4.215678689481.3"	[32039692, -36262, -18137, -1, 1]	215678689481	681.477951086	"4T1"	[2, 2, 2]
"4.4.215972357456.1"	[688109, 0, -2381, 0, 1]	215972357456	681.709807727	"4T1"	[]
"4.4.216108018001.1"	[116621, 12377, -2250, -1, 1]	216108018001	681.816834558	"4T1"	[2, 8]
"4.4.216108018001.2"	[-75411, -35631, -2250, -1, 1]	216108018001	681.816834558	"4T1"	[2, 8]
"4.4.216322881421.1"	[10209375, 43225, -8665, -1, 1]	216322881421	681.986243946	"4T1"	[]
"4.4.216420547829.1"	[1448453, -48722, -5474, -1, 1]	216420547829	682.063207456	"4T1"	[]
"4.4.216748578017.2"	[13010624, 16, -7292, -1, 1]	216748578017	682.321512717	"4T1"	[2, 30]
"4.4.216891308573.2"	[4785841, -47975, -15999, -1, 1]	216891308573	682.433813441	"4T1"	[2, 2]
"4.4.217347598912.4"	[5774992, 0, -11834, 0, 1]	217347598912	682.792452291	"4T1"	[2, 2, 2]
"4.4.217547896621.1"	[32819337, 44793, -14937, -1, 1]	217547896621	682.949705612	"4T1"	[2]
"4.4.217808860813.1"	[646209, -52677, -5905, -1, 1]	217808860813	683.154425244	"4T1"	[]
"4.4.218156637904.1"	[1053549, 0, -2389, 0, 1]	218156637904	683.4269616	"4T1"	[]
"4.4.218287164125.1"	[-22409, -55001, -6159, -1, 1]	218287164125	683.529164691	"4T1"	[4]
"4.4.218287164125.2"	[4868591, 42819, -6159, -1, 1]	218287164125	683.529164691	"4T1"	[4]
"4.4.218340616937.1"	[17011408, 43964, -11003, -1, 1]	218340616937	683.571005449	"4T1"	[2]
"4.4.219449184557.1"	[6566629, -32869, -6617, -1, 1]	219449184557	684.437021763	"4T1"	[]
"4.4.220526533061.1"	[16334215, 65404, -21804, -1, 1]	220526533061	685.275511511	"4T1"	[2]
"4.4.220748083697.1"	[2840048, 60220, -10052, -1, 1]	220748083697	685.447561172	"4T1"	[2]
"4.4.220864595069.1"	[33754157, 11697, -11703, -1, 1]	220864595069	685.537988496	"4T1"	[]
"4.4.221052158053.1"	[4964857, -46894, -9400, -1, 1]	221052158053	685.683485585	"4T1"	[]
"4.4.221553017293.1"	[4443461, 37129, -5361, -1, 1]	221553017293	686.07156084	"4T1"	[4]
"4.4.221553017293.2"	[6732953, -5269, -5361, -1, 1]	221553017293	686.07156084	"4T1"	[4]
"4.4.221664812608.3"	[217872, 0, -3026, 0, 1]	221664812608	686.158092134	"4T1"	[2, 2, 4]
"4.4.221664812608.4"	[1186192, 0, -3026, 0, 1]	221664812608	686.158092134	"4T1"	[2, 2, 4]
"4.4.221824259977.2"	[5834198, -47815, -11967, -1, 1]	221824259977	686.281450237	"4T1"	[2, 2]
"4.4.222569282000.1"	[2405, 0, -2405, 0, 1]	222569282000	686.856964484	"4T1"	[4, 100]
"4.4.222856032941.1"	[4679317, 50387, -7229, -1, 1]	222856032941	687.078088658	"4T1"	[]
"4.4.223427546432.1"	[1025492, 0, -3034, 0, 1]	223427546432	687.518167985	"4T1"	[2, 4]
"4.4.223427546432.2"	[1753652, 0, -3034, 0, 1]	223427546432	687.518167985	"4T1"	[2, 4]
"4.4.223980311017.1"	[-404068, -57314, -2277, -1, 1]	223980311017	687.943007746	"4T1"	[]
"4.4.224219588608.1"	[2343258, 0, -7772, 0, 1]	224219588608	688.126666123	"4T1"	[4]
"4.4.224219588608.2"	[12757738, 0, -7772, 0, 1]	224219588608	688.126666123	"4T1"	[20]
"4.4.224697314789.1"	[34340563, 11798, -11804, -1, 1]	224697314789	688.492907314	"4T1"	[]
"4.4.224739562625.1"	[488971, -54271, -6824, -1, 1]	224739562625	688.52526783	"4T1"	[2, 2, 2]
"4.4.224739562625.2"	[9528256, 27164, -6824, -1, 1]	224739562625	688.52526783	"4T1"	[2, 2, 2]
"4.4.224768971728.1"	[6850053, 0, -6657, 0, 1]	224768971728	688.547791587	"4T1"	[2, 2]
"4.4.225438445057.1"	[5929743, -48203, -12064, -1, 1]	225438445057	689.05992901	"4T1"	[2]
"4.4.225482975197.1"	[8868089, 35681, -7167, -1, 1]	225482975197	689.093953444	"4T1"	[]
"4.4.225755282969.1"	[-295150, 52137, -2283, -1, 1]	225755282969	689.301907857	"4T1"	[]
"4.4.226167670784.1"	[586850, 0, -4268, 0, 1]	226167670784	689.61647989	"4T1"	[2, 4]
"4.4.226167670784.2"	[3967106, 0, -4268, 0, 1]	226167670784	689.61647989	"4T1"	[2, 4]
"4.4.226340206241.2"	[11345611, -14173, -7130, -1, 1]	226340206241	689.747963394	"4T1"	[2, 2]
"4.4.227356586269.1"	[29826063, -11411, -11431, -1, 1]	227356586269	690.520990679	"4T1"	[]
"4.4.227413553273.1"	[17720144, 44868, -11229, -1, 1]	227413553273	690.564241259	"4T1"	[2]
"4.4.227439918656.3"	[28713536, 0, -12638, 0, 1]	227439918656	690.584255676	"4T1"	[2, 2]
"4.4.227541923369.1"	[33803020, -37246, -18629, -1, 1]	227541923369	690.66167283	"4T1"	[2]
"4.4.227910944768.1"	[962, 0, -1924, 0, 1]	227910944768	690.941526842	"4T1"	[2, 4]
"4.4.227910944768.2"	[116402, 0, -1924, 0, 1]	227910944768	690.941526842	"4T1"	[2, 4]
"4.4.227910944768.3"	[809042, 0, -1924, 0, 1]	227910944768	690.941526842	"4T1"	[2, 20]
"4.4.227910944768.4"	[924482, 0, -1924, 0, 1]	227910944768	690.941526842	"4T1"	[2, 100]
"4.4.228042308233.2"	[2593966, -45871, -5791, -1, 1]	228042308233	691.041066666	"4T1"	[2, 2]
"4.4.228219604109.2"	[16904993, 66535, -22181, -1, 1]	228219604109	691.175343314	"4T1"	[2, 4, 4]
"4.4.228344928829.1"	[34449867, 45891, -15303, -1, 1]	228344928829	691.270211944	"4T1"	[2]
"4.4.228435284897.1"	[-349229, -54635, -2292, -1, 1]	228435284897	691.338585689	"4T1"	[5]
"4.4.228807524381.1"	[16020221, -29381, -9815, -1, 1]	228807524381	691.620050977	"4T1"	[5]
"4.4.229155792896.3"	[4086650, 0, -6956, 0, 1]	229155792896	691.883080051	"4T1"	[4]
"4.4.229155792896.4"	[8009834, 0, -6956, 0, 1]	229155792896	691.883080051	"4T1"	[4]
"4.4.229333309561.1"	[-38854, -33283, -2295, -1, 1]	229333309561	692.017033804	"4T1"	[]
"4.4.230013658949.1"	[17038103, 66796, -22268, -1, 1]	230013658949	692.529705181	"4T1"	[2]
"4.4.230169856069.1"	[34725465, 46074, -15364, -1, 1]	230169856069	692.647245603	"4T1"	[2]
"4.4.230248269824.2"	[1054850, 0, -4964, 0, 1]	230248269824	692.706230449	"4T1"	[2, 4]
"4.4.230248269824.3"	[5105474, 0, -4964, 0, 1]	230248269824	692.706230449	"4T1"	[2, 4]
"4.4.230517138557.1"	[367427, 63891, -9147, -1, 1]	230517138557	692.90836611	"4T1"	[]
"4.4.230557354961.2"	[34251232, -37492, -18752, -1, 1]	230557354961	692.93858562	"4T1"	[2, 4]
"4.4.231505074893.1"	[5109671, -49565, -16529, -1, 1]	231505074893	693.64958206	"4T1"	[2, 2]
"4.4.231572279248.1"	[21933, 0, -2437, 0, 1]	231572279248	693.699917025	"4T1"	[]
"4.4.232019280497.1"	[18079936, 45320, -11342, -1, 1]	232019280497	694.034435178	"4T1"	[2]
"4.4.232025676469.1"	[177263, -55690, -7986, -1, 1]	232025676469	694.039218163	"4T1"	[3]
"4.4.232381513792.1"	[24592, 0, -3074, 0, 1]	232381513792	694.305161955	"4T1"	[2, 2, 2]
"4.4.232381513792.2"	[885312, 0, -3074, 0, 1]	232381513792	694.305161955	"4T1"	[2, 2, 2]
"4.4.232957180213.1"	[8336601, -18720, -6294, -1, 1]	232957180213	694.734754438	"4T1"	[]
"4.4.233033416000.1"	[2015860, 0, -13090, 0, 1]	233033416000	694.791585861	"4T1"	[2, 2, 4]
"4.4.233033416000.2"	[18142740, 0, -13090, 0, 1]	233033416000	694.791585861	"4T1"	[2, 2, 68]
"4.4.233644288000.1"	[8730, 0, -1940, 0, 1]	233644288000	695.246469271	"4T1"	[2, 4]
"4.4.233644288000.2"	[427770, 0, -1940, 0, 1]	233644288000	695.246469271	"4T1"	[2, 4]
"4.4.233644288000.3"	[513130, 0, -1940, 0, 1]	233644288000	695.246469271	"4T1"	[2, 4]
"4.4.233644288000.4"	[932170, 0, -1940, 0, 1]	233644288000	695.246469271	"4T1"	[2, 4]
"4.4.233858751281.1"	[-246079, -48903, -2310, -1, 1]	233858751281	695.405956952	"4T1"	[2]
"4.4.233858751281.2"	[-153664, 43512, -2310, -1, 1]	233858751281	695.405956952	"4T1"	[2]
"4.4.234256700992.4"	[43958848, 0, -14162, 0, 1]	234256700992	695.701605694	"4T1"	[2, 2, 2]
"4.4.234406600433.1"	[1752776, -51516, -6486, -1, 1]	234406600433	695.812872806	"4T1"	[2]
"4.4.234468234000.1"	[13873860, 0, -15015, 0, 1]	234468234000	695.858606588	"4T1"	[2, 2, 2, 4, 4]
"4.4.234468234000.2"	[55495440, 0, -15015, 0, 1]	234468234000	695.858606588	"4T1"	[2, 2, 2, 2, 4]
"4.4.234823673341.1"	[11087225, 45035, -9027, -1, 1]	234823673341	696.122176454	"4T1"	[]
"4.4.235520696377.1"	[14113076, 34945, -8757, -1, 1]	235520696377	696.638174294	"4T1"	[2]
"4.4.236393291741.1"	[36130081, 12101, -12107, -1, 1]	236393291741	697.282534325	"4T1"	[]
"4.4.237285198337.1"	[44455907, 28511, -14262, -1, 1]	237285198337	697.939313645	"4T1"	[2]
"4.4.237415406153.1"	[4269644, -47867, -8009, -1, 1]	237415406153	698.035040707	"4T1"	[2]
"4.4.237805627392.3"	[2485242, 0, -8004, 0, 1]	237805627392	698.321690566	"4T1"	[2, 4, 4]
"4.4.237805627392.4"	[13530762, 0, -8004, 0, 1]	237805627392	698.321690566	"4T1"	[2, 2, 4]
"4.4.237867017536.1"	[501876, 0, -3098, 0, 1]	237867017536	698.366754596	"4T1"	[]
"4.4.237970040609.1"	[29978323, -25849, -12938, -1, 1]	237970040609	698.442360082	"4T1"	[10]
"4.4.238478788181.1"	[17666185, 68014, -22674, -1, 1]	238478788181	698.815354872	"4T1"	[2, 20]
"4.4.238631341376.2"	[17734196, 0, -22678, 0, 1]	238631341376	698.927084884	"4T1"	[2, 2]
"4.4.239152719629.1"	[-167857, 63411, -4953, -1, 1]	239152719629	699.308538546	"4T1"	[4]
"4.4.239152719629.2"	[768095, -53583, -4953, -1, 1]	239152719629	699.308538546	"4T1"	[4]
"4.4.239403443149.2"	[36119925, 46989, -15669, -1, 1]	239403443149	699.491752236	"4T1"	[2, 4]
"4.4.239714520128.2"	[1590272, 0, -3106, 0, 1]	239714520128	699.718868679	"4T1"	[2, 4]
"4.4.239934548921.1"	[9173500, 25, -6165, -1, 1]	239934548921	699.87937766	"4T1"	[10]
"4.4.240095471616.1"	[1387386, 0, -12012, 0, 1]	240095471616	699.996699405	"4T1"	[2, 2, 4]
"4.4.240095471616.2"	[34684650, 0, -12012, 0, 1]	240095471616	699.996699405	"4T1"	[2, 2, 4]
"4.4.240293820313.1"	[112076, -15154, -2331, -1, 1]	240293820313	700.141225705	"4T1"	[]
"4.4.240312645869.1"	[17802253, 68275, -22761, -1, 1]	240312645869	700.154938252	"4T1"	[2]
"4.4.240433907264.2"	[30353984, 0, -12994, 0, 1]	240433907264	700.243245822	"4T1"	[2, 2, 4]
"4.4.240502009757.1"	[5309057, -50519, -16847, -1, 1]	240502009757	700.292826232	"4T1"	[2]
"4.4.240565882069.1"	[31561125, -11738, -11758, -1, 1]	240565882069	700.33931739	"4T1"	[5]
"4.4.240929136448.2"	[89101012, 0, -34034, 0, 1]	240929136448	700.603545835	"4T1"	[2, 2, 2, 2]
"4.4.241369253057.1"	[18810368, 46224, -11568, -1, 1]	241369253057	700.923283268	"4T1"	[2]
"4.4.242622252301.1"	[-166319, -58873, -3625, -1, 1]	242622252301	701.831178315	"4T1"	[20]
"4.4.242622252301.2"	[1886589, -31131, -3625, -1, 1]	242622252301	701.831178315	"4T1"	[4]
"4.4.242891896537.1"	[5453388, -41766, -7003, -1, 1]	242891896537	702.026096454	"4T1"	[2]
"4.4.242939082509.1"	[17012263, -30275, -10113, -1, 1]	242939082509	702.060189163	"4T1"	[85]
"4.4.243163285328.1"	[1310333, 0, -2477, 0, 1]	243163285328	702.222111884	"4T1"	[5]
"4.4.243336278917.1"	[9575547, 37066, -7444, -1, 1]	243336278917	702.346973998	"4T1"	[]
"4.4.243807128893.1"	[5480131, -49249, -9871, -1, 1]	243807128893	702.686483962	"4T1"	[]
"4.4.243947453497.2"	[6419108, -50143, -12549, -1, 1]	243947453497	702.787570965	"4T1"	[2, 2]
"4.4.243998230528.1"	[270738, 0, -4628, 0, 1]	243998230528	702.824138964	"4T1"	[2, 4]
"4.4.243998230528.2"	[5083858, 0, -4628, 0, 1]	243998230528	702.824138964	"4T1"	[2, 4]
"4.4.244355457869.1"	[37348343, 12303, -12309, -1, 1]	244355457869	703.081241519	"4T1"	[]
"4.4.244434139200.1"	[14803200, 0, -7710, 0, 1]	244434139200	703.137831916	"4T1"	[2, 78]
"4.4.244568550449.1"	[30810473, -26205, -13116, -1, 1]	244568550449	703.234473646	"4T1"	[26]
"4.4.244632951433.1"	[45833636, 28949, -14481, -1, 1]	244632951433	703.280763858	"4T1"	[2, 2]
"4.4.244961856593.1"	[-472819, 62961, -2346, -1, 1]	244961856593	703.517032254	"4T1"	[29]
"4.4.244965396293.1"	[19220689, 8828, -8840, -1, 1]	244965396293	703.519573696	"4T1"	[]
"4.4.245129337125.1"	[-17299, -58286, -6524, -1, 1]	245129337125	703.637250164	"4T1"	[20]
"4.4.245129337125.2"	[5476681, 45374, -6524, -1, 1]	245129337125	703.637250164	"4T1"	[4]
"4.4.245397825536.1"	[24650, 0, -1972, 0, 1]	245397825536	703.82984329	"4T1"	[2, 4]
"4.4.245397825536.2"	[355946, 0, -1972, 0, 1]	245397825536	703.82984329	"4T1"	[2, 4]
"4.4.245397825536.3"	[616250, 0, -1972, 0, 1]	245397825536	703.82984329	"4T1"	[2, 4]
"4.4.245397825536.4"	[947546, 0, -1972, 0, 1]	245397825536	703.82984329	"4T1"	[2, 20]
"4.4.245909399552.1"	[64538, 0, -5612, 0, 1]	245909399552	704.196370502	"4T1"	[4]
"4.4.245909399552.2"	[7809098, 0, -5612, 0, 1]	245909399552	704.196370502	"4T1"	[4]
"4.4.246340576193.1"	[213067291, 1, -30096, -1, 1]	246340576193	704.504851577	"4T1"	[2, 2]
"4.4.248032512000.1"	[515970, 0, -5460, 0, 1]	248032512000	705.711432303	"4T1"	[2, 4, 4, 4]
"4.4.248032512000.2"	[2809170, 0, -5460, 0, 1]	248032512000	705.711432303	"4T1"	[2, 2, 4, 4]
"4.4.248032512000.3"	[4643730, 0, -5460, 0, 1]	248032512000	705.711432303	"4T1"	[2, 2, 4, 4]
"4.4.248032512000.4"	[6936930, 0, -5460, 0, 1]	248032512000	705.711432303	"4T1"	[2, 2, 4, 4]
"4.4.248385995381.1"	[37965049, 12404, -12410, -1, 1]	248385995381	705.962734092	"4T1"	[5]
"4.4.248893736000.3"	[14727440, 0, -15470, 0, 1]	248893736000	706.323232992	"4T1"	[2, 2, 2, 4]
"4.4.248893736000.4"	[58909760, 0, -15470, 0, 1]	248893736000	706.323232992	"4T1"	[2, 2, 4, 4]
"4.4.249381364544.1"	[7978100, 0, -8398, 0, 1]	249381364544	706.668933349	"4T1"	[2, 2, 20]
"4.4.249381364544.2"	[15637076, 0, -8398, 0, 1]	249381364544	706.668933349	"4T1"	[2, 2, 4]
"4.4.249454598544.1"	[1556496, 0, -3603, 0, 1]	249454598544	706.72080821	"4T1"	[2, 4]
"4.4.249579283909.1"	[32745083, -11956, -11976, -1, 1]	249579283909	706.809102062	"4T1"	[]
"4.4.250300120016.1"	[62525, 0, -2501, 0, 1]	250300120016	707.318902616	"4T1"	[2, 2, 8]
"4.4.250300120016.2"	[1563125, 0, -2501, 0, 1]	250300120016	707.318902616	"4T1"	[2, 8, 8]
"4.4.250642822625.1"	[-475264, 63444, -2364, -1, 1]	250642822625	707.560887793	"4T1"	[2, 4]
"4.4.250642822625.2"	[-71744, 38224, -2364, -1, 1]	250642822625	707.560887793	"4T1"	[2, 4]
"4.4.250642822625.3"	[-2389, -31131, -2364, -1, 1]	250642822625	707.560887793	"4T1"	[2, 4]
"4.4.250642822625.4"	[98491, 19309, -2364, -1, 1]	250642822625	707.560887793	"4T1"	[2, 20]
"4.4.251167490801.2"	[37314752, -39132, -19572, -1, 1]	251167490801	707.930880058	"4T1"	[2, 4]
"4.4.251791255552.3"	[2631402, 0, -8236, 0, 1]	251791255552	708.370001058	"4T1"	[20]
"4.4.251791255552.4"	[14326522, 0, -8236, 0, 1]	251791255552	708.370001058	"4T1"	[4]
"4.4.251912882057.1"	[3248308, 64330, -10737, -1, 1]	251912882057	708.455529212	"4T1"	[2]
"4.4.252011832125.1"	[3096761, 51319, -5759, -1, 1]	252011832125	708.525088378	"4T1"	[4]
"4.4.252011832125.2"	[7929301, 5729, -5759, -1, 1]	252011832125	708.525088378	"4T1"	[4]
"4.4.252118266733.1"	[103539739, 20639, -20641, -1, 1]	252118266733	708.599886105	"4T1"	[2]
"4.4.252709731664.1"	[1568125, 0, -2509, 0, 1]	252709731664	709.015111647	"4T1"	[4]
"4.4.253515949289.1"	[-414772, -59730, -2373, -1, 1]	253515949289	709.579927535	"4T1"	[]
"4.4.254148146221.1"	[33345237, -12065, -12085, -1, 1]	254148146221	710.021887265	"4T1"	[]
"4.4.254267446841.2"	[7711012, 23825, -6005, -1, 1]	254267446841	710.105196101	"4T1"	[2, 2]
"4.4.254478514753.1"	[-356481, 57429, -2376, -1, 1]	254478514753	710.252515183	"4T1"	[]
"4.4.254583113809.1"	[9350288, 12500, -6288, -1, 1]	254583113809	710.325488234	"4T1"	[2]
"4.4.255106915713.1"	[280192, 65056, -6550, -1, 1]	255106915713	710.690578349	"4T1"	[2, 2, 4]
"4.4.255106915713.2"	[7017559, 39043, -6550, -1, 1]	255106915713	710.690578349	"4T1"	[2, 2, 4]
"4.4.255316830208.1"	[1979802, 0, -4444, 0, 1]	255316830208	710.836731034	"4T1"	[4]
"4.4.255740507177.2"	[19933136, 47580, -11907, -1, 1]	255740507177	711.13144126	"4T1"	[2, 2]
"4.4.255867950069.1"	[18956453, 70450, -23486, -1, 1]	255867950069	711.220019051	"4T1"	[2]
"4.4.256410948977.1"	[-356984, -56780, -2382, -1, 1]	256410948977	711.597054095	"4T1"	[]
"4.4.256420980736.1"	[2228650, 0, -6148, 0, 1]	256420980736	711.60401408	"4T1"	[2, 2]
"4.4.256420980736.2"	[7220826, 0, -6148, 0, 1]	256420980736	711.60401408	"4T1"	[2, 2]
"4.4.256512256000.2"	[10020010, 0, -20020, 0, 1]	256512256000	711.667331028	"4T1"	[2, 4, 4, 4]
"4.4.256512256000.3"	[90180090, 0, -20020, 0, 1]	256512256000	711.667331028	"4T1"	[2, 2, 2, 4]
"4.4.256545979301.1"	[39213611, 12606, -12612, -1, 1]	256545979301	711.690720348	"4T1"	[]
"4.4.257380823881.1"	[-301576, -53671, -2385, -1, 1]	257380823881	712.269006026	"4T1"	[]
"4.4.257482688693.1"	[417251, 67524, -9666, -1, 1]	257482688693	712.339470077	"4T1"	[5]
"4.4.258392691617.1"	[3333248, 65152, -10874, -1, 1]	258392691617	712.968030435	"4T1"	[2]
"4.4.258415371709.1"	[38991195, 48819, -16279, -1, 1]	258415371709	712.983674887	"4T1"	[2, 2]
"4.4.259280359897.1"	[6824568, -51695, -12937, -1, 1]	259280359897	713.579566139	"4T1"	[2, 2]
"4.4.259402573357.1"	[106532003, 20935, -20937, -1, 1]	259402573357	713.663638855	"4T1"	[2, 4]
"4.4.259664568313.1"	[48652166, 29825, -14919, -1, 1]	259664568313	713.843769584	"4T1"	[10]
"4.4.259746862741.1"	[4336647, -43442, -6262, -1, 1]	259746862741	713.900321759	"4T1"	[]
"4.4.260672203072.1"	[1846132, 0, -3194, 0, 1]	260672203072	714.53528619	"4T1"	[]
"4.4.260812539904.1"	[7931826, 0, -10948, 0, 1]	260812539904	714.631437007	"4T1"	[2, 2, 4]
"4.4.260812539904.2"	[22032850, 0, -10948, 0, 1]	260812539904	714.631437007	"4T1"	[2, 2, 4]
"4.4.260986734592.1"	[151618, 0, -7052, 0, 1]	260986734592	714.750731341	"4T1"	[2, 2, 8]
"4.4.260986734592.2"	[12281058, 0, -7052, 0, 1]	260986734592	714.750731341	"4T1"	[2, 4, 4]
"4.4.261603284797.1"	[9370557, -19839, -6667, -1, 1]	261603284797	715.172486352	"4T1"	[5]
"4.4.262207302208.2"	[6966928, 0, -12998, 0, 1]	262207302208	715.584945923	"4T1"	[5, 10]
"4.4.262266899201.1"	[102391, -18803, -2400, -1, 1]	262266899201	715.625603711	"4T1"	[12]
"4.4.262266899201.2"	[160000, 400, -2400, -1, 1]	262266899201	715.625603711	"4T1"	[60]
"4.4.262635827264.1"	[2561600, 0, -3202, 0, 1]	262635827264	715.877136799	"4T1"	[4, 56]
"4.4.262719471649.1"	[990735, 66049, -8284, -1, 1]	262719471649	715.934128217	"4T1"	[2]
"4.4.263083628173.1"	[108044119, 21083, -21085, -1, 1]	263083628173	716.182089166	"4T1"	[2, 26]
"4.4.263251475929.1"	[-418012, 61286, -2403, -1, 1]	263251475929	716.296293163	"4T1"	[4, 4]
"4.4.263251475929.2"	[-110380, -41258, -2403, -1, 1]	263251475929	716.296293163	"4T1"	[4, 4]
"4.4.263251475929.3"	[30618, 29241, -2403, -1, 1]	263251475929	716.296293163	"4T1"	[4, 4]
"4.4.263251475929.4"	[158798, 3605, -2403, -1, 1]	263251475929	716.296293163	"4T1"	[4, 20]
"4.4.263317342208.5"	[257145842, 0, -45356, 0, 1]	263317342208	716.341093809	"4T1"	[2, 2, 10]
"4.4.263616115121.2"	[13224377, -15297, -7692, -1, 1]	263616115121	716.544206438	"4T1"	[2, 4]
"4.4.263997999061.1"	[12471875, 47750, -9570, -1, 1]	263997999061	716.803568617	"4T1"	[]
"4.4.264047205061.1"	[3205487, -29902, -4392, -1, 1]	264047205061	716.836967138	"4T1"	[2, 2, 4]
"4.4.264047205061.2"	[4335341, 4336, -4392, -1, 1]	264047205061	716.836967138	"4T1"	[2, 2, 4]
"4.4.264239907941.1"	[2556391, 58666, -6564, -1, 1]	264239907941	716.967719099	"4T1"	[]
"4.4.264260586421.2"	[39873987, 49368, -16462, -1, 1]	264260586421	716.981745527	"4T1"	[2, 2]
"4.4.264474498497.1"	[228752987, 1, -31184, -1, 1]	264474498497	717.126796025	"4T1"	[2, 2]
"4.4.264689353813.1"	[5325931, 40580, -5854, -1, 1]	264689353813	717.272397575	"4T1"	[4]
"4.4.264689353813.2"	[8060109, -5762, -5854, -1, 1]	264689353813	717.272397575	"4T1"	[4]
"4.4.264930327461.1"	[18556201, -31616, -10560, -1, 1]	264930327461	717.43559338	"4T1"	[]
"4.4.265037152841.2"	[39376396, -40198, -20105, -1, 1]	265037152841	717.507903659	"4T1"	[2, 2]
"4.4.265295854309.1"	[10872063, 20700, -6936, -1, 1]	265295854309	717.682928596	"4T1"	[]
"4.4.265861438693.1"	[109185199, 21194, -21196, -1, 1]	265861438693	718.065130337	"4T1"	[2]
"4.4.266176473088.1"	[2781738, 0, -8468, 0, 1]	266176473088	718.277754969	"4T1"	[2, 2]
"4.4.266176473088.2"	[15145018, 0, -8468, 0, 1]	266176473088	718.277754969	"4T1"	[2, 2]
"4.4.266592609856.1"	[2574400, 0, -3218, 0, 1]	266592609856	718.558327011	"4T1"	[2]
"4.4.266802579293.1"	[434551, 68735, -9839, -1, 1]	266802579293	718.699770116	"4T1"	[]
"4.4.266856208013.1"	[39943, 67921, -7581, -1, 1]	266856208013	718.735883002	"4T1"	[]
"4.4.266958028625.1"	[592061, -59151, -7434, -1, 1]	266958028625	718.804432708	"4T1"	[2, 2, 2]
"4.4.266958028625.2"	[11331416, 29604, -7434, -1, 1]	266958028625	718.804432708	"4T1"	[2, 2, 2]
"4.4.267676628917.1"	[6020839, -51604, -10342, -1, 1]	267676628917	719.287666432	"4T1"	[]
"4.4.268102176337.1"	[164304, -60524, -6112, -1, 1]	268102176337	719.57337376	"4T1"	[2]
"4.4.268211336849.1"	[155960, 6852, -2418, -1, 1]	268211336849	719.646607973	"4T1"	[5]
"4.4.268521852173.2"	[5930111, -53381, -17801, -1, 1]	268521852173	719.854806061	"4T1"	[2, 2]
"4.4.268585817408.1"	[2329172, 0, -3226, 0, 1]	268585817408	719.897671817	"4T1"	[]
"4.4.270074324992.1"	[294202, 0, -2036, 0, 1]	270074324992	720.893027159	"4T1"	[2]
"4.4.270074324992.2"	[742122, 0, -2036, 0, 1]	270074324992	720.893027159	"4T1"	[2]
"4.4.270527315633.1"	[21088448, 48936, -12246, -1, 1]	270527315633	721.195122329	"4T1"	[2]
"4.4.271216945817.1"	[-32188, 36006, -2427, -1, 1]	271216945817	721.654302559	"4T1"	[]
"4.4.272223782641.1"	[157544, -6076, -2430, -1, 1]	272223782641	722.3231203	"4T1"	[5]
"4.4.272601987904.1"	[162100, 0, -3242, 0, 1]	272601987904	722.573873733	"4T1"	[13]
"4.4.273217457125.1"	[2271371, 70874, -14184, -1, 1]	273217457125	722.981378049	"4T1"	[2, 4]
"4.4.273217457125.2"	[21207501, -42516, -14184, -1, 1]	273217457125	722.981378049	"4T1"	[2, 4]
"4.4.273816958189.1"	[218483, -60499, -8673, -1, 1]	273816958189	723.37764841	"4T1"	[3]
"4.4.273933158400.13"	[8330850, 0, -11220, 0, 1]	273933158400	723.454381479	"4T1"	[2, 2, 2, 2, 4]
"4.4.273933158400.14"	[23141250, 0, -11220, 0, 1]	273933158400	723.454381479	"4T1"	[2, 2, 2, 2, 4]
"4.4.274244925473.1"	[-484864, 65376, -2436, -1, 1]	274244925473	723.660137016	"4T1"	[2, 2, 4]
"4.4.274244925473.2"	[-69056, -38576, -2436, -1, 1]	274244925473	723.660137016	"4T1"	[2, 2, 4]
"4.4.275076608729.2"	[381488, -59900, -5081, -1, 1]	275076608729	724.208162448	"4T1"	[2, 2, 8]
"4.4.275076608729.4"	[3418600, -39919, -5081, -1, 1]	275076608729	724.208162448	"4T1"	[2, 2, 8]
"4.4.275095823056.1"	[580725, 0, -2581, 0, 1]	275095823056	724.22080875	"4T1"	[4]
"4.4.275095823056.2"	[1613125, 0, -2581, 0, 1]	275095823056	724.22080875	"4T1"	[4]
"4.4.275259237625.1"	[85556, 23174, -2439, -1, 1]	275259237625	724.328336625	"4T1"	[2, 2]
"4.4.276571711625.1"	[7955456, 58009, -9689, -1, 1]	276571711625	725.190221404	"4T1"	[2, 4]
"4.4.276576814800.1"	[102284325, 0, -36465, 0, 1]	276576814800	725.193566601	"4T1"	[2, 2, 2, 2, 2]
"4.4.276579075413.1"	[6108721, -54176, -18066, -1, 1]	276579075413	725.195048447	"4T1"	[2, 2]
"4.4.277295358761.1"	[151384, 10189, -2445, -1, 1]	277295358761	725.664119928	"4T1"	[5]
"4.4.277614071701.1"	[36427757, -12610, -12630, -1, 1]	277614071701	725.872542934	"4T1"	[]
"4.4.278317173889.1"	[-251392, -51824, -2448, -1, 1]	278317173889	726.331704252	"4T1"	[]
"4.4.278910852413.1"	[21892009, 9419, -9431, -1, 1]	278910852413	726.718729447	"4T1"	[]
"4.4.278914640129.1"	[35142103, -27985, -14006, -1, 1]	278914640129	726.721196714	"4T1"	[2, 2]
"4.4.279000113113.2"	[16729384, 38033, -9529, -1, 1]	279000113113	726.776865979	"4T1"	[4, 4]
"4.4.279103617457.1"	[7348853, -53635, -13422, -1, 1]	279103617457	726.844262099	"4T1"	[2]
"4.4.279974539013.1"	[-112057, -62994, -5796, -1, 1]	279974539013	727.41061533	"4T1"	[4]
"4.4.279974539013.2"	[7267861, -17156, -5796, -1, 1]	279974539013	727.41061533	"4T1"	[20]
"4.4.280754038592.1"	[1106612, 0, -3274, 0, 1]	280754038592	727.91639813	"4T1"	[5]
"4.4.280827930737.1"	[5060213, -52061, -8708, -1, 1]	280827930737	727.9642888	"4T1"	[2]
"4.4.280880199997.1"	[853443, -59823, -6699, -1, 1]	280880199997	727.998159629	"4T1"	[]
"4.4.281397674377.1"	[34992, -29079, -2457, -1, 1]	281397674377	728.333231671	"4T1"	[]
"4.4.281503758161.1"	[41824096, -41428, -20720, -1, 1]	281503758161	728.401865345	"4T1"	[2]
"4.4.281581537856.3"	[35548736, 0, -14062, 0, 1]	281581537856	728.452174625	"4T1"	[2, 2]
"4.4.282431579581.1"	[37060611, -12719, -12739, -1, 1]	282431579581	729.001318396	"4T1"	[]
"4.4.282434595101.1"	[20927815, 74017, -24675, -1, 1]	282434595101	729.003264274	"4T1"	[10]
"4.4.282474707437.3"	[104447073, -36851, -36853, -1, 1]	282474707437	729.029146785	"4T1"	[2, 2, 2, 2]
"4.4.283319095529.1"	[14217712, -15859, -7973, -1, 1]	283319095529	729.573350093	"4T1"	[2]
"4.4.283463918009.1"	[153730, -9443, -2463, -1, 1]	283463918009	729.666565108	"4T1"	[]
"4.4.284208811813.1"	[6395441, -53174, -10656, -1, 1]	284208811813	730.145452614	"4T1"	[29]
"4.4.284500822033.1"	[-488779, -65359, -2466, -1, 1]	284500822033	730.332927304	"4T1"	[17]
"4.4.284770062193.1"	[2139417, -50489, -5140, -1, 1]	284770062193	730.50565546	"4T1"	[2, 12]
"4.4.284770062193.2"	[5050089, 30363, -5140, -1, 1]	284770062193	730.50565546	"4T1"	[2, 12]
"4.4.285541851257.1"	[323924, 68826, -6927, -1, 1]	285541851257	731.000110681	"4T1"	[2, 2, 2]
"4.4.285541851257.2"	[7864678, 41305, -6927, -1, 1]	285541851257	731.000110681	"4T1"	[2, 2, 2]
"4.4.286404957413.1"	[6326551, -55130, -18384, -1, 1]	286404957413	731.551883376	"4T1"	[2]
"4.4.286973596736.2"	[1688576, 0, -3298, 0, 1]	286973596736	731.914726088	"4T1"	[4, 4, 4]
"4.4.286973596736.3"	[2638400, 0, -3298, 0, 1]	286973596736	731.914726088	"4T1"	[2, 2, 4]
"4.4.287101479029.1"	[21274133, 74626, -24878, -1, 1]	287101479029	731.996252139	"4T1"	[2]
"4.4.287431714825.1"	[144016, -56284, -3103, -1, 1]	287431714825	732.206654369	"4T1"	[2, 2]
"4.4.287431714825.2"	[753406, 45281, -3103, -1, 1]	287431714825	732.206654369	"4T1"	[2, 2]
"4.4.287611160576.1"	[1317650, 0, -5548, 0, 1]	287611160576	732.320908135	"4T1"	[2, 4]
"4.4.287611160576.2"	[6377426, 0, -5548, 0, 1]	287611160576	732.320908135	"4T1"	[2, 4]
"4.4.287985363893.1"	[49319, 70558, -7874, -1, 1]	287985363893	732.558992873	"4T1"	[]
"4.4.288005679104.3"	[1664234, 0, -13156, 0, 1]	288005679104	732.571911669	"4T1"	[2, 2, 4]
"4.4.288005679104.4"	[41605850, 0, -13156, 0, 1]	288005679104	732.571911669	"4T1"	[2, 2, 4]
"4.4.288520370473.1"	[6490044, -45522, -7629, -1, 1]	288520370473	732.898985099	"4T1"	[2]
"4.4.289629718528.1"	[84402, 0, -2084, 0, 1]	289629718528	733.602462635	"4T1"	[2, 4, 4]
"4.4.289629718528.2"	[1001362, 0, -2084, 0, 1]	289629718528	733.602462635	"4T1"	[2, 2, 4]
"4.4.290889478097.1"	[22679488, 50744, -12698, -1, 1]	290889478097	734.39887534	"4T1"	[2]
"4.4.291170585152.2"	[2147472, 0, -3314, 0, 1]	291170585152	734.57623646	"4T1"	[2, 2]
"4.4.291398199296.1"	[5196650, 0, -7844, 0, 1]	291398199296	734.719752802	"4T1"	[2, 2]
"4.4.291398199296.2"	[10185434, 0, -7844, 0, 1]	291398199296	734.719752802	"4T1"	[2, 2]
"4.4.292025988857.1"	[3774388, 69262, -11559, -1, 1]	292025988857	735.115154366	"4T1"	[2]
"4.4.292577126400.3"	[1690650, 0, -13260, 0, 1]	292577126400	735.461752916	"4T1"	[2, 2, 2, 2, 4]
"4.4.292577126400.4"	[42266250, 0, -13260, 0, 1]	292577126400	735.461752916	"4T1"	[2, 2, 2, 2, 4]
"4.4.292841394061.1"	[12009105, 21747, -7285, -1, 1]	292841394061	735.627771499	"4T1"	[]
"4.4.292887232721.1"	[-491875, 66825, -2490, -1, 1]	292887232721	735.656556886	"4T1"	[2]
"4.4.292887232721.2"	[-365696, 60184, -2490, -1, 1]	292887232721	735.656556886	"4T1"	[2]
"4.4.293008992256.1"	[2546650, 0, -6572, 0, 1]	293008992256	735.733002041	"4T1"	[4]
"4.4.293008992256.2"	[8251146, 0, -6572, 0, 1]	293008992256	735.733002041	"4T1"	[4]
"4.4.293050826693.1"	[6473891, -55766, -18596, -1, 1]	293050826693	735.759261754	"4T1"	[2]
"4.4.293465702797.1"	[120524663, 22267, -22269, -1, 1]	293465702797	736.019529758	"4T1"	[34]
"4.4.293770466737.1"	[55047477, 31723, -15868, -1, 1]	293770466737	736.210544336	"4T1"	[2]
"4.4.293946977449.1"	[-427432, 63581, -2493, -1, 1]	293946977449	736.321106657	"4T1"	[4]
"4.4.293946977449.2"	[-28492, -36154, -2493, -1, 1]	293946977449	736.321106657	"4T1"	[4]
"4.4.294450213952.2"	[7823632, 0, -13774, 0, 1]	294450213952	736.636049517	"4T1"	[10]
"4.4.294467217901.1"	[44436177, 52113, -17377, -1, 1]	294467217901	736.646684125	"4T1"	[10]
"4.4.294880090189.1"	[13937975, 50465, -10113, -1, 1]	294880090189	736.904761426	"4T1"	[5]
"4.4.295756372757.1"	[488527, 72368, -10358, -1, 1]	295756372757	737.451609511	"4T1"	[]
"4.4.296145676288.3"	[3094938, 0, -8932, 0, 1]	296145676288	737.69416634	"4T1"	[2, 2, 4]
"4.4.296145676288.4"	[16850218, 0, -8932, 0, 1]	296145676288	737.69416634	"4T1"	[2, 4, 4]
"4.4.296399119333.1"	[121729679, 22378, -22380, -1, 1]	296399119333	737.851946361	"4T1"	[2, 2]
"4.4.296402345717.3"	[6548197, -56084, -18702, -1, 1]	296402345717	737.853954282	"4T1"	[2, 2]
"4.4.296732763629.1"	[2881595, 62167, -6953, -1, 1]	296732763629	738.059501164	"4T1"	[]
"4.4.296765352000.1"	[31758480, 0, -11310, 0, 1]	296765352000	738.079764487	"4T1"	[2, 2, 4, 4, 8]
"4.4.296873437681.1"	[3297345, 34369, -4414, -1, 1]	296873437681	738.146959798	"4T1"	[14]
"4.4.296933647769.1"	[37414718, -28875, -14451, -1, 1]	296933647769	738.184383585	"4T1"	[2]
"4.4.297132748789.1"	[38991873, -13046, -13066, -1, 1]	297132748789	738.308094996	"4T1"	[]
"4.4.297141543217.1"	[-253183, 53801, -2502, -1, 1]	297141543217	738.31355798	"4T1"	[]
"4.4.297320300609.1"	[44175200, -42576, -21294, -1, 1]	297320300609	738.424573458	"4T1"	[26]
"4.4.297526528000.1"	[618930, 0, -5980, 0, 1]	297526528000	738.552586731	"4T1"	[4, 4]
"4.4.297526528000.2"	[3369730, 0, -5980, 0, 1]	297526528000	738.552586731	"4T1"	[4, 4]
"4.4.297526528000.3"	[5570370, 0, -5980, 0, 1]	297526528000	738.552586731	"4T1"	[4, 4]
"4.4.297526528000.4"	[8321170, 0, -5980, 0, 1]	297526528000	738.552586731	"4T1"	[4, 20]
"4.4.297542483776.1"	[2410036, 0, -3338, 0, 1]	297542483776	738.562488321	"4T1"	[]
"4.4.298082748224.2"	[22152404, 0, -25346, 0, 1]	298082748224	738.897522534	"4T1"	[2, 2]
"4.4.298618246429.1"	[45063135, 52479, -17499, -1, 1]	298618246429	739.229151937	"4T1"	[2]
"4.4.299284060769.1"	[147968, -12960, -2508, -1, 1]	299284060769	739.64086353	"4T1"	[]
"4.4.300359170873.1"	[-308716, -56506, -2511, -1, 1]	300359170873	740.304218599	"4T1"	[2, 2]
"4.4.300359170873.2"	[-107806, 43949, -2511, -1, 1]	300359170873	740.304218599	"4T1"	[2, 2]
"4.4.301347595553.1"	[23496704, 51648, -12924, -1, 1]	301347595553	740.912518396	"4T1"	[2]
"4.4.302080964377.1"	[3460832, -52799, -6657, -1, 1]	302080964377	741.362884497	"4T1"	[2]
"4.4.302579763200.2"	[295488050, 0, -48620, 0, 1]	302579763200	741.668731457	"4T1"	[2, 2, 2, 4]
"4.4.302764416173.1"	[23769419, 9813, -9825, -1, 1]	302764416173	741.781858657	"4T1"	[]
"4.4.303158476513.1"	[10527984, -29972, -7540, -1, 1]	303158476513	742.023105841	"4T1"	[2]
"4.4.303481887125.1"	[-4889, -64856, -7254, -1, 1]	303481887125	742.220924987	"4T1"	[4]
"4.4.303481887125.2"	[6800171, 50484, -7254, -1, 1]	303481887125	742.220924987	"4T1"	[20]
"4.4.304645932864.1"	[9746100, 0, -9282, 0, 1]	304645932864	742.93162569	"4T1"	[2, 2, 2, 4]
"4.4.304645932864.2"	[19102356, 0, -9282, 0, 1]	304645932864	742.93162569	"4T1"	[2, 2, 2, 4]
"4.4.305553623989.1"	[14444775, 51370, -10294, -1, 1]	305553623989	743.484398775	"4T1"	[]
"4.4.305773357553.1"	[69449, 27369, -2526, -1, 1]	305773357553	743.618028706	"4T1"	[3, 3]
"4.4.305935616000.1"	[14210, 0, -4060, 0, 1]	305935616000	743.716659196	"4T1"	[4, 20]
"4.4.305935616000.2"	[1719410, 0, -4060, 0, 1]	305935616000	743.716659196	"4T1"	[4, 4]
"4.4.305935616000.3"	[2401490, 0, -4060, 0, 1]	305935616000	743.716659196	"4T1"	[4, 4]
"4.4.305935616000.4"	[4106690, 0, -4060, 0, 1]	305935616000	743.716659196	"4T1"	[4, 4]
"4.4.306645913337.2"	[23910736, 52100, -13037, -1, 1]	306645913337	744.147959631	"4T1"	[2, 2]
"4.4.306749636125.1"	[-102609, 72229, -6619, -1, 1]	306749636125	744.210878546	"4T1"	[2, 4]
"4.4.306749636125.2"	[7668871, -32791, -6619, -1, 1]	306749636125	744.210878546	"4T1"	[2, 4]
"4.4.307140732901.1"	[40306631, -13264, -13284, -1, 1]	307140732901	744.447976969	"4T1"	[]
"4.4.307535558789.1"	[22790543, 77236, -25748, -1, 1]	307535558789	744.687106558	"4T1"	[2, 2]
"4.4.308082810553.1"	[8115444, -56351, -14101, -1, 1]	308082810553	745.018173695	"4T1"	[2]
"4.4.308535995989.1"	[1456133, 58660, -4626, -1, 1]	308535995989	745.292000479	"4T1"	[4]
"4.4.308535995989.2"	[4557465, -13464, -4626, -1, 1]	308535995989	745.292000479	"4T1"	[4]
"4.4.308882487569.3"	[45893920, -43396, -21704, -1, 1]	308882487569	745.501156563	"4T1"	[2, 2]
"4.4.309052889081.1"	[136250, 17325, -2535, -1, 1]	309052889081	745.603953142	"4T1"	[]
"4.4.309242896625.1"	[2156816, -61316, -10244, -1, 1]	309242896625	745.71852716	"4T1"	[2, 2, 2, 4]
"4.4.309493288208.1"	[544388, 0, -7163, 0, 1]	309493288208	745.86943198	"4T1"	[2, 2, 4]
"4.4.309493288208.2"	[8710208, 0, -7163, 0, 1]	309493288208	745.86943198	"4T1"	[2, 2, 4]
"4.4.309935860477.1"	[6978539, -55529, -11127, -1, 1]	309935860477	746.135935545	"4T1"	[]
"4.4.310107006976.1"	[239850, 0, -2132, 0, 1]	310107006976	746.238918238	"4T1"	[2, 4]
"4.4.310107006976.2"	[470106, 0, -2132, 0, 1]	310107006976	746.238918238	"4T1"	[2, 4]
"4.4.310107006976.3"	[666250, 0, -2132, 0, 1]	310107006976	746.238918238	"4T1"	[2, 4]
"4.4.310107006976.4"	[896506, 0, -2132, 0, 1]	310107006976	746.238918238	"4T1"	[2, 4]
"4.4.310221217633.2"	[58132311, 32599, -16306, -1, 1]	310221217633	746.307617644	"4T1"	[2]
"4.4.310563811648.1"	[548532, 0, -3386, 0, 1]	310563811648	746.513579302	"4T1"	[]
"4.4.310758963721.1"	[1185222, 71833, -9007, -1, 1]	310758963721	746.63082522	"4T1"	[2]
"4.4.310818012224.2"	[39239744, 0, -14774, 0, 1]	310818012224	746.666290239	"4T1"	[2]
"4.4.311272602688.4"	[8270608, 0, -14162, 0, 1]	311272602688	746.939151977	"4T1"	[2, 2, 2]
"4.4.311729661952.1"	[3257802, 0, -9164, 0, 1]	311729661952	747.213194435	"4T1"	[4]
"4.4.311729661952.2"	[17736922, 0, -9164, 0, 1]	311729661952	747.213194435	"4T1"	[4]
"4.4.311770885301.1"	[21845227, -34298, -11454, -1, 1]	311770885301	747.237896209	"4T1"	[]
"4.4.311793507713.1"	[5624539, -54857, -9174, -1, 1]	311793507713	747.251450925	"4T1"	[2]
"4.4.311800809472.1"	[181138, 0, -7708, 0, 1]	311800809472	747.255825777	"4T1"	[2, 4]
"4.4.311800809472.2"	[14672178, 0, -7708, 0, 1]	311800809472	747.255825777	"4T1"	[2, 68]
"4.4.311999873393.1"	[269862217, 1, -33870, -1, 1]	311999873393	747.375065425	"4T1"	[2, 2, 2]
"4.4.312206886349.1"	[40972185, -13373, -13393, -1, 1]	312206886349	747.499006053	"4T1"	[]
"4.4.312598556569.1"	[5201472, 51016, -6433, -1, 1]	312598556569	747.733334218	"4T1"	[2, 4]
"4.4.312598556569.2"	[8260632, -25463, -6433, -1, 1]	312598556569	747.733334218	"4T1"	[2, 4]
"4.4.312770295872.1"	[27152, 0, -3394, 0, 1]	312770295872	747.836012838	"4T1"	[2]
"4.4.312806493697.1"	[7042176, -47400, -7942, -1, 1]	312806493697	747.857649214	"4T1"	[2]
"4.4.313193366753.1"	[4052224, 71728, -11970, -1, 1]	313193366753	748.088776036	"4T1"	[2]
"4.4.313461959257.1"	[-310594, 58165, -2547, -1, 1]	313461959257	748.249113444	"4T1"	[]
"4.4.313952743061.1"	[6621497, 59802, -8574, -1, 1]	313952743061	748.541822911	"4T1"	[]
"4.4.313962072128.1"	[19013888, 0, -8738, 0, 1]	313962072128	748.547383556	"4T1"	[2, 2, 60]
"4.4.314305967893.1"	[129085649, 23044, -23046, -1, 1]	314305967893	748.752278214	"4T1"	[2, 4]
"4.4.315061178432.4"	[272544272, 0, -34034, 0, 1]	315061178432	749.201646721	"4T1"	[2, 2, 2, 2, 2]
"4.4.315278049616.1"	[67525, 0, -2701, 0, 1]	315278049616	749.330540992	"4T1"	[2, 4]
"4.4.315278049616.2"	[456469, 0, -2701, 0, 1]	315278049616	749.330540992	"4T1"	[2, 4]
"4.4.315419266693.1"	[967779, -63396, -7096, -1, 1]	315419266693	749.414435589	"4T1"	[]
"4.4.315804389617.2"	[59179277, 32891, -16452, -1, 1]	315804389617	749.643087303	"4T1"	[2, 2]
"4.4.315887077376.1"	[819650, 0, -5044, 0, 1]	315887077376	749.692152661	"4T1"	[2, 20]
"4.4.315887077376.2"	[5540834, 0, -5044, 0, 1]	315887077376	749.692152661	"4T1"	[2, 4]
"4.4.315905863589.1"	[23411723, 78280, -26096, -1, 1]	315905863589	749.703298703	"4T1"	[2]
"4.4.316625429833.1"	[8341454, -57127, -14295, -1, 1]	316625429833	750.129850619	"4T1"	[2]
"4.4.316796140513.1"	[-500224, 68596, -2556, -1, 1]	316796140513	750.230939542	"4T1"	[20]
"4.4.316796140513.2"	[-500224, -67744, -2556, -1, 1]	316796140513	750.230939542	"4T1"	[4]
"4.4.317691431057.1"	[370672, 72596, -7304, -1, 1]	317691431057	750.760431481	"4T1"	[2, 2, 100]
"4.4.317691431057.2"	[8760053, 43567, -7304, -1, 1]	317691431057	750.760431481	"4T1"	[2, 2, 4]
"4.4.318596136017.1"	[19153952, 16, -8834, -1, 1]	318596136017	751.294355662	"4T1"	[6]
"4.4.319032011537.1"	[-63659, 41425, -2562, -1, 1]	319032011537	751.55118783	"4T1"	[]
"4.4.319066828741.1"	[263825, -65308, -9360, -1, 1]	319066828741	751.571691917	"4T1"	[3]
"4.4.319452405056.1"	[827156, 0, -3418, 0, 1]	319452405056	751.7986483	"4T1"	[]
"4.4.319603211600.2"	[23751725, 0, -26245, 0, 1]	319603211600	751.887359551	"4T1"	[2, 2, 2, 2]
"4.4.319948135229.1"	[22419473, -34745, -11603, -1, 1]	319948135229	752.090141324	"4T1"	[]
"4.4.320153881321.1"	[140000, -16675, -2565, -1, 1]	320153881321	752.211022093	"4T1"	[]
"4.4.320413725977.1"	[4147028, 72550, -12107, -1, 1]	320413725977	752.363603839	"4T1"	[2]
"4.4.321379152813.1"	[-258359, 66889, -2881, -1, 1]	321379152813	752.929694405	"4T1"	[3, 12]
"4.4.321379152813.2"	[215833, -51659, -2881, -1, 1]	321379152813	752.929694405	"4T1"	[4]
"4.4.322405504793.1"	[-202094, -50999, -2571, -1, 1]	322405504793	753.530112268	"4T1"	[]
"4.4.322463516029.1"	[42319643, -13591, -13611, -1, 1]	322463516029	753.564006124	"4T1"	[]
"4.4.322999648049.1"	[-272288, 72676, -4188, -1, 1]	322999648049	753.877032347	"4T1"	[2, 4]
"4.4.322999648049.2"	[1018352, -56388, -4188, -1, 1]	322999648049	753.877032347	"4T1"	[2, 4]
"4.4.323877425197.1"	[11619747, -22077, -7413, -1, 1]	323877425197	754.388691363	"4T1"	[]
"4.4.324001816528.3"	[6748677, 0, -6409, 0, 1]	324001816528	754.46111529	"4T1"	[2, 2, 4]
"4.4.324001816528.4"	[10081357, 0, -6409, 0, 1]	324001816528	754.46111529	"4T1"	[2, 2, 4]
"4.4.324272511673.1"	[60767246, 33329, -16671, -1, 1]	324272511673	754.618649135	"4T1"	[2]
"4.4.324281182208.1"	[130922, 0, -2164, 0, 1]	324281182208	754.623693412	"4T1"	[2]
"4.4.324281182208.2"	[1039802, 0, -2164, 0, 1]	324281182208	754.623693412	"4T1"	[2]
"4.4.325476424000.1"	[2815540, 0, -15470, 0, 1]	325476424000	755.318085986	"4T1"	[2, 2, 4]
"4.4.325476424000.2"	[25339860, 0, -15470, 0, 1]	325476424000	755.318085986	"4T1"	[2, 2, 20]
"4.4.325775575125.1"	[814407031, 63814, -63814, -1, 1]	325775575125	755.491582744	"4T1"	[2, 2, 2, 2]
"4.4.326229015104.1"	[2753600, 0, -3442, 0, 1]	326229015104	755.754333739	"4T1"	[2]
"4.4.328193627125.1"	[-305289, -69156, -3534, -1, 1]	328193627125	756.889596575	"4T1"	[2, 4, 4]
"4.4.328193627125.2"	[1304501, -42766, -3534, -1, 1]	328193627125	756.889596575	"4T1"	[2, 4, 4]
"4.4.328193627125.3"	[1700351, 36404, -3534, -1, 1]	328193627125	756.889596575	"4T1"	[2, 4, 4]
"4.4.328193627125.4"	[2175371, -16376, -3534, -1, 1]	328193627125	756.889596575	"4T1"	[2, 4, 4]
"4.4.328918894592.2"	[321209858, 0, -50692, 0, 1]	328918894592	757.307408673	"4T1"	[2, 2]
"4.4.329223667625.1"	[-575084, 72934, -2589, -1, 1]	329223667625	757.48277616	"4T1"	[6, 6]
"4.4.329223667625.2"	[-105544, -44451, -2589, -1, 1]	329223667625	757.48277616	"4T1"	[2, 2]
"4.4.330677042869.1"	[49905315, 55224, -18414, -1, 1]	330677042869	758.317382689	"4T1"	[2]
"4.4.333100789568.1"	[2502452, 0, -3466, 0, 1]	333100789568	759.70312968	"4T1"	[5]
"4.4.333295048400.2"	[588125, 0, -4705, 0, 1]	333295048400	759.813867018	"4T1"	[2, 2]
"4.4.333880961321.1"	[49609996, -45118, -22565, -1, 1]	333880961321	760.147574034	"4T1"	[2]
"4.4.334040735549.1"	[7050283, 61685, -8843, -1, 1]	334040735549	760.23849731	"4T1"	[]
"4.4.334485536333.1"	[-116321, -68857, -6329, -1, 1]	334485536333	760.49144996	"4T1"	[3, 12]
"4.4.334485536333.2"	[8701631, -18755, -6329, -1, 1]	334485536333	760.49144996	"4T1"	[4]
"4.4.334663588649.1"	[42173548, -30655, -15341, -1, 1]	334663588649	760.592635383	"4T1"	[2, 2]
"4.4.334918694221.1"	[279855, -66911, -9589, -1, 1]	334918694221	760.737539091	"4T1"	[3]
"4.4.334962271429.1"	[5615645, -49336, -7104, -1, 1]	334962271429	760.762283306	"4T1"	[]
"4.4.334992264125.1"	[2411, -68141, -7619, -1, 1]	334992264125	760.779312497	"4T1"	[4]
"4.4.334992264125.2"	[7515571, 53039, -7619, -1, 1]	334992264125	760.779312497	"4T1"	[4]
"4.4.336137285177.1"	[-577778, 73441, -2607, -1, 1]	336137285177	761.428576735	"4T1"	[2, 2, 16]
"4.4.336137285177.2"	[-438718, -65619, -2607, -1, 1]	336137285177	761.428576735	"4T1"	[2, 2, 16]
"4.4.336820637129.1"	[10244270, 27417, -6903, -1, 1]	336820637129	761.815269557	"4T1"	[2]
"4.4.337284913741.2"	[50903397, 55773, -18597, -1, 1]	337284913741	762.077657231	"4T1"	[2]
"4.4.337298881681.1"	[-506875, -69175, -2610, -1, 1]	337298881681	762.085547066	"4T1"	[]
"4.4.337735169344.1"	[1566900, 0, -3482, 0, 1]	337735169344	762.331862269	"4T1"	[]
"4.4.337949832917.1"	[10148729, -40794, -8202, -1, 1]	337949832917	762.452967432	"4T1"	[5]
"4.4.338712735661.1"	[16019475, 54085, -10837, -1, 1]	338712735661	762.88290232	"4T1"	[]
"4.4.339630096833.1"	[-375041, 63229, -2616, -1, 1]	339630096833	763.398921808	"4T1"	[]
"4.4.340379651333.1"	[26730329, 10404, -10416, -1, 1]	340379651333	763.819773892	"4T1"	[]
"4.4.341041162061.1"	[2328041, -61169, -6857, -1, 1]	341041162061	764.190615061	"4T1"	[]
"4.4.342480284921.1"	[43159490, -31011, -15519, -1, 1]	342480284921	764.995523886	"4T1"	[2, 2]
"4.4.342804685357.1"	[13520027, 43991, -8829, -1, 1]	342804685357	765.176612252	"4T1"	[5]
"4.4.343112994000.1"	[7887285, 0, -7665, 0, 1]	343112994000	765.3485987	"4T1"	[2, 2, 20]
"4.4.343147021001.1"	[49636, 31942, -2625, -1, 1]	343147021001	765.36757317	"4T1"	[]
"4.4.343620320129.1"	[13173475, 25, -7368, -1, 1]	343620320129	765.631352663	"4T1"	[10]
"4.4.344096401408.1"	[3596058, 0, -9628, 0, 1]	344096401408	765.896407947	"4T1"	[244]
"4.4.344096401408.2"	[19578538, 0, -9628, 0, 1]	344096401408	765.896407947	"4T1"	[4]
"4.4.344767025728.1"	[1795072, 0, -3506, 0, 1]	344767025728	766.269307659	"4T1"	[2]
"4.4.345024895129.1"	[1324520, 75689, -9489, -1, 1]	345024895129	766.412550773	"4T1"	[2]
"4.4.345352361741.1"	[25597105, 81847, -27285, -1, 1]	345352361741	766.594338557	"4T1"	[2, 2]
"4.4.345517487504.1"	[3728900, 0, -5327, 0, 1]	345517487504	766.685956423	"4T1"	[6]
"4.4.345535937744.1"	[25678949, 0, -27289, 0, 1]	345535937744	766.696191257	"4T1"	[2, 2]
"4.4.346593256400.2"	[53088125, 0, -14645, 0, 1]	346593256400	767.282030211	"4T1"	[2, 2, 2]
"4.4.348420844817.1"	[2639512, -62812, -7898, -1, 1]	348420844817	768.291507022	"4T1"	[2]
"4.4.348499174237.1"	[143132033, 24265, -24267, -1, 1]	348499174237	768.334683799	"4T1"	[2]
"4.4.351086951129.2"	[52167740, -46266, -23139, -1, 1]	351086951129	769.757044501	"4T1"	[2, 2, 2]
"4.4.351447414193.2"	[194481, 441, -2646, -1, 1]	351447414193	769.954547012	"4T1"	[21]
"4.4.352957497829.1"	[53270685, 57054, -19024, -1, 1]	352957497829	770.78029431	"4T1"	[2]
"4.4.353912203264.1"	[27850, 0, -2228, 0, 1]	353912203264	771.300982286	"4T1"	[2]
"4.4.353912203264.2"	[1213146, 0, -2228, 0, 1]	353912203264	771.300982286	"4T1"	[2]
"4.4.354293734976.1"	[2830400, 0, -3538, 0, 1]	354293734976	771.50877174	"4T1"	[2, 2, 2]
"4.4.354293734976.2"	[707600, 0, -3538, 0, 1]	354293734976	771.50877174	"4T1"	[2, 2, 4]
"4.4.355045312441.1"	[-202500, 53550, -2655, -1, 1]	355045312441	771.917604757	"4T1"	[4]
"4.4.355045312441.2"	[194036, -3098, -2655, -1, 1]	355045312441	771.917604757	"4T1"	[4]
"4.4.355147097953.1"	[244736, -69664, -7026, -1, 1]	355147097953	771.972922754	"4T1"	[2]
"4.4.356146908752.1"	[2813, 0, -2813, 0, 1]	356146908752	772.515665034	"4T1"	[100]
"4.4.356146908752.2"	[1015493, 0, -2813, 0, 1]	356146908752	772.515665034	"4T1"	[4]
"4.4.357023668913.1"	[3506761, -36415, -4694, -1, 1]	357023668913	772.990670266	"4T1"	[2, 4]
"4.4.357023668913.2"	[4655944, 18308, -4694, -1, 1]	357023668913	772.990670266	"4T1"	[2, 4]
"4.4.357199562381.1"	[26476385, 83239, -27749, -1, 1]	357199562381	773.085859262	"4T1"	[2]
"4.4.357505461013.1"	[12834981, -23196, -7786, -1, 1]	357505461013	773.25131999	"4T1"	[]
"4.4.357749771537.1"	[4637488, 76660, -12792, -1, 1]	357749771537	773.383391429	"4T1"	[2]
"4.4.358384385561.1"	[45165550, -31723, -15875, -1, 1]	358384385561	773.726140632	"4T1"	[2]
"4.4.359122203712.2"	[454912, 0, -3554, 0, 1]	359122203712	774.124057656	"4T1"	[2, 4]
"4.4.360108332977.1"	[12520328, -32668, -8214, -1, 1]	360108332977	774.65493653	"4T1"	[2]
"4.4.360879155200.1"	[3771450, 0, -9860, 0, 1]	360879155200	775.069146974	"4T1"	[2, 2, 2]
"4.4.360879155200.2"	[20533450, 0, -9860, 0, 1]	360879155200	775.069146974	"4T1"	[2, 2, 2]
"4.4.361090858393.1"	[9518064, -61007, -15265, -1, 1]	361090858393	775.182792031	"4T1"	[2, 2]
"4.4.361096232561.1"	[-150904, 50292, -2670, -1, 1]	361096232561	775.185676305	"4T1"	[]
"4.4.361109694464.1"	[6439850, 0, -8732, 0, 1]	361109694464	775.19290106	"4T1"	[4]
"4.4.361109694464.2"	[12622106, 0, -8732, 0, 1]	361109694464	775.19290106	"4T1"	[4]
"4.4.362314607689.1"	[111140, 25397, -2673, -1, 1]	362314607689	775.838739246	"4T1"	[]
"4.4.362422200389.1"	[25402453, -36980, -12348, -1, 1]	362422200389	775.89633097	"4T1"	[]
"4.4.362465049925.1"	[7330469, 47482, -6840, -1, 1]	362465049925	775.919263701	"4T1"	[2, 4]
"4.4.362465049925.2"	[11072339, -6748, -6840, -1, 1]	362465049925	775.919263701	"4T1"	[2, 4]
"4.4.364322512657.1"	[8214048, -51156, -8568, -1, 1]	364322512657	776.911414348	"4T1"	[2]
"4.4.364543500352.3"	[9686032, 0, -15326, 0, 1]	364543500352	777.029200662	"4T1"	[2, 2]
"4.4.364599143641.1"	[13428836, 14954, -7515, -1, 1]	364599143641	777.058850063	"4T1"	[2]
"4.4.364708043837.1"	[10958347, -42379, -8519, -1, 1]	364708043837	777.116867468	"4T1"	[]
"4.4.364733545357.1"	[8221037, -60239, -12069, -1, 1]	364733545357	777.130451718	"4T1"	[]
"4.4.364738744213.1"	[14390361, 45376, -9106, -1, 1]	364738744213	777.133220978	"4T1"	[]
"4.4.365436958016.1"	[11690900, 0, -10166, 0, 1]	365436958016	777.504867857	"4T1"	[2, 2, 4]
"4.4.365436958016.2"	[22914164, 0, -10166, 0, 1]	365436958016	777.504867857	"4T1"	[2, 2, 4]
"4.4.366159449057.1"	[316710239, 1, -36692, -1, 1]	366159449057	777.888876846	"4T1"	[2, 2]
"4.4.366446852416.1"	[3155796, 0, -3578, 0, 1]	366446852416	778.041475736	"4T1"	[]
"4.4.366674413621.2"	[55342611, 58152, -19390, -1, 1]	366674413621	778.16223734	"4T1"	[2, 2]
"4.4.367369406429.1"	[3590353, 69169, -7731, -1, 1]	367369406429	778.530706727	"4T1"	[5]
"4.4.369682454233.1"	[185004, 11214, -2691, -1, 1]	369682454233	779.753278922	"4T1"	[]
"4.4.370638019121.1"	[3726400, 55220, -5612, -1, 1]	370638019121	780.256672913	"4T1"	[6]
"4.4.372160418057.1"	[-317644, 61590, -2697, -1, 1]	372160418057	781.056669511	"4T1"	[]
"4.4.373502617600.1"	[10517850, 0, -7420, 0, 1]	373502617600	781.759940883	"4T1"	[2, 2, 20]
"4.4.373870425664.1"	[1037376, 0, -3602, 0, 1]	373870425664	781.952330089	"4T1"	[2]
"4.4.374299920853.1"	[8438011, -61024, -12226, -1, 1]	374299920853	782.176806377	"4T1"	[]
"4.4.375765420352.1"	[7826868, 0, -6902, 0, 1]	375765420352	782.941300619	"4T1"	[2, 4]
"4.4.375765420352.2"	[11691988, 0, -6902, 0, 1]	375765420352	782.941300619	"4T1"	[2, 4]
"4.4.376085370989.1"	[7948205, 65451, -9381, -1, 1]	376085370989	783.107908966	"4T1"	[]
"4.4.376151661901.1"	[6317031, -52283, -7525, -1, 1]	376151661901	783.142415431	"4T1"	[5]
"4.4.376849521437.1"	[8332177, -63239, -21087, -1, 1]	376849521437	783.505396404	"4T1"	[2, 2]
"4.4.376852939193.1"	[22669712, 16, -9605, -1, 1]	376852939193	783.507172856	"4T1"	[6]
"4.4.377001338137.2"	[22629008, 44209, -11073, -1, 1]	377001338137	783.584294765	"4T1"	[2, 2]
"4.4.377282578432.1"	[55762, 0, -2276, 0, 1]	377282578432	783.730390967	"4T1"	[2, 2, 8]
"4.4.377282578432.2"	[1239282, 0, -2276, 0, 1]	377282578432	783.730390967	"4T1"	[2, 2, 4]
"4.4.378582007073.1"	[6842663, -60449, -10106, -1, 1]	378582007073	784.40434802	"4T1"	[2]
"4.4.380196753917.1"	[29864993, 10995, -11007, -1, 1]	380196753917	785.239433641	"4T1"	[]
"4.4.380505697057.1"	[71312607, 36103, -18058, -1, 1]	380505697057	785.398903998	"4T1"	[2]
"4.4.382227993877.1"	[156987793, 25412, -25414, -1, 1]	382227993877	786.286144363	"4T1"	[2, 2]
"4.4.382398904400.1"	[26913125, 0, -12665, 0, 1]	382398904400	786.37402519	"4T1"	[2, 2, 2, 4]
"4.4.382600857600.5"	[11635650, 0, -13260, 0, 1]	382600857600	786.477829951	"4T1"	[2, 2, 2, 4]
"4.4.382600857600.6"	[32321250, 0, -13260, 0, 1]	382600857600	786.477829951	"4T1"	[2, 2, 2, 4]
"4.4.382917306761.2"	[48260080, -32791, -16409, -1, 1]	382917306761	786.640403485	"4T1"	[2, 4]
"4.4.384418780273.1"	[10135469, -62947, -15750, -1, 1]	384418780273	787.410404552	"4T1"	[2]
"4.4.384780016549.1"	[330693, -71720, -10276, -1, 1]	384780016549	787.595320741	"4T1"	[3]
"4.4.385574738893.1"	[158362639, 25523, -25525, -1, 1]	385574738893	788.001679808	"4T1"	[2]
"4.4.386006657024.1"	[6883850, 0, -9028, 0, 1]	386006657024	788.222265663	"4T1"	[2, 4]
"4.4.386006657024.2"	[13492346, 0, -9028, 0, 1]	386006657024	788.222265663	"4T1"	[2, 20]
"4.4.386927898829.1"	[4755207, -36209, -5293, -1, 1]	386927898829	788.692137305	"4T1"	[2, 4]
"4.4.386927898829.2"	[6413047, 5237, -5293, -1, 1]	386927898829	788.692137305	"4T1"	[2, 4]
"4.4.387134523425.1"	[473216, 80136, -8058, -1, 1]	387134523425	788.797409224	"4T1"	[2, 2, 2, 2]
"4.4.387134523425.2"	[10695571, 48091, -8058, -1, 1]	387134523425	788.797409224	"4T1"	[2, 2, 2, 2]
"4.4.387261078569.1"	[-596132, -76079, -2733, -1, 1]	387261078569	788.861866234	"4T1"	[8]
"4.4.387261078569.2"	[-596132, 76990, -2733, -1, 1]	387261078569	788.861866234	"4T1"	[8]
"4.4.388537587073.1"	[25511, 36941, -2736, -1, 1]	388537587073	789.511135288	"4T1"	[]
"4.4.389099707313.1"	[5049584, 79948, -13340, -1, 1]	389099707313	789.796538573	"4T1"	[2]
"4.4.390286715473.1"	[23428993, 44981, -11266, -1, 1]	390286715473	790.398199493	"4T1"	[2]
"4.4.390420353353.1"	[13581204, -34016, -8551, -1, 1]	390420353353	790.46585077	"4T1"	[2]
"4.4.390504194293.1"	[1217889, -70542, -7890, -1, 1]	390504194293	790.508284562	"4T1"	[]
"4.4.390944811008.1"	[102602, 0, -7076, 0, 1]	390944811008	790.731178379	"4T1"	[2, 2, 2]
"4.4.390944811008.2"	[12414842, 0, -7076, 0, 1]	390944811008	790.731178379	"4T1"	[2, 2, 4]
"4.4.391552408393.1"	[8833788, -53034, -8881, -1, 1]	391552408393	791.038233508	"4T1"	[2]
"4.4.392383937161.1"	[-202500, -54450, -2745, -1, 1]	392383937161	791.45787584	"4T1"	[]
"4.4.393420867584.1"	[610466, 0, -2308, 0, 1]	393420867584	791.980243495	"4T1"	[2, 2, 8]
"4.4.393420867584.2"	[721250, 0, -2308, 0, 1]	393420867584	791.980243495	"4T1"	[2, 2, 8]
"4.4.393958425317.1"	[30948493, 11192, -11204, -1, 1]	393958425317	792.250639127	"4T1"	[13]
"4.4.395575730125.1"	[-101719, 82019, -7509, -1, 1]	395575730125	793.062490613	"4T1"	[2, 2, 8]
"4.4.395575730125.2"	[9916121, -37241, -7509, -1, 1]	395575730125	793.062490613	"4T1"	[2, 4, 4]
"4.4.395643430912.1"	[4134762, 0, -10324, 0, 1]	395643430912	793.096420594	"4T1"	[2, 2]
"4.4.395643430912.2"	[22511482, 0, -10324, 0, 1]	395643430912	793.096420594	"4T1"	[2, 2]
"4.4.396255588625.1"	[-523819, -72991, -2754, -1, 1]	396255588625	793.403021571	"4T1"	[2, 4]
"4.4.396490934272.1"	[230338, 0, -8692, 0, 1]	396490934272	793.520800588	"4T1"	[2, 2, 40]
"4.4.396490934272.2"	[18657378, 0, -8692, 0, 1]	396490934272	793.520800588	"4T1"	[2, 2, 8]
"4.4.397126839125.1"	[4938791, 64414, -7214, -1, 1]	397126839125	793.838777924	"4T1"	[4]
"4.4.397126839125.2"	[12550381, 7184, -7214, -1, 1]	397126839125	793.838777924	"4T1"	[4]
"4.4.397126867408.1"	[2126493, 0, -2917, 0, 1]	397126867408	793.838792058	"4T1"	[3]
"4.4.398306831141.1"	[27922937, -38768, -12944, -1, 1]	398306831141	794.42780981	"4T1"	[]
"4.4.398850786881.1"	[-259504, -58428, -2760, -1, 1]	398850786881	794.698902598	"4T1"	[20]
"4.4.398850786881.2"	[93824, 29904, -2760, -1, 1]	398850786881	794.698902598	"4T1"	[4]
"4.4.400152624409.1"	[-600372, -76914, -2763, -1, 1]	400152624409	795.346578993	"4T1"	[]
"4.4.402393875008.2"	[10691728, 0, -16102, 0, 1]	402393875008	796.457929396	"4T1"	[2]
"4.4.402571912733.1"	[813247, 73951, -5055, -1, 1]	402571912733	796.546012271	"4T1"	[4]
"4.4.402571912733.2"	[3650479, -44267, -5055, -1, 1]	402571912733	796.546012271	"4T1"	[4]
"4.4.404075127457.1"	[-52704, 44820, -2772, -1, 1]	404075127457	797.288554569	"4T1"	[]
"4.4.405268374977.1"	[5262208, 81592, -13614, -1, 1]	405268374977	797.876508894	"4T1"	[2]
"4.4.405513193541.1"	[3973907, 72670, -8120, -1, 1]	405513193541	797.996978907	"4T1"	[]
"4.4.405704946653.1"	[104989, 83743, -9339, -1, 1]	405704946653	798.091298451	"4T1"	[]
"4.4.407009977936.1"	[2143989, 0, -2941, 0, 1]	407009977936	798.732330874	"4T1"	[12]
"4.4.407383344341.1"	[30201145, 88894, -29634, -1, 1]	407383344341	798.91544511	"4T1"	[2]
"4.4.408023180713.1"	[168476, 19006, -2781, -1, 1]	408023180713	799.228954716	"4T1"	[]
"4.4.409394053669.1"	[61795557, 61446, -20488, -1, 1]	409394053669	799.899421302	"4T1"	[2]
"4.4.410647239493.1"	[16212467, 48146, -9660, -1, 1]	410647239493	800.510857871	"4T1"	[]
"4.4.410669451737.1"	[-98284, -47850, -2787, -1, 1]	410669451737	800.521682722	"4T1"	[]
"4.4.412495384384.1"	[1674900, 0, -3722, 0, 1]	412495384384	801.41002968	"4T1"	[]
"4.4.413360658521.1"	[61425212, -50202, -25107, -1, 1]	413360658521	801.829970478	"4T1"	[2]
"4.4.413476133753.1"	[5370164, 82414, -13751, -1, 1]	413476133753	801.885963835	"4T1"	[2]
"4.4.413624952832.3"	[4322682, 0, -10556, 0, 1]	413624952832	801.95810816	"4T1"	[2, 4]
"4.4.413624952832.4"	[23534602, 0, -10556, 0, 1]	413624952832	801.95810816	"4T1"	[2, 4]
"4.4.413873466593.2"	[3150656, -68460, -8604, -1, 1]	413873466593	802.078538962	"4T1"	[2, 2]
"4.4.414090149161.1"	[6925376, 58712, -7395, -1, 1]	414090149161	802.183499983	"4T1"	[2, 2]
"4.4.414090149161.2"	[10974434, -29311, -7395, -1, 1]	414090149161	802.183499983	"4T1"	[2, 2]
"4.4.414404929457.2"	[7496461, -63245, -10572, -1, 1]	414404929457	802.335906174	"4T1"	[2, 2]
"4.4.414637705216.1"	[12609954, 0, -13804, 0, 1]	414637705216	802.448552651	"4T1"	[2, 2, 4]
"4.4.414637705216.2"	[35027650, 0, -13804, 0, 1]	414637705216	802.448552651	"4T1"	[2, 2, 4]
"4.4.414660272993.1"	[30731, -36819, -2796, -1, 1]	414660272993	802.459471286	"4T1"	[]
"4.4.414943909952.3"	[729872, 0, -8294, 0, 1]	414943909952	802.596661185	"4T1"	[2, 2, 2, 4]
"4.4.414943909952.4"	[11677952, 0, -8294, 0, 1]	414943909952	802.596661185	"4T1"	[2, 2, 2, 4]
"4.4.415996269625.1"	[-605394, 78849, -2799, -1, 1]	415996269625	803.105054154	"4T1"	[18]
"4.4.416066629221.1"	[696981, 45984, -3140, -1, 1]	416066629221	803.139010326	"4T1"	[4]
"4.4.416066629221.2"	[1149195, -18618, -3140, -1, 1]	416066629221	803.139010326	"4T1"	[4]
"4.4.416351906917.1"	[171005983, 26522, -26524, -1, 1]	416351906917	803.276643786	"4T1"	[2]
"4.4.416447341529.2"	[20933050, -19231, -9659, -1, 1]	416447341529	803.322670839	"4T1"	[2, 2]
"4.4.417104409517.1"	[8452537, 50933, -7333, -1, 1]	417104409517	803.639352889	"4T1"	[4]
"4.4.417104409517.2"	[12757413, -7241, -7333, -1, 1]	417104409517	803.639352889	"4T1"	[4]
"4.4.417251411968.3"	[462978, 0, -6052, 0, 1]	417251411968	803.710151316	"4T1"	[2, 2, 20]
"4.4.417251411968.4"	[8693698, 0, -6052, 0, 1]	417251411968	803.710151316	"4T1"	[2, 2, 4]
"4.4.417408231424.1"	[3627850, 0, -7844, 0, 1]	417408231424	803.78565713	"4T1"	[2, 10]
"4.4.417408231424.2"	[11754234, 0, -7844, 0, 1]	417408231424	803.78565713	"4T1"	[2, 2]
"4.4.417547619617.1"	[25070651, 46525, -11652, -1, 1]	417547619617	803.852752238	"4T1"	[2]
"4.4.418336822273.1"	[78407331, 37855, -18934, -1, 1]	418336822273	804.23232186	"4T1"	[2, 10]
"4.4.418406742857.1"	[25178032, 16, -10119, -1, 1]	418406742857	804.26592449	"4T1"	[6]
"4.4.418676865641.1"	[-606224, -78083, -2805, -1, 1]	418676865641	804.395701303	"4T1"	[3]
"4.4.418931806009.1"	[1626252, 83401, -10453, -1, 1]	418931806009	804.518126341	"4T1"	[2]
"4.4.419387573137.1"	[364653, 80539, -5848, -1, 1]	419387573137	804.73685133	"4T1"	[2, 40]
"4.4.419387573137.2"	[7884672, 11548, -5848, -1, 1]	419387573137	804.73685133	"4T1"	[2, 8]
"4.4.419460148800.2"	[362854800, 0, -39270, 0, 1]	419460148800	804.771664307	"4T1"	[2, 2, 2, 2]
"4.4.419690366957.2"	[9282467, -66737, -22253, -1, 1]	419690366957	804.882065099	"4T1"	[2]
"4.4.420021471169.1"	[99200, -29488, -2808, -1, 1]	420021471169	805.040766046	"4T1"	[]
"4.4.420526439488.1"	[1468432, 0, -3746, 0, 1]	420526439488	805.282620905	"4T1"	[2]
"4.4.421457905664.3"	[1930850, 0, -6716, 0, 1]	421457905664	805.728176291	"4T1"	[2, 4]
"4.4.421457905664.4"	[9345314, 0, -6716, 0, 1]	421457905664	805.728176291	"4T1"	[2, 4]
"4.4.421678265389.1"	[63651177, 62361, -20793, -1, 1]	421678265389	805.833474611	"4T1"	[2]
"4.4.422417704973.1"	[1536881, 62671, -4361, -1, 1]	422417704973	806.18651257	"4T1"	[2, 4]
"4.4.422417704973.2"	[2938589, -37451, -4361, -1, 1]	422417704973	806.18651257	"4T1"	[2, 4]
"4.4.423226440512.1"	[367892, 0, -3754, 0, 1]	423226440512	806.572104899	"4T1"	[]
"4.4.423989346973.1"	[9565271, -64949, -13011, -1, 1]	423989346973	806.935340448	"4T1"	[]
"4.4.424301310749.1"	[31456903, 90721, -30243, -1, 1]	424301310749	807.083731657	"4T1"	[2]
"4.4.424428035993.1"	[529012, 83906, -8435, -1, 1]	424428035993	807.14398744	"4T1"	[2, 2, 2]
"4.4.424428035993.2"	[11735714, 50353, -8435, -1, 1]	424428035993	807.14398744	"4T1"	[2, 2, 2]
"4.4.424515412544.4"	[53593664, 0, -17266, 0, 1]	424515412544	807.185525703	"4T1"	[2, 4, 4]
"4.4.425502792000.2"	[1063756980, 0, -72930, 0, 1]	425502792000	807.654474634	"4T1"	[2, 2, 2, 2]
"4.4.425710952837.1"	[9416027, -67214, -22412, -1, 1]	425710952837	807.753234972	"4T1"	[2, 2]
"4.4.426331775069.1"	[29891525, -40109, -13391, -1, 1]	426331775069	808.047564467	"4T1"	[]
"4.4.426746259221.1"	[31638385, 90982, -30330, -1, 1]	426746259221	808.243890951	"4T1"	[2]
"4.4.426787696889.1"	[-458122, -71055, -2823, -1, 1]	426787696889	808.263510644	"4T1"	[5]
"4.4.427065051136.1"	[266850, 0, -2372, 0, 1]	427065051136	808.39479413	"4T1"	[2, 8]
"4.4.427065051136.2"	[1139746, 0, -2372, 0, 1]	427065051136	808.39479413	"4T1"	[2, 8]
"4.4.427562802941.1"	[31698995, 91069, -30359, -1, 1]	427562802941	808.630240825	"4T1"	[2, 10]
"4.4.428149603153.1"	[-531859, 75841, -2826, -1, 1]	428149603153	808.90754534	"4T1"	[3]
"4.4.428661064000.1"	[67860, 0, -3770, 0, 1]	428661064000	809.149014285	"4T1"	[2, 4, 4]
"4.4.428661064000.2"	[2179060, 0, -3770, 0, 1]	428661064000	809.149014285	"4T1"	[2, 4, 4]
"4.4.428661064000.3"	[2721940, 0, -3770, 0, 1]	428661064000	809.149014285	"4T1"	[2, 4, 4]
"4.4.428661064000.4"	[3325140, 0, -3770, 0, 1]	428661064000	809.149014285	"4T1"	[2, 4, 4]
"4.4.429229520413.1"	[176296169, 26929, -26931, -1, 1]	429229520413	809.417138348	"4T1"	[2, 2]
"4.4.429956776000.1"	[24490240, 0, -10070, 0, 1]	429956776000	809.759775249	"4T1"	[2, 20]
"4.4.430003596209.2"	[54199673, -34749, -17388, -1, 1]	430003596209	809.781819077	"4T1"	[2, 2]
"4.4.430017116789.1"	[31881173, 91330, -30446, -1, 1]	430017116789	809.788184484	"4T1"	[2, 2, 4]
"4.4.430138501193.1"	[5589364, 84058, -14025, -1, 1]	430138501193	809.845324798	"4T1"	[2]
"4.4.431050055197.1"	[1353663, -74115, -8287, -1, 1]	431050055197	810.274042412	"4T1"	[]
"4.4.431395735616.2"	[3022400, 0, -3778, 0, 1]	431395735616	810.436443317	"4T1"	[2, 4]
"4.4.431663623877.1"	[117881, 86380, -9632, -1, 1]	431663623877	810.562230299	"4T1"	[]
"4.4.432252699481.1"	[-459124, 72302, -2835, -1, 1]	432252699481	810.838625073	"4T1"	[]
"4.4.432622805473.1"	[4994951, -63191, -7956, -1, 1]	432622805473	811.012134646	"4T1"	[2]
"4.4.433265039233.1"	[11428479, -66827, -16720, -1, 1]	433265039233	811.312956551	"4T1"	[2, 2]
"4.4.434885603600.1"	[22030400, 0, -9835, 0, 1]	434885603600	812.070544056	"4T1"	[2, 2, 2, 2]
"4.4.435002609033.1"	[-202004, 57301, -2841, -1, 1]	435002609033	812.12516019	"4T1"	[]
"4.4.435840543917.1"	[9640747, -68009, -22677, -1, 1]	435840543917	812.515972206	"4T1"	[2, 2]
"4.4.436381926625.1"	[-693109, 83909, -2844, -1, 1]	436381926625	812.768173011	"4T1"	[2, 2, 2, 8]
"4.4.436381926625.2"	[-533824, -75376, -2844, -1, 1]	436381926625	812.768173011	"4T1"	[2, 4, 4]
"4.4.436381926625.3"	[-48384, -45036, -2844, -1, 1]	436381926625	812.768173011	"4T1"	[2, 4, 4]
"4.4.436381926625.4"	[156411, 23229, -2844, -1, 1]	436381926625	812.768173011	"4T1"	[2, 2, 4, 4]
"4.4.436659011389.1"	[65914155, 63459, -21159, -1, 1]	436659011389	812.89716098	"4T1"	[2, 4]
"4.4.436711351133.1"	[34314829, 11783, -11795, -1, 1]	436711351133	812.921519184	"4T1"	[]
"4.4.438099927709.1"	[385653, -76529, -10963, -1, 1]	438099927709	813.566945694	"4T1"	[3]
"4.4.438651136000.1"	[17134810, 0, -26180, 0, 1]	438651136000	813.822728329	"4T1"	[2, 2, 4]
"4.4.438651136000.2"	[154213290, 0, -26180, 0, 1]	438651136000	813.822728329	"4T1"	[2, 2, 52]
"4.4.439510534144.1"	[13366386, 0, -14212, 0, 1]	439510534144	814.22104286	"4T1"	[2, 2, 4]
"4.4.439510534144.2"	[37128850, 0, -14212, 0, 1]	439510534144	814.22104286	"4T1"	[2, 2, 4]
"4.4.439669484864.1"	[1285076, 0, -3802, 0, 1]	439669484864	814.294649442	"4T1"	[3]
"4.4.439797120509.1"	[3029683, -69467, -7779, -1, 1]	439797120509	814.353740256	"4T1"	[]
"4.4.443319050681.1"	[55879370, -35283, -17655, -1, 1]	443319050681	815.979219317	"4T1"	[2, 2]
"4.4.443384757457.2"	[11696393, -67603, -16914, -1, 1]	443384757457	816.009452838	"4T1"	[2, 2]
"4.4.443600987849.2"	[65920780, -52006, -26009, -1, 1]	443600987849	816.108922758	"4T1"	[2, 2]
"4.4.443823950309.1"	[9395963, 71100, -10188, -1, 1]	443823950309	816.211451478	"4T1"	[]
"4.4.444218591125.1"	[-99939, 86914, -7954, -1, 1]	444218591125	816.392831394	"4T1"	[2, 2, 4]
"4.4.444218591125.2"	[11147881, -39466, -7954, -1, 1]	444218591125	816.392831394	"4T1"	[2, 2, 4]
"4.4.444583528448.1"	[433922, 0, -2404, 0, 1]	444583528448	816.56045184	"4T1"	[4]
"4.4.444583528448.2"	[1010882, 0, -2404, 0, 1]	444583528448	816.56045184	"4T1"	[4]
"4.4.444719105137.1"	[-696064, 84440, -2862, -1, 1]	444719105137	816.622697683	"4T1"	[4]
"4.4.444719105137.2"	[-390744, -68220, -2862, -1, 1]	444719105137	816.622697683	"4T1"	[4]
"4.4.444804217949.1"	[14089975, -56065, -11243, -1, 1]	444804217949	816.661767325	"4T1"	[2, 2, 4]
"4.4.444804217949.2"	[27728327, 33661, -11243, -1, 1]	444804217949	816.661767325	"4T1"	[2, 2, 4]
"4.4.445544342861.1"	[31241167, -41003, -13689, -1, 1]	445544342861	817.001273399	"4T1"	[]
"4.4.446727661568.1"	[117242, 0, -7564, 0, 1]	446727661568	817.543201227	"4T1"	[4]
"4.4.446727661568.2"	[14186282, 0, -7564, 0, 1]	446727661568	817.543201227	"4T1"	[4]
"4.4.447521580449.1"	[-146317, 54021, -2868, -1, 1]	447521580449	817.906191322	"4T1"	[]
"4.4.447776310761.1"	[690160, -76436, -6459, -1, 1]	447776310761	818.022555008	"4T1"	[2, 8]
"4.4.447776310761.2"	[5635802, -50943, -6459, -1, 1]	447776310761	818.022555008	"4T1"	[2, 8]
"4.4.447886553593.1"	[83949126, 39169, -19591, -1, 1]	447886553593	818.072899788	"4T1"	[2, 2]
"4.4.448008724800.5"	[165683700, 0, -46410, 0, 1]	448008724800	818.128681063	"4T1"	[2, 2, 2, 2, 2]
"4.4.448048351808.1"	[122432, 0, -3826, 0, 1]	448048351808	818.146771623	"4T1"	[2]
"4.4.448711152377.1"	[3423172, -71284, -8957, -1, 1]	448711152377	818.449176255	"4T1"	[2]
"4.4.450222062117.1"	[9959807, -69122, -23048, -1, 1]	450222062117	819.137282856	"4T1"	[2, 2]
"4.4.450786764800.1"	[4711050, 0, -11020, 0, 1]	450786764800	819.39401817	"4T1"	[2, 4]
"4.4.450786764800.2"	[25649050, 0, -11020, 0, 1]	450786764800	819.39401817	"4T1"	[2, 4]
"4.4.450973196341.1"	[18542385, 26982, -9030, -1, 1]	450973196341	819.478724075	"4T1"	[]
"4.4.451747330217.1"	[-616028, 81046, -2877, -1, 1]	451747330217	819.830174166	"4T1"	[3]
"4.4.451901239501.1"	[68216661, 64557, -21525, -1, 1]	451901239501	819.899993813	"4T1"	[10]
"4.4.452120614621.1"	[2203945, 70997, -5575, -1, 1]	452120614621	819.999480664	"4T1"	[4]
"4.4.452120614621.2"	[6743961, -16311, -5575, -1, 1]	452120614621	819.999480664	"4T1"	[4]
"4.4.452422022861.1"	[33544265, 93679, -31229, -1, 1]	452422022861	820.136110597	"4T1"	[10]
"4.4.453161802241.1"	[161271, -22563, -2880, -1, 1]	453161802241	820.471167291	"4T1"	[]
"4.4.453523405712.3"	[797732, 0, -8671, 0, 1]	453523405712	820.634793441	"4T1"	[2, 2, 2, 4]
"4.4.453523405712.4"	[12763712, 0, -8671, 0, 1]	453523405712	820.634793441	"4T1"	[2, 2, 2, 20]
"4.4.454039808000.1"	[61370, 0, -6460, 0, 1]	454039808000	820.868296745	"4T1"	[4, 52]
"4.4.454039808000.2"	[3007130, 0, -6460, 0, 1]	454039808000	820.868296745	"4T1"	[4, 4]
"4.4.454039808000.3"	[7425770, 0, -6460, 0, 1]	454039808000	820.868296745	"4T1"	[4, 4]
"4.4.454039808000.4"	[10371530, 0, -6460, 0, 1]	454039808000	820.868296745	"4T1"	[4, 4]
"4.4.454590094537.1"	[85206332, 39461, -19737, -1, 1]	454590094537	821.11690249	"4T1"	[2]
"4.4.454718578393.1"	[15832364, -36712, -9225, -1, 1]	454718578393	821.17491579	"4T1"	[2]
"4.4.455749177073.1"	[5926384, 86524, -14436, -1, 1]	455749177073	821.639809619	"4T1"	[2]
"4.4.456279695009.2"	[67805632, -52744, -26378, -1, 1]	456279695009	821.878814169	"4T1"	[4, 4]
"4.4.457478155229.1"	[33919583, 94201, -31403, -1, 1]	457478155229	822.417968317	"4T1"	[2]
"4.4.457869142016.1"	[2645786, 0, -16588, 0, 1]	457869142016	822.593633292	"4T1"	[2, 4]
"4.4.457869142016.2"	[66144650, 0, -16588, 0, 1]	457869142016	822.593633292	"4T1"	[2, 4]
"4.4.458006907997.1"	[188118113, 27817, -27819, -1, 1]	458006907997	822.655502843	"4T1"	[2]
"4.4.458572785481.1"	[1788686, 87257, -10935, -1, 1]	458572785481	822.909487383	"4T1"	[2]
"4.4.459121445681.1"	[68228096, -52908, -26460, -1, 1]	459121445681	823.155519892	"4T1"	[2, 2]
"4.4.460138791461.1"	[-213145, 87942, -6840, -1, 1]	460138791461	823.611139445	"4T1"	[4]
"4.4.460138791461.2"	[1571957, -74340, -6840, -1, 1]	460138791461	823.611139445	"4T1"	[4]
"4.4.461722060800.5"	[450900450, 0, -60060, 0, 1]	461722060800	824.318708055	"4T1"	[2, 2, 2, 2]
"4.4.462248527168.1"	[3409812, 0, -3866, 0, 1]	462248527168	824.55358455	"4T1"	[17]
"4.4.462674101312.4"	[12293392, 0, -17266, 0, 1]	462674101312	824.743302624	"4T1"	[2, 2, 10]
"4.4.462734876213.3"	[10237421, -70076, -23366, -1, 1]	462734876213	824.770384983	"4T1"	[2]
"4.4.463555547137.1"	[3554327, -64429, -6534, -1, 1]	463555547137	825.135829328	"4T1"	[2, 12]
"4.4.463555547137.2"	[8299503, 38727, -6534, -1, 1]	463555547137	825.135829328	"4T1"	[2, 60]
"4.4.463974660337.2"	[12241533, -69155, -17302, -1, 1]	463974660337	825.322273073	"4T1"	[2]
"4.4.464584018625.1"	[234256, 484, -2904, -1, 1]	464584018625	825.593122707	"4T1"	[12]
"4.4.464899045037.1"	[1415107, -55439, -3969, -1, 1]	464899045037	825.733042248	"4T1"	[4]
"4.4.464899045037.2"	[2956283, 3837, -3969, -1, 1]	464899045037	825.733042248	"4T1"	[4]
"4.4.465124092992.1"	[3750032, 0, -3874, 0, 1]	465124092992	825.83295416	"4T1"	[2, 2, 60]
"4.4.465676937216.1"	[8304650, 0, -9916, 0, 1]	465676937216	826.07824011	"4T1"	[4]
"4.4.465676937216.2"	[16277114, 0, -9916, 0, 1]	465676937216	826.07824011	"4T1"	[4]
"4.4.465693815101.1"	[7843577, -58177, -8367, -1, 1]	465693815101	826.085725055	"4T1"	[]
"4.4.465969946237.1"	[10517947, -68089, -13639, -1, 1]	465969946237	826.208153826	"4T1"	[]
"4.4.466025146777.1"	[232802, 4361, -2907, -1, 1]	466025146777	826.232621665	"4T1"	[75]
"4.4.466503562025.1"	[23459240, -20355, -10221, -1, 1]	466503562025	826.44458995	"4T1"	[2, 2, 4]
"4.4.468916337609.1"	[78388, -34475, -2913, -1, 1]	468916337609	827.511124953	"4T1"	[4]
"4.4.468916337609.2"	[233768, -3399, -2913, -1, 1]	468916337609	827.511124953	"4T1"	[4]
"4.4.469423745024.3"	[2712554, 0, -16796, 0, 1]	469423745024	827.734893551	"4T1"	[2, 2, 4]
"4.4.469423745024.4"	[67813850, 0, -16796, 0, 1]	469423745024	827.734893551	"4T1"	[2, 2, 4]
"4.4.469967054848.1"	[4911498, 0, -11252, 0, 1]	469967054848	827.974294225	"4T1"	[2, 2]
"4.4.469967054848.2"	[26740378, 0, -11252, 0, 1]	469967054848	827.974294225	"4T1"	[2, 2]
"4.4.470559052841.1"	[59315660, -36351, -18189, -1, 1]	470559052841	828.234912362	"4T1"	[2]
"4.4.470564719625.1"	[27737726, 85089, -21279, -1, 1]	470564719625	828.237405889	"4T1"	[2, 2, 4]
"4.4.470564719625.2"	[111291196, 4, -21279, -1, 1]	470564719625	828.237405889	"4T1"	[2, 2, 4]
"4.4.471175153913.1"	[8533078, -67439, -11271, -1, 1]	471175153913	828.505880515	"4T1"	[34]
"4.4.471749421056.1"	[1226, 0, -2452, 0, 1]	471749421056	828.75821046	"4T1"	[10]
"4.4.471749421056.2"	[1501850, 0, -2452, 0, 1]	471749421056	828.75821046	"4T1"	[530]
"4.4.471949162893.1"	[10597639, 6643, -6685, -1, 1]	471949162893	828.845921967	"4T1"	[2, 20]
"4.4.471956441189.1"	[34994323, 95680, -31896, -1, 1]	471956441189	828.849117518	"4T1"	[2, 10]
"4.4.473005312000.1"	[983970, 0, -7540, 0, 1]	473005312000	829.309240525	"4T1"	[2, 2, 4]
"4.4.473005312000.2"	[5357170, 0, -7540, 0, 1]	473005312000	829.309240525	"4T1"	[2, 2, 4]
"4.4.473005312000.3"	[8855730, 0, -7540, 0, 1]	473005312000	829.309240525	"4T1"	[2, 2, 4]
"4.4.473005312000.4"	[13228930, 0, -7540, 0, 1]	473005312000	829.309240525	"4T1"	[2, 2, 4]
"4.4.473275506257.1"	[229376, 8280, -2922, -1, 1]	473275506257	829.427646495	"4T1"	[]
"4.4.473822294336.1"	[194900, 0, -3898, 0, 1]	473822294336	829.66710786	"4T1"	[]
"4.4.474734543401.1"	[-622404, -81423, -2925, -1, 1]	474734543401	830.066158949	"4T1"	[2]
"4.4.474734543401.2"	[1676, -42418, -2925, -1, 1]	474734543401	830.066158949	"4T1"	[2]
"4.4.474830025793.2"	[28520719, 49613, -12424, -1, 1]	474830025793	830.107893181	"4T1"	[4, 4]
"4.4.475157102309.1"	[33321505, -42344, -14136, -1, 1]	475157102309	830.25080679	"4T1"	[]
"4.4.475567973389.1"	[424583, -79735, -11421, -1, 1]	475567973389	830.430229283	"4T1"	[159]
"4.4.477661607513.1"	[-201074, -58139, -2931, -1, 1]	477661607513	831.34269303	"4T1"	[5]
"4.4.479929083344.1"	[35666549, 0, -32161, 0, 1]	479929083344	832.327544569	"4T1"	[2, 2]
"4.4.481044711424.1"	[11106, 0, -2468, 0, 1]	481044711424	832.810824112	"4T1"	[4]
"4.4.481044711424.2"	[1511650, 0, -2468, 0, 1]	481044711424	832.810824112	"4T1"	[4]
"4.4.482074724321.1"	[-544000, 78900, -2940, -1, 1]	482074724321	833.256270218	"4T1"	[]
"4.4.482100402617.2"	[6273268, 88990, -14847, -1, 1]	482100402617	833.267366098	"4T1"	[2, 2]
"4.4.482374946321.1"	[14717657, 32805, -8250, -1, 1]	482374946321	833.385971823	"4T1"	[10]
"4.4.482628267584.1"	[3137600, 0, -3922, 0, 1]	482628267584	833.495364333	"4T1"	[2, 2, 2]
"4.4.482628267584.2"	[3796496, 0, -3922, 0, 1]	482628267584	833.495364333	"4T1"	[2, 2, 2]
"4.4.484610926333.1"	[19149221, 52301, -10491, -1, 1]	484610926333	834.35005795	"4T1"	[]
"4.4.485239730861.1"	[34029851, -42791, -14285, -1, 1]	485239730861	834.620578061	"4T1"	[]
"4.4.485995738997.1"	[145423, 91654, -10218, -1, 1]	485995738997	834.945475009	"4T1"	[]
"4.4.486680377501.1"	[20018655, 28029, -9379, -1, 1]	486680377501	835.239373721	"4T1"	[]
"4.4.488001047617.2"	[-143713, -54619, -2952, -1, 1]	488001047617	835.805430523	"4T1"	[9]
"4.4.488704783057.1"	[17022648, -38060, -9562, -1, 1]	488704783057	836.106591809	"4T1"	[2]
"4.4.488854711897.1"	[91632522, 40921, -20467, -1, 1]	488854711897	836.170711333	"4T1"	[2]
"4.4.490908119633.1"	[8893529, -68837, -11504, -1, 1]	490908119633	837.047404045	"4T1"	[2]
"4.4.491343874048.1"	[285442, 0, -9676, 0, 1]	491343874048	837.233093453	"4T1"	[2, 2, 4]
"4.4.491343874048.2"	[23120802, 0, -9676, 0, 1]	491343874048	837.233093453	"4T1"	[2, 2, 4]
"4.4.491542676288.1"	[2849012, 0, -3946, 0, 1]	491542676288	837.317768654	"4T1"	[]
"4.4.492477523273.1"	[-327016, -66631, -2961, -1, 1]	492477523273	837.715601021	"4T1"	[4]
"4.4.492477523273.2"	[146804, -27146, -2961, -1, 1]	492477523273	837.715601021	"4T1"	[4]
"4.4.492596698241.2"	[24776287, -20917, -10502, -1, 1]	492596698241	837.766276263	"4T1"	[2, 2]
"4.4.493877764421.1"	[3415079, -73616, -8240, -1, 1]	493877764421	838.310427783	"4T1"	[5]
"4.4.495291568237.1"	[203435003, 28927, -28929, -1, 1]	495291568237	838.909734115	"4T1"	[2, 2]
"4.4.495476997497.1"	[-627878, 83581, -2967, -1, 1]	495476997497	838.988241698	"4T1"	[4]
"4.4.495476997497.2"	[226726, -11375, -2967, -1, 1]	495476997497	838.988241698	"4T1"	[4]
"4.4.495735680737.1"	[13082523, -71483, -17884, -1, 1]	495735680737	839.097726962	"4T1"	[2]
"4.4.498755679733.1"	[11262127, -70444, -14110, -1, 1]	498755679733	840.372754072	"4T1"	[]
"4.4.499100268613.1"	[204999659, 29038, -29040, -1, 1]	499100268613	840.517869267	"4T1"	[2, 4]
"4.4.499999005953.1"	[-714361, -86811, -2976, -1, 1]	499999005953	840.895997308	"4T1"	[41]
"4.4.502776834133.1"	[61209, -79722, -4074, -1, 1]	502776834133	842.061506539	"4T1"	[20]
"4.4.502776834133.2"	[1916951, -49300, -4074, -1, 1]	502776834133	842.061506539	"4T1"	[4]
"4.4.502806332321.3"	[74722496, -55368, -27690, -1, 1]	502806332321	842.073857317	"4T1"	[2, 2, 2]
"4.4.504158993897.1"	[649652, 91446, -9189, -1, 1]	504158993897	842.639628657	"4T1"	[2, 2, 2]
"4.4.504158993897.2"	[13960768, 54877, -9189, -1, 1]	504158993897	842.639628657	"4T1"	[2, 2, 2]
"4.4.505682913173.1"	[11190361, -73256, -24426, -1, 1]	505682913173	843.275668969	"4T1"	[6, 6]
"4.4.506071034209.1"	[216128, 16436, -2988, -1, 1]	506071034209	843.437429856	"4T1"	[2]
"4.4.506229368832.1"	[16075818, 0, -8052, 0, 1]	506229368832	843.503393759	"4T1"	[2, 100]
"4.4.506642794048.2"	[286992, 0, -3986, 0, 1]	506642794048	843.67555822	"4T1"	[2, 2]
"4.4.506912707109.1"	[37589243, 99160, -33056, -1, 1]	506912707109	843.787902447	"4T1"	[2]
"4.4.508621038697.1"	[392804, -83374, -8397, -1, 1]	508621038697	844.497911974	"4T1"	[2]
"4.4.509661571072.1"	[212602, 0, -2516, 0, 1]	509661571072	844.929497585	"4T1"	[2, 4]
"4.4.509661571072.2"	[665482, 0, -2516, 0, 1]	509661571072	844.929497585	"4T1"	[6, 12]
"4.4.509661571072.3"	[917082, 0, -2516, 0, 1]	509661571072	844.929497585	"4T1"	[2, 4]
"4.4.509661571072.4"	[1369962, 0, -2516, 0, 1]	509661571072	844.929497585	"4T1"	[2, 4]
"4.4.509699454272.1"	[2308532, 0, -3994, 0, 1]	509699454272	844.945198072	"4T1"	[]
"4.4.510657175657.1"	[-88204, -51455, -2997, -1, 1]	510657175657	845.341830101	"4T1"	[]
"4.4.510755593121.1"	[19629575, 25, -8972, -1, 1]	510755593121	845.382557222	"4T1"	[10]
"4.4.512123637125.1"	[6404461, 73144, -8184, -1, 1]	512123637125	845.948072669	"4T1"	[4]
"4.4.512123637125.2"	[16217951, 8154, -8184, -1, 1]	512123637125	845.948072669	"4T1"	[4]
"4.4.512537061376.1"	[4454650, 0, -8692, 0, 1]	512537061376	846.118749044	"4T1"	[2, 2]
"4.4.512537061376.2"	[14433066, 0, -8692, 0, 1]	512537061376	846.118749044	"4T1"	[2, 2]
"4.4.513729944729.1"	[-632492, -83594, -3003, -1, 1]	513729944729	846.610636035	"4T1"	[]
"4.4.513789504677.1"	[15472427, -50304, -10104, -1, 1]	513789504677	846.635173194	"4T1"	[]
"4.4.514046577829.1"	[8668737, -61124, -8788, -1, 1]	514046577829	846.741056218	"4T1"	[]
"4.4.515270940913.2"	[122729, 32569, -3006, -1, 1]	515270940913	847.244801328	"4T1"	[3]
"4.4.518362171937.1"	[-398669, -71795, -3012, -1, 1]	518362171937	848.512657556	"4T1"	[2, 2]
"4.4.518362171937.2"	[219872, -15564, -3012, -1, 1]	518362171937	848.512657556	"4T1"	[2, 2]
"4.4.518387336153.1"	[6751124, 92278, -15395, -1, 1]	518387336153	848.522955263	"4T1"	[2]
"4.4.520757218033.2"	[97615821, 42235, -21124, -1, 1]	520757218033	849.491083139	"4T1"	[2, 2, 2]
"4.4.521203320832.1"	[578322, 0, -6764, 0, 1]	521203320832	849.672952281	"4T1"	[2, 4]
"4.4.521203320832.2"	[10859602, 0, -6764, 0, 1]	521203320832	849.672952281	"4T1"	[2, 4]
"4.4.521232018277.1"	[11772377, -72014, -14424, -1, 1]	521232018277	849.684647784	"4T1"	[5]
"4.4.521241155181.1"	[703357, 55375, -3385, -1, 1]	521241155181	849.688371383	"4T1"	[4]
"4.4.521241155181.2"	[1446205, 8947, -3385, -1, 1]	521241155181	849.688371383	"4T1"	[4]
"4.4.521393659729.1"	[2046797, 93041, -11658, -1, 1]	521393659729	849.750514944	"4T1"	[2]
"4.4.522609273737.2"	[4002092, -76932, -9663, -1, 1]	522609273737	850.245374591	"4T1"	[2, 2]
"4.4.522939951104.3"	[9325850, 0, -10508, 0, 1]	522939951104	850.379839395	"4T1"	[4]
"4.4.522939951104.4"	[18278666, 0, -10508, 0, 1]	522939951104	850.379839395	"4T1"	[4]
"4.4.524581674625.1"	[-262144, 65024, -3024, -1, 1]	524581674625	851.046478078	"4T1"	[2]
"4.4.525167290432.1"	[3904912, 0, -4034, 0, 1]	525167290432	851.283894761	"4T1"	[2]
"4.4.525219923968.1"	[305122, 0, -10004, 0, 1]	525219923968	851.305223393	"4T1"	[2, 2, 2, 8]
"4.4.525219923968.2"	[24714882, 0, -10004, 0, 1]	525219923968	851.305223393	"4T1"	[2, 2, 4, 4]
"4.4.527091060197.1"	[-122717, -86446, -7928, -1, 1]	527091060197	852.062422574	"4T1"	[4]
"4.4.527091060197.2"	[13776857, -23552, -7928, -1, 1]	527091060197	852.062422574	"4T1"	[4]
"4.4.527524994000.1"	[16959965, 0, -8245, 0, 1]	527524994000	852.237736017	"4T1"	[4, 4, 4]
"4.4.527709995441.1"	[53000, -39900, -3030, -1, 1]	527709995441	852.312445501	"4T1"	[]
"4.4.529278808969.1"	[-328900, 69262, -3033, -1, 1]	529278808969	852.945194184	"4T1"	[]
"4.4.529970028209.1"	[78760832, -56844, -28428, -1, 1]	529970028209	853.223536904	"4T1"	[10]
"4.4.531406752013.1"	[218271559, 29963, -29965, -1, 1]	531406752013	853.801212179	"4T1"	[2, 20]
"4.4.532365095009.2"	[67112683, -38665, -19346, -1, 1]	532365095009	854.185890035	"4T1"	[2, 2]
"4.4.532366435637.1"	[11782477, -75164, -25062, -1, 1]	532366435637	854.186427797	"4T1"	[2]
"4.4.534596504896.1"	[8116, 0, -4058, 0, 1]	534596504896	855.079567243	"4T1"	[7]
"4.4.534652199269.1"	[486413, -84544, -12108, -1, 1]	534652199269	855.101836964	"4T1"	[3]
"4.4.536908990464.5"	[16328466, 0, -15708, 0, 1]	536908990464	856.002768053	"4T1"	[2, 2, 2, 2, 4]
"4.4.536908990464.6"	[45356850, 0, -15708, 0, 1]	536908990464	856.002768053	"4T1"	[2, 2, 2, 2, 4]
"4.4.537024502697.1"	[6996628, 93922, -15669, -1, 1]	537024502697	856.048805098	"4T1"	[2]
"4.4.537886151773.1"	[10936271, 57835, -8319, -1, 1]	537886151773	856.391978577	"4T1"	[4]
"4.4.537886151773.2"	[16485479, -8227, -8319, -1, 1]	537886151773	856.391978577	"4T1"	[4]
"4.4.538671647824.1"	[2018125, 0, -3229, 0, 1]	538671647824	856.704463126	"4T1"	[3]
"4.4.539391428608.1"	[565362, 0, -2564, 0, 1]	539391428608	856.990505035	"4T1"	[4]
"4.4.539391428608.2"	[1078162, 0, -2564, 0, 1]	539391428608	856.990505035	"4T1"	[4]
"4.4.540185593856.1"	[1401650, 0, -6596, 0, 1]	540185593856	857.305775444	"4T1"	[2, 4]
"4.4.540185593856.2"	[9475154, 0, -6596, 0, 1]	540185593856	857.305775444	"4T1"	[2, 4]
"4.4.541938415609.1"	[20012100, 18226, -9151, -1, 1]	541938415609	858.000388168	"4T1"	[2]
"4.4.543229792489.1"	[2136690, 94969, -11899, -1, 1]	543229792489	858.511061114	"4T1"	[2]
"4.4.543538277281.1"	[-556000, -81100, -3060, -1, 1]	543538277281	858.632916188	"4T1"	[5]
"4.4.545369736449.1"	[81050272, -57664, -28838, -1, 1]	545369736449	859.355297695	"4T1"	[2, 2]
"4.4.545575211600.2"	[3354725, 0, -5545, 0, 1]	545575211600	859.436229586	"4T1"	[2, 2]
"4.4.546466510913.2"	[7121024, 94744, -15806, -1, 1]	546466510913	859.78702727	"4T1"	[2, 4]
"4.4.546663878093.1"	[16468441, -51889, -10421, -1, 1]	546663878093	859.864649027	"4T1"	[]
"4.4.546741441233.1"	[-728296, -89436, -3066, -1, 1]	546741441233	859.895147774	"4T1"	[2, 4]
"4.4.546741441233.2"	[-556579, 82281, -3066, -1, 1]	546741441233	859.895147774	"4T1"	[2, 4]
"4.4.546741441233.3"	[-401216, 74104, -3066, -1, 1]	546741441233	859.895147774	"4T1"	[2, 4]
"4.4.546741441233.4"	[-33251, -48551, -3066, -1, 1]	546741441233	859.895147774	"4T1"	[2, 4]
"4.4.546913022609.1"	[27518285, -22041, -11064, -1, 1]	546913022609	859.96260408	"4T1"	[2]
"4.4.549727739501.1"	[-225725, 96119, -7469, -1, 1]	549727739501	861.06693584	"4T1"	[4]
"4.4.549727739501.2"	[1902811, -81259, -7469, -1, 1]	549727739501	861.06693584	"4T1"	[4]
"4.4.549826134689.1"	[877568, -84704, -7148, -1, 1]	549826134689	861.10546362	"4T1"	[2, 8]
"4.4.549826134689.2"	[6951103, -56455, -7148, -1, 1]	549826134689	861.10546362	"4T1"	[2, 8]
"4.4.549961502257.1"	[103093157, 43403, -21708, -1, 1]	549961502257	861.158459915	"4T1"	[2, 2]
"4.4.549963941125.1"	[-93709, 96704, -8844, -1, 1]	549963941125	861.15941464	"4T1"	[2, 4, 4]
"4.4.549963941125.2"	[13827671, -43916, -8844, -1, 1]	549963941125	861.15941464	"4T1"	[2, 2, 8]
"4.4.550555296253.1"	[19817541, -28791, -9651, -1, 1]	550555296253	861.390814275	"4T1"	[]
"4.4.552645683200.1"	[11050, 0, -4420, 0, 1]	552645683200	862.207299918	"4T1"	[2, 2, 4, 4]
"4.4.552645683200.2"	[895050, 0, -4420, 0, 1]	552645683200	862.207299918	"4T1"	[2, 2, 4, 4]
"4.4.552645683200.3"	[3989050, 0, -4420, 0, 1]	552645683200	862.207299918	"4T1"	[2, 2, 2, 4, 4]
"4.4.552645683200.4"	[4873050, 0, -4420, 0, 1]	552645683200	862.207299918	"4T1"	[2, 2, 2, 2, 8]
"4.4.552816306176.3"	[9858650, 0, -10804, 0, 1]	552816306176	862.273841353	"4T1"	[2, 4, 4]
"4.4.552816306176.4"	[19322954, 0, -10804, 0, 1]	552816306176	862.273841353	"4T1"	[2, 2, 4]
"4.4.552829281533.1"	[12236581, -76595, -25539, -1, 1]	552829281533	862.278900996	"4T1"	[2]
"4.4.553185473329.1"	[-139072, 57976, -3078, -1, 1]	553185473329	862.41776054	"4T1"	[]
"4.4.553792184128.1"	[3621492, 0, -4106, 0, 1]	553792184128	862.654129322	"4T1"	[]
"4.4.554658048000.1"	[74970, 0, -7140, 0, 1]	554658048000	862.991125546	"4T1"	[2, 4, 4]
"4.4.554658048000.2"	[3673530, 0, -7140, 0, 1]	554658048000	862.991125546	"4T1"	[2, 4, 4]
"4.4.554658048000.3"	[9071370, 0, -7140, 0, 1]	554658048000	862.991125546	"4T1"	[2, 4, 4]
"4.4.554658048000.4"	[12669930, 0, -7140, 0, 1]	554658048000	862.991125546	"4T1"	[2, 4, 4]
"4.4.555875300413.1"	[12558947, -74369, -14895, -1, 1]	555875300413	863.464216408	"4T1"	[]
"4.4.556694935753.1"	[14696894, -75751, -18951, -1, 1]	556694935753	863.782333977	"4T1"	[2]
"4.4.558051585337.1"	[-478318, -77699, -3087, -1, 1]	558051585337	864.308106926	"4T1"	[]
"4.4.559122898373.1"	[907897, -82364, -5640, -1, 1]	559122898373	864.722619994	"4T1"	[4]
"4.4.559122898373.2"	[7151069, 5568, -5640, -1, 1]	559122898373	864.722619994	"4T1"	[4]
"4.4.561311462249.1"	[-643712, -86099, -3093, -1, 1]	561311462249	865.567572464	"4T1"	[4]
"4.4.561311462249.2"	[16208, 45885, -3093, -1, 1]	561311462249	865.567572464	"4T1"	[4]
"4.4.561669709313.1"	[4308496, -79756, -10016, -1, 1]	561669709313	865.705647702	"4T1"	[2]
"4.4.562047745373.1"	[12441161, -77231, -25751, -1, 1]	562047745373	865.851278389	"4T1"	[2, 2]
"4.4.562176824081.1"	[70873645, -39733, -19880, -1, 1]	562176824081	865.900986506	"4T1"	[2]
"4.4.563562695861.1"	[41794765, 104554, -34854, -1, 1]	563562695861	866.434146147	"4T1"	[2, 2]
"4.4.563760277504.1"	[4899850, 0, -9116, 0, 1]	563760277504	866.510077796	"4T1"	[4]
"4.4.563760277504.2"	[15875514, 0, -9116, 0, 1]	563760277504	866.510077796	"4T1"	[4]
"4.4.566225042417.1"	[192832, 25336, -3102, -1, 1]	566225042417	867.455626403	"4T1"	[]
"4.4.566379918029.1"	[42003913, 104815, -34941, -1, 1]	566379918029	867.514937602	"4T1"	[2]
"4.4.566841248576.1"	[2987636, 0, -4138, 0, 1]	566841248576	867.691536799	"4T1"	[]
"4.4.567670734277.1"	[12826789, -75154, -15052, -1, 1]	567670734277	868.008796306	"4T1"	[]
"4.4.570255517696.1"	[105786, 0, -2612, 0, 1]	570255517696	868.995192907	"4T1"	[2]
"4.4.570255517696.2"	[1599850, 0, -2612, 0, 1]	570255517696	868.995192907	"4T1"	[2]
"4.4.571167214073.1"	[-828436, 95934, -3111, -1, 1]	571167214073	869.342311524	"4T1"	[3, 15]
"4.4.571340716112.1"	[398453, 0, -3293, 0, 1]	571340716112	869.408323491	"4T1"	[4]
"4.4.571340716112.2"	[1188773, 0, -3293, 0, 1]	571340716112	869.408323491	"4T1"	[4]
"4.4.572055396281.1"	[85017596, -59058, -29535, -1, 1]	572055396281	869.680077988	"4T1"	[2]
"4.4.572294539169.3"	[72150083, -40089, -20058, -1, 1]	572294539169	869.770954331	"4T1"	[2, 2, 2]
"4.4.573451167744.3"	[3313674, 0, -18564, 0, 1]	573451167744	870.210081534	"4T1"	[2, 2, 2, 4]
"4.4.573451167744.4"	[82841850, 0, -18564, 0, 1]	573451167744	870.210081534	"4T1"	[2, 2, 2, 4]
"4.4.573530813357.1"	[191131, 99565, -11097, -1, 1]	573530813357	870.240295443	"4T1"	[]
"4.4.573933503377.1"	[15153473, -76915, -19242, -1, 1]	573933503377	870.393009492	"4T1"	[2, 2]
"4.4.574552692661.1"	[86745411, 72792, -24270, -1, 1]	574552692661	870.627670877	"4T1"	[2]
"4.4.575098074125.1"	[7208591, 77509, -8669, -1, 1]	575098074125	870.8342034	"4T1"	[4]
"4.4.575098074125.2"	[18227791, 8639, -8669, -1, 1]	575098074125	870.8342034	"4T1"	[4]
"4.4.575538190393.1"	[13025484, -64302, -10759, -1, 1]	575538190393	871.00076558	"4T1"	[2]
"4.4.575971216821.3"	[18266875, -63800, -12790, -1, 1]	575971216821	871.164551402	"4T1"	[2, 2, 2, 2, 4]
"4.4.575971216821.4"	[35930521, 38302, -12790, -1, 1]	575971216821	871.164551402	"4T1"	[2, 2, 2, 2, 4]
"4.4.576138060161.1"	[-736441, -91011, -3120, -1, 1]	576138060161	871.227632774	"4T1"	[10]
"4.4.576138060161.2"	[-262144, -66048, -3120, -1, 1]	576138060161	871.227632774	"4T1"	[10]
"4.4.576761436224.1"	[832400, 0, -4162, 0, 1]	576761436224	871.463202278	"4T1"	[10]
"4.4.577801395289.1"	[-480772, 79646, -3123, -1, 1]	577801395289	871.855770958	"4T1"	[]
"4.4.579156578000.1"	[1447891445, 0, -85085, 0, 1]	579156578000	872.366537335	"4T1"	[2, 2, 2, 2]
"4.4.580746834389.1"	[40740215, -46814, -15626, -1, 1]	580746834389	872.964760827	"4T1"	[5]
"4.4.580968774464.1"	[18586100, 0, -12818, 0, 1]	580968774464	873.048152631	"4T1"	[2, 2, 4]
"4.4.580968774464.2"	[36428756, 0, -12818, 0, 1]	580968774464	873.048152631	"4T1"	[2, 2, 4]
"4.4.582192867625.1"	[27563856, -63356, -15859, -1, 1]	582192867625	873.507664812	"4T1"	[2, 2, 4, 4]
"4.4.582192867625.2"	[62161146, 9, -15859, -1, 1]	582192867625	873.507664812	"4T1"	[2, 2, 2, 8]
"4.4.582810602977.1"	[-738229, 92405, -3132, -1, 1]	582810602977	873.739281354	"4T1"	[]
"4.4.583430755709.1"	[43269763, 106381, -35463, -1, 1]	583430755709	873.97161915	"4T1"	[10]
"4.4.583438782016.1"	[133696, 0, -4178, 0, 1]	583438782016	873.97462496	"4T1"	[6]
"4.4.585333645793.1"	[141696, -88416, -5106, -1, 1]	585333645793	874.6833753	"4T1"	[2, 4]
"4.4.585333645793.2"	[2659328, 68936, -5106, -1, 1]	585333645793	874.6833753	"4T1"	[2, 4]
"4.4.585857563200.4"	[506797200, 0, -46410, 0, 1]	585857563200	874.879036404	"4T1"	[2, 2, 2, 2, 2, 2]
"4.4.586166107409.1"	[198208, -24584, -3138, -1, 1]	586166107409	874.99420329	"4T1"	[]
"4.4.586582457077.1"	[240938573, 31480, -31482, -1, 1]	586582457077	875.149537481	"4T1"	[2, 2]
"4.4.587640304361.2"	[74086100, -40623, -20325, -1, 1]	587640304361	875.543833767	"4T1"	[2]
"4.4.587848678633.1"	[-79876, 54974, -3141, -1, 1]	587848678633	875.621439299	"4T1"	[5]
"4.4.589918398437.1"	[1275749, 89506, -6092, -1, 1]	589918398437	876.391154027	"4T1"	[4]
"4.4.589918398437.2"	[5425823, -53600, -6092, -1, 1]	589918398437	876.391154027	"4T1"	[4]
"4.4.591472191488.1"	[477242, 0, -2644, 0, 1]	591472191488	876.967669163	"4T1"	[2]
"4.4.591472191488.2"	[1270442, 0, -2644, 0, 1]	591472191488	876.967669163	"4T1"	[2]
"4.4.593035851889.1"	[9972992, 70256, -8838, -1, 1]	593035851889	877.546699874	"4T1"	[2, 2]
"4.4.593035851889.2"	[15766637, -35083, -8838, -1, 1]	593035851889	877.546699874	"4T1"	[2, 2]
"4.4.593056335872.5"	[579156578, 0, -68068, 0, 1]	593056335872	877.554277586	"4T1"	[2, 2, 2, 2]
"4.4.594147194533.1"	[21395331, -29910, -10024, -1, 1]	594147194533	877.957539479	"4T1"	[]
"4.4.595011587625.1"	[-250494, -92751, -5939, -1, 1]	595011587625	878.276688824	"4T1"	[2, 4, 4]
"4.4.595011587625.2"	[677706, 92889, -5939, -1, 1]	595011587625	878.276688824	"4T1"	[2, 4, 4]
"4.4.595011587625.3"	[3972816, 69684, -5939, -1, 1]	595011587625	878.276688824	"4T1"	[2, 4, 4]
"4.4.595011587625.4"	[7407156, -23136, -5939, -1, 1]	595011587625	878.276688824	"4T1"	[2, 4, 4]
"4.4.596275009933.1"	[244920439, 31739, -31741, -1, 1]	596275009933	878.742541894	"4T1"	[2, 2]
"4.4.597195013981.1"	[552365, -89353, -12795, -1, 1]	597195013981	879.081303094	"4T1"	[3]
"4.4.603779641408.2"	[2163712, 0, -4226, 0, 1]	603779641408	881.494519039	"4T1"	[2, 4]
"4.4.604028534437.1"	[12297937, 61286, -8812, -1, 1]	604028534437	881.585348506	"4T1"	[4]
"4.4.604028534437.2"	[18528471, -8720, -8812, -1, 1]	604028534437	881.585348506	"4T1"	[4]
"4.4.606569944625.1"	[279841, 529, -3174, -1, 1]	606569944625	882.51119204	"4T1"	[14]
"4.4.606703620209.1"	[23338825, 25, -9774, -1, 1]	606703620209	882.559809867	"4T1"	[10]
"4.4.606810051109.1"	[232835, 96086, -5796, -1, 1]	606810051109	882.598513055	"4T1"	[4]
"4.4.606810051109.2"	[5609493, 50904, -5796, -1, 1]	606810051109	882.598513055	"4T1"	[4]
"4.4.607066430125.1"	[-89259, 101599, -9289, -1, 1]	607066430125	882.691723399	"4T1"	[2, 4]
"4.4.607066430125.2"	[15275701, -46141, -9289, -1, 1]	607066430125	882.691723399	"4T1"	[2, 4]
"4.4.607215079232.1"	[2447252, 0, -4234, 0, 1]	607215079232	882.745753438	"4T1"	[4]
"4.4.607215079232.2"	[4479572, 0, -4234, 0, 1]	607215079232	882.745753438	"4T1"	[3, 60]
"4.4.608291319817.1"	[176576, 30185, -3177, -1, 1]	608291319817	883.136642941	"4T1"	[16]
"4.4.608291319817.2"	[278252, 4766, -3177, -1, 1]	608291319817	883.136642941	"4T1"	[16]
"4.4.608749830224.1"	[45240029, 0, -36221, 0, 1]	608749830224	883.303015911	"4T1"	[3, 6]
"4.4.609199188097.1"	[16087583, -79243, -19824, -1, 1]	609199188097	883.465976671	"4T1"	[2]
"4.4.611444381621.1"	[4255021, -81914, -9162, -1, 1]	611444381621	884.278853898	"4T1"	[]
"4.4.612488448000.1"	[1274130, 0, -8580, 0, 1]	612488448000	884.656098034	"4T1"	[2, 2, 4, 20]
"4.4.612488448000.2"	[6936930, 0, -8580, 0, 1]	612488448000	884.656098034	"4T1"	[2, 2, 4, 4]
"4.4.612488448000.3"	[11467170, 0, -8580, 0, 1]	612488448000	884.656098034	"4T1"	[4, 4, 4, 4]
"4.4.612488448000.4"	[17129970, 0, -8580, 0, 1]	612488448000	884.656098034	"4T1"	[2, 2, 4, 4]
"4.4.612661504000.1"	[23932090, 0, -30940, 0, 1]	612661504000	884.718580366	"4T1"	[2, 2, 2, 4]
"4.4.612661504000.2"	[215388810, 0, -30940, 0, 1]	612661504000	884.718580366	"4T1"	[2, 2, 2, 4]
"4.4.612723633469.1"	[92512107, 75171, -25063, -1, 1]	612723633469	884.741009148	"4T1"	[10]
"4.4.613474979473.1"	[-746176, -92936, -3186, -1, 1]	613474979473	885.012110639	"4T1"	[2]
"4.4.613474979473.2"	[-567739, -84439, -3186, -1, 1]	613474979473	885.012110639	"4T1"	[2]
"4.4.613632434857.1"	[-430366, 100001, -5187, -1, 1]	613632434857	885.0688923	"4T1"	[2, 2, 4]
"4.4.613632434857.2"	[1847468, 80020, -5187, -1, 1]	613632434857	885.0688923	"4T1"	[2, 2, 4]
"4.4.613861820416.1"	[18668754, 0, -16796, 0, 1]	613861820416	885.151593913	"4T1"	[2, 2, 4]
"4.4.613861820416.2"	[51857650, 0, -16796, 0, 1]	613861820416	885.151593913	"4T1"	[2, 2, 4]
"4.4.614487914189.1"	[43111103, -48155, -16073, -1, 1]	614487914189	885.377204974	"4T1"	[]
"4.4.614615144000.1"	[36367760, 0, -24310, 0, 1]	614615144000	885.423030785	"4T1"	[2, 2, 4]
"4.4.614615144000.2"	[145471040, 0, -24310, 0, 1]	614615144000	885.423030785	"4T1"	[2, 2, 4]
"4.4.615470706173.1"	[18553667, -55059, -11055, -1, 1]	615470706173	885.731003725	"4T1"	[]
"4.4.616947061697.1"	[274511, 9045, -3192, -1, 1]	616947061697	886.261686672	"4T1"	[]
"4.4.617599532096.2"	[3406400, 0, -4258, 0, 1]	617599532096	886.495916787	"4T1"	[2, 2]
"4.4.618584101057.1"	[115963787, 46031, -23022, -1, 1]	618584101057	886.849015767	"4T1"	[2, 10]
"4.4.618688004761.1"	[-655884, -88938, -3195, -1, 1]	618688004761	886.886254477	"4T1"	[]
"4.4.618811194181.1"	[575265, -90956, -13024, -1, 1]	618811194181	886.93039904	"4T1"	[3]
"4.4.622179710153.1"	[-844396, 98709, -3201, -1, 1]	622179710153	888.134950525	"4T1"	[]
"4.4.623825745293.3"	[13812271, -81365, -27129, -1, 1]	623825745293	888.72177986	"4T1"	[2, 34]
"4.4.624273852416.1"	[162866, 0, -2692, 0, 1]	624273852416	888.881333763	"4T1"	[4]
"4.4.624273852416.2"	[1648850, 0, -2692, 0, 1]	624273852416	888.881333763	"4T1"	[52]
"4.4.624486786221.1"	[6183427, 90175, -10065, -1, 1]	624486786221	888.957121288	"4T1"	[]
"4.4.624587862592.2"	[2769552, 0, -4274, 0, 1]	624587862592	888.993089666	"4T1"	[2, 10]
"4.4.625186869941.1"	[46369805, 110122, -36710, -1, 1]	625186869941	889.206158963	"4T1"	[2]
"4.4.628101710144.1"	[4530356, 0, -4282, 0, 1]	628101710144	890.240799424	"4T1"	[]
"4.4.628200277225.2"	[2010564, -43752, -4027, -1, 1]	628200277225	890.275723415	"4T1"	[2, 2, 2]
"4.4.628200277225.3"	[2449914, 29473, -4027, -1, 1]	628200277225	890.275723415	"4T1"	[2, 2, 2]
"4.4.630135885821.1"	[46737235, 110557, -36855, -1, 1]	630135885821	890.960711101	"4T1"	[2, 2, 2]
"4.4.630413329993.2"	[118182476, 46469, -23241, -1, 1]	630413329993	891.058765766	"4T1"	[2, 2]
"4.4.631161212837.2"	[13975087, -81842, -27288, -1, 1]	631161212837	891.322922339	"4T1"	[2, 2]
"4.4.632286614657.2"	[38093824, 16, -12432, -1, 1]	632286614657	891.719978747	"4T1"	[4, 24]
"4.4.633623283712.1"	[368098, 0, -10988, 0, 1]	633623283712	892.190884947	"4T1"	[2, 4]
"4.4.633623283712.2"	[29815938, 0, -10988, 0, 1]	633623283712	892.190884947	"4T1"	[2, 20]
"4.4.634895786369.2"	[80047943, -42225, -21126, -1, 1]	634895786369	892.638493677	"4T1"	[2, 2, 2]
"4.4.635471325184.1"	[846250, 0, -2708, 0, 1]	635471325184	892.840721177	"4T1"	[3, 6]
"4.4.635471325184.2"	[987066, 0, -2708, 0, 1]	635471325184	892.840721177	"4T1"	[10]
"4.4.636389353472.1"	[167018, 0, -9028, 0, 1]	636389353472	893.163005339	"4T1"	[2, 4]
"4.4.636389353472.2"	[20209178, 0, -9028, 0, 1]	636389353472	893.163005339	"4T1"	[2, 4]
"4.4.637511239229.1"	[44728945, -49049, -16371, -1, 1]	637511239229	893.556382877	"4T1"	[13]
"4.4.638055010529.1"	[-20480, 52192, -3228, -1, 1]	638055010529	893.746863824	"4T1"	[]
"4.4.638714119453.1"	[262355209, 32849, -32851, -1, 1]	638714119453	893.977583929	"4T1"	[2, 2]
"4.4.638722276928.2"	[1687952, 0, -4306, 0, 1]	638722276928	893.980438323	"4T1"	[2, 10]
"4.4.639868745221.1"	[96613137, 76818, -25612, -1, 1]	639868745221	894.38132894	"4T1"	[2, 2]
"4.4.642399477089.1"	[95475712, -62584, -31298, -1, 1]	642399477089	895.264357702	"4T1"	[2]
"4.4.643048459777.1"	[7476907, -77047, -9688, -1, 1]	643048459777	895.490381815	"4T1"	[2]
"4.4.643406172137.1"	[-488068, -81474, -3237, -1, 1]	643406172137	895.614890774	"4T1"	[4]
"4.4.643406172137.2"	[271636, -12410, -3237, -1, 1]	643406172137	895.614890774	"4T1"	[4]
"4.4.643744293961.1"	[23794532, 19862, -9969, -1, 1]	643744293961	895.732533134	"4T1"	[2]
"4.4.644047292416.1"	[19586754, 0, -17204, 0, 1]	644047292416	895.837915692	"4T1"	[2, 2, 4]
"4.4.644047292416.2"	[54407650, 0, -17204, 0, 1]	644047292416	895.837915692	"4T1"	[2, 2, 4]
"4.4.645196518721.1"	[-408321, 78309, -3240, -1, 1]	645196518721	896.237277792	"4T1"	[]
"4.4.645868753984.1"	[4183696, 0, -4322, 0, 1]	645868753984	896.47063578	"4T1"	[2]
"4.4.647424763904.1"	[11545850, 0, -11692, 0, 1]	647424763904	897.010086999	"4T1"	[4]
"4.4.647424763904.2"	[22629866, 0, -11692, 0, 1]	647424763904	897.010086999	"4T1"	[4]
"4.4.649047856861.1"	[97999911, 77367, -25795, -1, 1]	649047856861	897.571759983	"4T1"	[2]
"4.4.649181683301.1"	[45549041, -49496, -16520, -1, 1]	649181683301	897.618023732	"4T1"	[17]
"4.4.654198085241.1"	[-853756, 100374, -3255, -1, 1]	654198085241	899.347055641	"4T1"	[]
"4.4.655173633221.1"	[48596135, 112732, -37580, -1, 1]	655173633221	899.682147575	"4T1"	[2]
"4.4.656008386769.1"	[260093, 17921, -3258, -1, 1]	656008386769	899.968580923	"4T1"	[5]
"4.4.656098229053.1"	[269496949, 33293, -33295, -1, 1]	656098229053	899.999392679	"4T1"	[2]
"4.4.656688109888.1"	[704052, 0, -4346, 0, 1]	656688109888	900.201616017	"4T1"	[20]
"4.4.656688109888.2"	[3137812, 0, -4346, 0, 1]	656688109888	900.201616017	"4T1"	[4]
"4.4.657772731401.1"	[25313750, 25, -10175, -1, 1]	657772731401	900.573091404	"4T1"	[10]
"4.4.658766979737.2"	[39693392, 16, -12689, -1, 1]	658766979737	900.91321124	"4T1"	[2, 6]
"4.4.660571187200.3"	[6903450, 0, -13340, 0, 1]	660571187200	901.529425952	"4T1"	[2, 4]
"4.4.660571187200.4"	[37585450, 0, -13340, 0, 1]	660571187200	901.529425952	"4T1"	[2, 4]
"4.4.661459323097.1"	[-855814, -99655, -3267, -1, 1]	661459323097	901.832299164	"4T1"	[3]
"4.4.663343881617.1"	[12045553, -80021, -13368, -1, 1]	663343881617	902.473964825	"4T1"	[2]
"4.4.663813330757.1"	[2139723, -91980, -10272, -1, 1]	663813330757	902.633592904	"4T1"	[]
"4.4.664491644101.1"	[100333161, 78282, -26100, -1, 1]	664491644101	902.864092167	"4T1"	[2]
"4.4.664886937600.2"	[11441250, 0, -6780, 0, 1]	664886937600	902.998336412	"4T1"	[2, 2, 80]
"4.4.665338112000.1"	[89930, 0, -7820, 0, 1]	665338112000	903.151485045	"4T1"	[4, 4]
"4.4.665338112000.2"	[4406570, 0, -7820, 0, 1]	665338112000	903.151485045	"4T1"	[4, 4]
"4.4.665338112000.3"	[10881530, 0, -7820, 0, 1]	665338112000	903.151485045	"4T1"	[4, 4]
"4.4.665338112000.4"	[15198170, 0, -7820, 0, 1]	665338112000	903.151485045	"4T1"	[4, 4]
"4.4.666931865600.5"	[3853850, 0, -20020, 0, 1]	666931865600	903.691853066	"4T1"	[2, 2, 2, 4]
"4.4.666931865600.6"	[96346250, 0, -20020, 0, 1]	666931865600	903.691853066	"4T1"	[2, 2, 2, 4]
"4.4.666940371553.1"	[79691, -43139, -3276, -1, 1]	666940371553	903.694734441	"4T1"	[]
"4.4.669865510912.1"	[12402, 0, -2756, 0, 1]	669865510912	904.683989456	"4T1"	[2, 4]
"4.4.669865510912.2"	[398242, 0, -2756, 0, 1]	669865510912	904.683989456	"4T1"	[2, 4]
"4.4.669865510912.3"	[1500642, 0, -2756, 0, 1]	669865510912	904.683989456	"4T1"	[2, 4]
"4.4.669865510912.4"	[1886482, 0, -2756, 0, 1]	669865510912	904.683989456	"4T1"	[2, 4]
"4.4.670030432256.1"	[3069650, 0, -8468, 0, 1]	670030432256	904.739667769	"4T1"	[2, 4]
"4.4.670030432256.2"	[14857106, 0, -8468, 0, 1]	670030432256	904.739667769	"4T1"	[2, 4]
"4.4.670286016425.1"	[229514, 89977, -4115, -1, 1]	670286016425	904.825934025	"4T1"	[2, 12]
"4.4.670286016425.2"	[2504194, -29743, -4115, -1, 1]	670286016425	904.825934025	"4T1"	[2, 12]
"4.4.670611173777.1"	[264197, -16959, -3282, -1, 1]	670611173777	904.935647376	"4T1"	[]
"4.4.672451615081.1"	[-490924, 83777, -3285, -1, 1]	672451615081	905.555891155	"4T1"	[27]
"4.4.672477921389.1"	[49880893, 114211, -38073, -1, 1]	672477921389	905.564747362	"4T1"	[2]
"4.4.673524312064.3"	[5853850, 0, -9964, 0, 1]	673524312064	905.916811743	"4T1"	[4]
"4.4.673524312064.4"	[18966474, 0, -9964, 0, 1]	673524312064	905.916811743	"4T1"	[4]
"4.4.673932436181.1"	[6683681, 93676, -10454, -1, 1]	673932436181	906.054016335	"4T1"	[]
"4.4.674764703744.1"	[1750850, 0, -7372, 0, 1]	674764703744	906.333617955	"4T1"	[2, 4]
"4.4.674764703744.2"	[11835746, 0, -7372, 0, 1]	674764703744	906.333617955	"4T1"	[2, 4]
"4.4.674930354909.1"	[4709567, -86063, -9623, -1, 1]	674930354909	906.389237862	"4T1"	[]
"4.4.679402284973.1"	[15364537, -82219, -16465, -1, 1]	679402284973	907.886902361	"4T1"	[]
"4.4.679721852693.1"	[-121651, -98172, -8994, -1, 1]	679721852693	907.993643313	"4T1"	[4]
"4.4.679721852693.2"	[17805271, -26750, -8994, -1, 1]	679721852693	907.993643313	"4T1"	[4]
"4.4.680778057697.1"	[15425568, -69936, -11698, -1, 1]	680778057697	908.346165856	"4T1"	[2]
"4.4.682689164833.1"	[699299, 102743, -7434, -1, 1]	682689164833	908.982982198	"4T1"	[2, 8]
"4.4.682689164833.2"	[12934496, 14720, -7434, -1, 1]	682689164833	908.982982198	"4T1"	[2, 40]
"4.4.683434489121.1"	[101576512, -64552, -32282, -1, 1]	683434489121	909.230975699	"4T1"	[2]
"4.4.685620386821.1"	[28248075, 33264, -11124, -1, 1]	685620386821	909.957126697	"4T1"	[]
"4.4.685965460669.1"	[646713, -95765, -13711, -1, 1]	685965460669	910.071600816	"4T1"	[3]
"4.4.686418008701.1"	[103645827, 79563, -26527, -1, 1]	686418008701	910.221662767	"4T1"	[2]
"4.4.687881332736.9"	[3974906, 0, -20332, 0, 1]	687881332736	910.706384079	"4T1"	[2, 2, 4]
"4.4.687881332736.10"	[99372650, 0, -20332, 0, 1]	687881332736	910.706384079	"4T1"	[2, 2, 4]
"4.4.689215055353.2"	[18207324, -84287, -21085, -1, 1]	689215055353	911.147502157	"4T1"	[2, 2]
"4.4.689544983249.1"	[86942773, -44005, -22016, -1, 1]	689544983249	911.25652438	"4T1"	[2]
"4.4.691240028113.1"	[129591281, 48659, -24336, -1, 1]	691240028113	911.816023358	"4T1"	[2]
"4.4.692774392400.1"	[106113125, 0, -20705, 0, 1]	692774392400	912.321598419	"4T1"	[2, 2, 2]
"4.4.692919184049.1"	[-260527, -70239, -3318, -1, 1]	692919184049	912.369264079	"4T1"	[]
"4.4.693470971904.1"	[34850, 0, -2788, 0, 1]	693470971904	912.550845144	"4T1"	[4, 4]
"4.4.693470971904.2"	[235586, 0, -2788, 0, 1]	693470971904	912.550845144	"4T1"	[4, 4]
"4.4.693470971904.3"	[1707650, 0, -2788, 0, 1]	693470971904	912.550845144	"4T1"	[12, 12]
"4.4.693470971904.4"	[1908386, 0, -2788, 0, 1]	693470971904	912.550845144	"4T1"	[4, 4]
"4.4.693624166208.1"	[8852, 0, -4426, 0, 1]	693624166208	912.60123875	"4T1"	[3]
"4.4.697931293729.2"	[25808448, 20680, -10378, -1, 1]	697931293729	914.014673472	"4T1"	[2, 4]
"4.4.701173751104.1"	[435316, 0, -4442, 0, 1]	701173751104	915.074414015	"4T1"	[]
"4.4.702906825661.1"	[8768261, -48823, -7095, -1, 1]	702906825661	915.639332613	"4T1"	[2, 4]
"4.4.702906825661.2"	[11784809, 7039, -7095, -1, 1]	702906825661	915.639332613	"4T1"	[2, 4]
"4.4.705478862848.1"	[618282, 0, -2804, 0, 1]	705478862848	916.475799712	"4T1"	[2]
"4.4.705478862848.2"	[1347322, 0, -2804, 0, 1]	705478862848	916.475799712	"4T1"	[2]
"4.4.705495307789.2"	[106528077, 80661, -26893, -1, 1]	705495307789	916.481140502	"4T1"	[2, 2]
"4.4.706157817625.1"	[40316, 49534, -3339, -1, 1]	706157817625	916.696224877	"4T1"	[2, 12]
"4.4.707323144192.4"	[7392042, 0, -13804, 0, 1]	707323144192	917.074182183	"4T1"	[2, 4]
"4.4.707323144192.5"	[40245562, 0, -13804, 0, 1]	707323144192	917.074182183	"4T1"	[2, 4]
"4.4.707933525617.2"	[132722397, 49243, -24628, -1, 1]	707933525617	917.271964484	"4T1"	[2, 2]
"4.4.708887651472.1"	[613224612, 0, -51051, 0, 1]	708887651472	917.580874459	"4T1"	[2, 2, 2, 2, 2]
"4.4.709121719181.1"	[49761271, -51731, -17265, -1, 1]	709121719181	917.656609121	"4T1"	[5]
"4.4.709471705853.1"	[15713381, -86771, -28931, -1, 1]	709471705853	917.769815411	"4T1"	[2, 2]
"4.4.711538198528.1"	[413362, 0, -11644, 0, 1]	711538198528	918.437388387	"4T1"	[2, 4]
"4.4.711538198528.2"	[33482322, 0, -11644, 0, 1]	711538198528	918.437388387	"4T1"	[2, 4]
"4.4.711882749089.1"	[-411885, -79803, -3348, -1, 1]	711882749089	918.548552718	"4T1"	[]
"4.4.711999024125.1"	[8959441, 86239, -9639, -1, 1]	711999024125	918.586058096	"4T1"	[4]
"4.4.711999024125.2"	[22599581, 9609, -9639, -1, 1]	711999024125	918.586058096	"4T1"	[4]
"4.4.714646562816.1"	[12744650, 0, -12284, 0, 1]	714646562816	919.438800923	"4T1"	[4]
"4.4.714646562816.2"	[24979514, 0, -12284, 0, 1]	714646562816	919.438800923	"4T1"	[4]
"4.4.716354965633.1"	[134301971, 49535, -24774, -1, 1]	716354965633	919.987801558	"4T1"	[2]
"4.4.716372780077.1"	[2318373, -95553, -10669, -1, 1]	716372780077	919.99352111	"4T1"	[]
"4.4.716436867392.1"	[4733492, 0, -4474, 0, 1]	716436867392	920.014096269	"4T1"	[]
"4.4.716999802929.2"	[21939373, 39989, -10046, -1, 1]	716999802929	920.194766793	"4T1"	[2, 2]
"4.4.717255040357.1"	[294621503, 34810, -34812, -1, 1]	717255040357	920.276648544	"4T1"	[2, 2]
"4.4.718341301057.1"	[25070208, -46148, -11584, -1, 1]	718341301057	920.624883505	"4T1"	[2]
"4.4.718875193573.1"	[16261321, -84574, -16936, -1, 1]	718875193573	920.795894765	"4T1"	[]
"4.4.720382210169.3"	[107069692, -66274, -33143, -1, 1]	720382210169	921.278094304	"4T1"	[2, 4, 20]
"4.4.721427289461.1"	[50626067, -52178, -17414, -1, 1]	721427289461	921.612043872	"4T1"	[]
"4.4.721492917209.1"	[132538, 40921, -3363, -1, 1]	721492917209	921.633002761	"4T1"	[]
"4.4.723856471741.1"	[-183973, -101747, -6147, -1, 1]	723856471741	922.386876741	"4T1"	[4]
"4.4.723856471741.2"	[5949531, -53829, -6147, -1, 1]	723856471741	922.386876741	"4T1"	[4]
"4.4.726326151413.1"	[21914501, -59814, -12006, -1, 1]	726326151413	923.172630352	"4T1"	[]
"4.4.727810171177.1"	[19229898, -86615, -21667, -1, 1]	727810171177	923.643822937	"4T1"	[50]
"4.4.729243027001.1"	[-63886, 59069, -3375, -1, 1]	729243027001	924.09808716	"4T1"	[]
"4.4.729489209389.1"	[30063573, 34311, -11473, -1, 1]	729489209389	924.176067981	"4T1"	[]
"4.4.729908897792.1"	[69482, 0, -2836, 0, 1]	729908897792	924.308963136	"4T1"	[2]
"4.4.729908897792.2"	[1941242, 0, -2836, 0, 1]	729908897792	924.308963136	"4T1"	[2]
"4.4.732321954000.3"	[6334965, 0, -23205, 0, 1]	732321954000	925.07195208	"4T1"	[2, 2, 2, 2, 4]
"4.4.732321954000.4"	[57014685, 0, -23205, 0, 1]	732321954000	925.07195208	"4T1"	[2, 2, 2, 2, 4]
"4.4.734043998761.2"	[2925242, 110393, -13827, -1, 1]	734043998761	925.615296606	"4T1"	[2, 2]
"4.4.734686142297.1"	[13350586, -84215, -14067, -1, 1]	734686142297	925.817662879	"4T1"	[2]
"4.4.735446812625.1"	[31378456, 49124, -12314, -1, 1]	735446812625	926.057210327	"4T1"	[2, 2, 2, 20]
"4.4.735825189952.1"	[1300032, 0, -4514, 0, 1]	735825189952	926.176298295	"4T1"	[2, 4]
"4.4.735825189952.2"	[2925072, 0, -4514, 0, 1]	735825189952	926.176298295	"4T1"	[2, 4]
"4.4.739008455921.1"	[-982679, 109057, -3390, -1, 1]	739008455921	927.176364144	"4T1"	[17]
"4.4.739674007504.1"	[2243125, 0, -3589, 0, 1]	739674007504	927.385047616	"4T1"	[4]
"4.4.739674007504.2"	[3018349, 0, -3589, 0, 1]	739674007504	927.385047616	"4T1"	[4]
"4.4.740908854073.1"	[19576964, -87391, -21861, -1, 1]	740908854073	927.771860591	"4T1"	[2, 2]
"4.4.740971944649.1"	[-876940, -103498, -3393, -1, 1]	740971944649	927.791610588	"4T1"	[7]
"4.4.741014573597.1"	[16413617, -88679, -29567, -1, 1]	741014573597	927.804954523	"4T1"	[2, 2]
"4.4.741860241637.1"	[304729903, 35402, -35404, -1, 1]	741860241637	928.069551019	"4T1"	[2]
"4.4.745809648853.1"	[16873307, -86144, -17250, -1, 1]	745809648853	929.302273057	"4T1"	[]
"4.4.747368916929.1"	[111081952, -67504, -33758, -1, 1]	747368916929	929.787616969	"4T1"	[2, 2]
"4.4.747624390976.1"	[2042100, 0, -4538, 0, 1]	747624390976	929.8670644	"4T1"	[]
"4.4.747816322837.1"	[15260867, 68188, -9798, -1, 1]	747816322837	929.926738061	"4T1"	[20]
"4.4.747816322837.2"	[22972373, -9706, -9798, -1, 1]	747816322837	929.926738061	"4T1"	[3, 12]
"4.4.749897680896.1"	[22805874, 0, -18564, 0, 1]	749897680896	930.573117926	"4T1"	[2, 2, 2, 4]
"4.4.749897680896.2"	[63349650, 0, -18564, 0, 1]	749897680896	930.573117926	"4T1"	[2, 2, 2, 4]
"4.4.750841571969.1"	[-986192, 109636, -3408, -1, 1]	750841571969	930.865806313	"4T1"	[4]
"4.4.750841571969.2"	[240823, -26699, -3408, -1, 1]	750841571969	930.865806313	"4T1"	[4]
"4.4.751585306688.2"	[145472, 0, -4546, 0, 1]	751585306688	931.096234485	"4T1"	[2, 2]
"4.4.752189458432.3"	[436978, 0, -11972, 0, 1]	752189458432	931.283290406	"4T1"	[2, 2, 2, 8]
"4.4.752189458432.4"	[35395218, 0, -11972, 0, 1]	752189458432	931.283290406	"4T1"	[2, 2, 2, 40]
"4.4.752288936256.1"	[24066900, 0, -14586, 0, 1]	752288936256	931.314079671	"4T1"	[2, 2, 2, 4]
"4.4.752288936256.2"	[47171124, 0, -14586, 0, 1]	752288936256	931.314079671	"4T1"	[2, 2, 2, 4]
"4.4.755473664000.1"	[35090, 0, -6380, 0, 1]	755473664000	932.29817125	"4T1"	[4, 20]
"4.4.755473664000.2"	[4245890, 0, -6380, 0, 1]	755473664000	932.29817125	"4T1"	[4, 4]
"4.4.755473664000.3"	[5930210, 0, -6380, 0, 1]	755473664000	932.29817125	"4T1"	[4, 4]
"4.4.755473664000.4"	[10141010, 0, -6380, 0, 1]	755473664000	932.29817125	"4T1"	[4, 4]
"4.4.755844256753.2"	[17138304, -73692, -12324, -1, 1]	755844256753	932.412483444	"4T1"	[2, 2]
"4.4.756011868553.1"	[641412, -101654, -10225, -1, 1]	756011868553	932.464170792	"4T1"	[2]
"4.4.757789653881.1"	[3933580, -64208, -5565, -1, 1]	757789653881	933.011867652	"4T1"	[2, 4]
"4.4.757789653881.2"	[6420272, 21540, -5565, -1, 1]	757789653881	933.011867652	"4T1"	[2, 4]
"4.4.758101808561.1"	[95592505, -46141, -23084, -1, 1]	758101808561	933.107936212	"4T1"	[2, 2]
"4.4.758979126509.1"	[53265155, -53519, -17861, -1, 1]	758979126509	933.37778035	"4T1"	[]
"4.4.759462631357.1"	[17183539, -86929, -17407, -1, 1]	759462631357	933.526396068	"4T1"	[]
"4.4.759549058624.1"	[583936, 0, -4562, 0, 1]	759549058624	933.552953889	"4T1"	[2]
"4.4.759911417569.1"	[3032487, 112321, -14068, -1, 1]	759911417569	933.664276771	"4T1"	[26]
"4.4.760775919937.1"	[20103383, -88555, -22152, -1, 1]	760775919937	933.929706019	"4T1"	[2]
"4.4.762424277213.1"	[16888921, -89951, -29991, -1, 1]	762424277213	934.435176998	"4T1"	[2]
"4.4.762800334353.1"	[-414056, 82804, -3426, -1, 1]	762800334353	934.550380583	"4T1"	[]
"4.4.763305381917.1"	[-119519, -104035, -9527, -1, 1]	763305381917	934.705032865	"4T1"	[4]
"4.4.763305381917.2"	[20012957, -28349, -9527, -1, 1]	763305381917	934.705032865	"4T1"	[4]
"4.4.763757774848.2"	[847458, 0, -8188, 0, 1]	763757774848	934.843496451	"4T1"	[2, 4]
"4.4.763757774848.3"	[15913378, 0, -8188, 0, 1]	763757774848	934.843496451	"4T1"	[2, 4]
"4.4.763848372433.1"	[8904941, -83975, -10554, -1, 1]	763848372433	934.871218197	"4T1"	[2]
"4.4.765635250176.1"	[3507650, 0, -9052, 0, 1]	765635250176	935.417477506	"4T1"	[2, 4]
"4.4.765635250176.2"	[16977026, 0, -9052, 0, 1]	765635250176	935.417477506	"4T1"	[2, 4]
"4.4.766101149081.2"	[29504200, 25, -10977, -1, 1]	766101149081	935.559748439	"4T1"	[2, 10]
"4.4.766544117549.1"	[-495325, 109575, -4689, -1, 1]	766544117549	935.694956969	"4T1"	[2, 4]
"4.4.766544117549.2"	[4126523, 4533, -4689, -1, 1]	766544117549	935.694956969	"4T1"	[2, 4]
"4.4.767474551049.1"	[114071180, -68406, -34209, -1, 1]	767474551049	935.97876514	"4T1"	[2]
"4.4.768827040281.1"	[-682244, -95618, -3435, -1, 1]	768827040281	936.390852254	"4T1"	[5]
"4.4.770842973809.1"	[-992007, 110601, -3438, -1, 1]	770842973809	937.004074834	"4T1"	[2]
"4.4.770842973809.2"	[-781120, 101432, -3438, -1, 1]	770842973809	937.004074834	"4T1"	[2]
"4.4.770974786669.1"	[116421057, 84321, -28113, -1, 1]	770974786669	937.044128798	"4T1"	[2, 34]
"4.4.771599856448.1"	[4044852, 0, -4586, 0, 1]	771599856448	937.233998812	"4T1"	[]
"4.4.774704292944.1"	[57573149, 0, -40861, 0, 1]	774704292944	938.17529105	"4T1"	[10]
"4.4.775644932672.2"	[4446992, 0, -4594, 0, 1]	775644932672	938.4599427	"4T1"	[2, 10]
"4.4.776911912057.1"	[-683478, 97101, -3447, -1, 1]	776911912057	938.842940681	"4T1"	[2]
"4.4.776911912057.2"	[217436, 32750, -3447, -1, 1]	776911912057	938.842940681	"4T1"	[10]
"4.4.777157992000.1"	[159120, 0, -6630, 0, 1]	777157992000	938.917274392	"4T1"	[2, 4, 4, 4]
"4.4.777157992000.2"	[1432080, 0, -6630, 0, 1]	777157992000	938.917274392	"4T1"	[2, 2, 4, 4]
"4.4.777157992000.3"	[5728320, 0, -6630, 0, 1]	777157992000	938.917274392	"4T1"	[2, 2, 4, 4]
"4.4.777157992000.4"	[10183680, 0, -6630, 0, 1]	777157992000	938.917274392	"4T1"	[2, 2, 4, 4]
"4.4.780975516329.1"	[-57880, -59283, -3453, -1, 1]	780975516329	940.068184458	"4T1"	[]
"4.4.781407881237.1"	[17310377, -91064, -30362, -1, 1]	781407881237	940.198267966	"4T1"	[2, 4]
"4.4.781424764928.3"	[205082, 0, -10004, 0, 1]	781424764928	940.203346584	"4T1"	[2, 2, 4]
"4.4.781424764928.4"	[24814922, 0, -10004, 0, 1]	781424764928	940.203346584	"4T1"	[2, 2, 4]
"4.4.783012621313.1"	[331776, 576, -3456, -1, 1]	783012621313	940.680606745	"4T1"	[18]
"4.4.783777448000.1"	[5310720, 0, -4610, 0, 1]	783777448000	940.910230838	"4T1"	[6, 96]
"4.4.784542956381.1"	[55061797, -54413, -18159, -1, 1]	784542956381	941.139891379	"4T1"	[]
"4.4.785925537125.1"	[9906161, 90604, -10124, -1, 1]	785925537125	941.554254563	"4T1"	[4]
"4.4.785925537125.2"	[24961531, 10094, -10124, -1, 1]	785925537125	941.554254563	"4T1"	[4]
"4.4.787864936256.1"	[230900, 0, -4618, 0, 1]	787864936256	942.134577401	"4T1"	[]
"4.4.789052016177.3"	[682517089, 1, -53862, -1, 1]	789052016177	942.48925675	"4T1"	[6, 6]
"4.4.789145184521.1"	[331196, -4043, -3465, -1, 1]	789145184521	942.517076929	"4T1"	[]
"4.4.789572044800.5"	[771066450, 0, -78540, 0, 1]	789572044800	942.644506434	"4T1"	[2, 2, 2, 2, 2]
"4.4.791627252749.1"	[13413407, -75859, -10893, -1, 1]	791627252749	943.25732015	"4T1"	[]
"4.4.793251297593.1"	[-186044, 70006, -3471, -1, 1]	793251297593	943.740727926	"4T1"	[]
"4.4.794695209093.1"	[-522897, -103254, -3896, -1, 1]	794695209093	944.169894864	"4T1"	[2, 4]
"4.4.794695209093.2"	[1240491, 57054, -3896, -1, 1]	794695209093	944.169894864	"4T1"	[2, 4]
"4.4.795309684625.1"	[-591259, -92071, -3474, -1, 1]	795309684625	944.352355115	"4T1"	[2, 4]
"4.4.795309684625.2"	[325976, 9844, -3474, -1, 1]	795309684625	944.352355115	"4T1"	[2, 4]
"4.4.795321391889.1"	[118211360, -69636, -34824, -1, 1]	795321391889	944.355830403	"4T1"	[2]
"4.4.797483652869.1"	[55971293, -54860, -18308, -1, 1]	797483652869	944.997038245	"4T1"	[]
"4.4.798806307581.1"	[59260595, 124477, -41495, -1, 1]	798806307581	945.388622496	"4T1"	[10]
"4.4.799437135041.1"	[-1000064, 111952, -3480, -1, 1]	799437135041	945.575213591	"4T1"	[3]
"4.4.803727496000.1"	[6952660, 0, -24310, 0, 1]	803727496000	946.841329383	"4T1"	[2, 2, 4]
"4.4.803727496000.2"	[62573940, 0, -24310, 0, 1]	803727496000	946.841329383	"4T1"	[2, 2, 4]
"4.4.806569650176.1"	[916250, 0, -2932, 0, 1]	806569650176	947.677280566	"4T1"	[2]
"4.4.806569650176.2"	[1232906, 0, -2932, 0, 1]	806569650176	947.677280566	"4T1"	[2]
"4.4.808515666496.1"	[3726400, 0, -4658, 0, 1]	808515666496	948.248381039	"4T1"	[2, 2, 4]
"4.4.808515666496.2"	[5366016, 0, -4658, 0, 1]	808515666496	948.248381039	"4T1"	[2, 2, 4]
"4.4.810437324125.1"	[-441009, -108741, -5419, -1, 1]	810437324125	948.811322162	"4T1"	[2, 4, 4]
"4.4.810437324125.2"	[3540111, -67271, -5419, -1, 1]	810437324125	948.811322162	"4T1"	[2, 4, 4]
"4.4.810437324125.3"	[4535391, 57139, -5419, -1, 1]	810437324125	948.811322162	"4T1"	[2, 4, 4]
"4.4.810437324125.4"	[5696551, -25801, -5419, -1, 1]	810437324125	948.811322162	"4T1"	[2, 4, 4]
"4.4.811136410421.1"	[60176125, 125434, -41814, -1, 1]	811136410421	949.015868065	"4T1"	[2]
"4.4.811651253801.1"	[102348940, -47743, -23885, -1, 1]	811651253801	949.166421745	"4T1"	[2, 2]
"4.4.812688642368.1"	[1129172, 0, -4666, 0, 1]	812688642368	949.469563889	"4T1"	[]
"4.4.812873414449.2"	[30081680, 22316, -11196, -1, 1]	812873414449	949.523526902	"4T1"	[2, 2]
"4.4.813995635753.1"	[319464, 14589, -3501, -1, 1]	813995635753	949.851076154	"4T1"	[]
"4.4.816454014433.2"	[49106099, 65053, -16284, -1, 1]	816454014433	950.567435545	"4T1"	[2, 2]
"4.4.819324136397.1"	[1423919, -99719, -6797, -1, 1]	819324136397	951.401730942	"4T1"	[4]
"4.4.819324136397.2"	[10578103, 6725, -6797, -1, 1]	819324136397	951.401730942	"4T1"	[20]
"4.4.821077620544.1"	[4953556, 0, -4682, 0, 1]	821077620544	951.910360727	"4T1"	[]
"4.4.821307675229.1"	[33864183, 36405, -12171, -1, 1]	821307675229	951.977031778	"4T1"	[]
"4.4.821338205389.1"	[4160783, 95671, -7473, -1, 1]	821338205389	951.985878526	"4T1"	[4]
"4.4.821338205389.2"	[12398103, -22005, -7473, -1, 1]	821338205389	951.985878526	"4T1"	[4]
"4.4.821703501824.1"	[14653850, 0, -13172, 0, 1]	821703501824	952.091711622	"4T1"	[2, 2]
"4.4.821703501824.2"	[28721546, 0, -13172, 0, 1]	821703501824	952.091711622	"4T1"	[2, 2]
"4.4.821954216473.1"	[21724544, -92047, -23025, -1, 1]	821954216473	952.164327849	"4T1"	[2, 2]
"4.4.823360455569.1"	[31719725, 25, -11378, -1, 1]	823360455569	952.571319045	"4T1"	[10]
"4.4.823682608949.1"	[57812635, -55754, -18606, -1, 1]	823682608949	952.664482693	"4T1"	[]
"4.4.823799279609.1"	[103881698, -48099, -24063, -1, 1]	823799279609	952.698215981	"4T1"	[2]
"4.4.824502065633.1"	[-594304, 94356, -3516, -1, 1]	824502065633	952.90133855	"4T1"	[5]
"4.4.825461728573.1"	[16862131, 71639, -10291, -1, 1]	825461728573	953.178495293	"4T1"	[4]
"4.4.825461728573.2"	[25373283, -10199, -10291, -1, 1]	825461728573	953.178495293	"4T1"	[4]
"4.4.825591571313.1"	[6384136, -96700, -12134, -1, 1]	825591571313	953.215976137	"4T1"	[2]
"4.4.825824349433.1"	[154835046, 53185, -26599, -1, 1]	825824349433	953.283159589	"4T1"	[2]
"4.4.828145100137.1"	[9665722, -87439, -10987, -1, 1]	828145100137	953.952189555	"4T1"	[2]
"4.4.829585092517.1"	[18777089, -90854, -18192, -1, 1]	829585092517	954.366606387	"4T1"	[]
"4.4.837016342093.1"	[30190671, -35505, -11889, -1, 1]	837016342093	956.496718332	"4T1"	[]
"4.4.838028370752.1"	[1593332, 0, -4714, 0, 1]	838028370752	956.785710151	"4T1"	[]
"4.4.838276469017.1"	[904686, 113845, -8227, -1, 1]	838276469017	956.856516383	"4T1"	[2, 8]
"4.4.838276469017.2"	[15925692, 16306, -8227, -1, 1]	838276469017	956.856516383	"4T1"	[2, 8]
"4.4.839020734032.1"	[19335797, 0, -8801, 0, 1]	839020734032	957.068832329	"4T1"	[2, 26]
"4.4.839362385737.1"	[-900004, -107890, -3537, -1, 1]	839362385737	957.166247764	"4T1"	[]
"4.4.842480958109.1"	[1052433, 95013, -4839, -1, 1]	842480958109	958.054077125	"4T1"	[4]
"4.4.842480958109.2"	[4232225, 22745, -4839, -1, 1]	842480958109	958.054077125	"4T1"	[20]
"4.4.842855129749.2"	[127281375, 88164, -29394, -1, 1]	842855129749	958.160434715	"4T1"	[2, 2]
"4.4.843981094477.1"	[19104277, -91639, -18349, -1, 1]	843981094477	958.480274618	"4T1"	[3, 3]
"4.4.844806258425.1"	[493424, 97192, -4445, -1, 1]	844806258425	958.714466344	"4T1"	[2, 2]
"4.4.844806258425.2"	[2627204, 48697, -4445, -1, 1]	844806258425	958.714466344	"4T1"	[2, 2]
"4.4.846085880557.1"	[347548523, 37807, -37809, -1, 1]	846085880557	959.07729984	"4T1"	[2]
"4.4.846238702400.5"	[27072500, 0, -15470, 0, 1]	846238702400	959.120604556	"4T1"	[2, 2, 2, 4]
"4.4.846238702400.6"	[53062100, 0, -15470, 0, 1]	846238702400	959.120604556	"4T1"	[2, 2, 2, 4]
"4.4.847016495325.1"	[313213839, -63813, -63815, -1, 1]	847016495325	959.340914805	"4T1"	[2, 2, 2, 2, 2]
"4.4.849693389353.1"	[29676324, -50192, -12595, -1, 1]	849693389353	960.097988625	"4T1"	[2]
"4.4.850085506817.1"	[-1013648, -113084, -3552, -1, 1]	850085506817	960.208736237	"4T1"	[]
"4.4.851691850241.1"	[26089031, 43581, -10944, -1, 1]	851691850241	960.662023936	"4T1"	[2]
"4.4.853273012817.1"	[66650048, 86904, -21738, -1, 1]	853273012817	961.107580185	"4T1"	[2]
"4.4.854306759989.1"	[14486115, -78806, -11314, -1, 1]	854306759989	961.398545435	"4T1"	[]
"4.4.856563006473.1"	[-181964, -70634, -3561, -1, 1]	856563006473	962.032687407	"4T1"	[]
"4.4.856909793269.1"	[129404907, 88896, -29638, -1, 1]	856909793269	962.1300444	"4T1"	[2]
"4.4.859256612864.3"	[4965194, 0, -22724, 0, 1]	859256612864	962.788115535	"4T1"	[2, 2, 4]
"4.4.859256612864.4"	[124129850, 0, -22724, 0, 1]	859256612864	962.788115535	"4T1"	[2, 2, 4]
"4.4.859520755712.1"	[225578, 0, -10492, 0, 1]	859520755712	962.862099336	"4T1"	[4]
"4.4.859520755712.2"	[27294938, 0, -10492, 0, 1]	859520755712	962.862099336	"4T1"	[4]
"4.4.859542824512.2"	[4601872, 0, -4754, 0, 1]	859542824512	962.868279817	"4T1"	[2, 2]
"4.4.862541082173.1"	[19111741, -95675, -31899, -1, 1]	862541082173	963.706853086	"4T1"	[2, 2]
"4.4.863073327761.1"	[-798016, -104136, -3570, -1, 1]	863073327761	963.855486607	"4T1"	[]
"4.4.863889429824.1"	[2752436, 0, -4762, 0, 1]	863889429824	964.08325569	"4T1"	[]
"4.4.866275355909.1"	[-255917, 120650, -9356, -1, 1]	866275355909	964.748228779	"4T1"	[4]
"4.4.866275355909.2"	[3084073, -102016, -9356, -1, 1]	866275355909	964.748228779	"4T1"	[4]
"4.4.867208672541.1"	[64339655, 129697, -43235, -1, 1]	867208672541	965.007976445	"4T1"	[2]
"4.4.867613722624.1"	[3974850, 0, -9636, 0, 1]	867613722624	965.120639098	"4T1"	[2, 2, 4]
"4.4.871162846997.1"	[19303177, -96152, -32058, -1, 1]	871162846997	966.106126973	"4T1"	[2]
"4.4.871804955377.1"	[-1019223, -114039, -3582, -1, 1]	871804955377	966.284099855	"4T1"	[20]
"4.4.871804955377.2"	[203561, -37615, -3582, -1, 1]	871804955377	966.284099855	"4T1"	[20]
"4.4.872626551616.1"	[4214196, 0, -4778, 0, 1]	872626551616	966.511677986	"4T1"	[]
"4.4.873628535401.1"	[32340996, 23134, -11605, -1, 1]	873628535401	966.789005187	"4T1"	[2]
"4.4.876455690017.2"	[164332127, 54791, -27402, -1, 1]	876455690017	967.570215739	"4T1"	[2, 2]
"4.4.877017117248.1"	[2450432, 0, -4786, 0, 1]	877017117248	967.725126545	"4T1"	[2]
"4.4.877899225881.2"	[130488892, -73162, -36587, -1, 1]	877899225881	967.96837063	"4T1"	[2, 2]
"4.4.878392183033.1"	[-908356, 110734, -3591, -1, 1]	878392183033	968.1042252	"4T1"	[2]
"4.4.878392183033.2"	[298346, 24541, -3591, -1, 1]	878392183033	968.1042252	"4T1"	[2]
"4.4.880918448128.1"	[511762, 0, -12956, 0, 1]	880918448128	968.799545209	"4T1"	[2, 4]
"4.4.880918448128.2"	[41452722, 0, -12956, 0, 1]	880918448128	968.799545209	"4T1"	[2, 4]
"4.4.881222448373.1"	[361983629, 38584, -38586, -1, 1]	881222448373	968.88311628	"4T1"	[2]
"4.4.881485641361.1"	[14898432, 85648, -10762, -1, 1]	881485641361	968.955451786	"4T1"	[2, 2, 4]
"4.4.881485641361.2"	[23503041, -42779, -10762, -1, 1]	881485641361	968.955451786	"4T1"	[2, 2, 2]
"4.4.882802050857.1"	[-698228, 101326, -3597, -1, 1]	882802050857	969.317008568	"4T1"	[2]
"4.4.882802050857.2"	[69212, 53361, -3597, -1, 1]	882802050857	969.317008568	"4T1"	[2]
"4.4.883542059008.3"	[9233658, 0, -15428, 0, 1]	883542059008	969.520077058	"4T1"	[2, 4, 4]
"4.4.883542059008.4"	[50272138, 0, -15428, 0, 1]	883542059008	969.520077058	"4T1"	[2, 2, 4]
"4.4.885012508801.1"	[-1022544, 115812, -3600, -1, 1]	885012508801	969.92321059	"4T1"	[5]
"4.4.885892949129.1"	[111716368, -49879, -24953, -1, 1]	885892949129	970.164348739	"4T1"	[2]
"4.4.886300310317.3"	[364069763, 38695, -38697, -1, 1]	886300310317	970.275857464	"4T1"	[2]
"4.4.887765956241.1"	[131955872, -73572, -36792, -1, 1]	887765956241	970.676737341	"4T1"	[2, 2]
"4.4.887912119813.1"	[20102797, -93994, -18820, -1, 1]	887912119813	970.716688416	"4T1"	[]
"4.4.887996172757.1"	[364766473, 38732, -38734, -1, 1]	887996172757	970.739660481	"4T1"	[2, 2]
"4.4.888418494464.1"	[437546, 0, -3028, 0, 1]	888418494464	970.855058314	"4T1"	[2]
"4.4.888418494464.2"	[1854650, 0, -3028, 0, 1]	888418494464	970.855058314	"4T1"	[2]
"4.4.889203648301.1"	[451611, 116299, -6985, -1, 1]	889203648301	971.069489374	"4T1"	[4]
"4.4.889203648301.2"	[8327547, 61605, -6985, -1, 1]	889203648301	971.069489374	"4T1"	[4]
"4.4.890277128000.1"	[9620, 0, -4810, 0, 1]	890277128000	971.362434584	"4T1"	[4, 4]
"4.4.890525656873.2"	[166971296, 55229, -27621, -1, 1]	890525656873	971.43021863	"4T1"	[2, 4, 20]
"4.4.890572102837.1"	[32131017, -36624, -12262, -1, 1]	890572102837	971.442884781	"4T1"	[]
"4.4.892704627433.2"	[23599554, -95927, -23995, -1, 1]	892704627433	972.023906856	"4T1"	[2]
"4.4.895240542913.3"	[167855691, 55375, -27694, -1, 1]	895240542913	972.713482358	"4T1"	[2, 4, 4]
"4.4.895356310109.1"	[66429743, 131785, -43931, -1, 1]	895356310109	972.744927217	"4T1"	[10]
"4.4.898032530137.1"	[787652, -110794, -11139, -1, 1]	898032530137	973.47099754	"4T1"	[2]
"4.4.898352786449.1"	[-109192, -66940, -3618, -1, 1]	898352786449	973.55777573	"4T1"	[]
"4.4.899537127424.1"	[27356706, 0, -20332, 0, 1]	899537127424	973.878489036	"4T1"	[2, 2, 212]
"4.4.899537127424.2"	[75990850, 0, -20332, 0, 1]	899537127424	973.878489036	"4T1"	[2, 2, 4]
"4.4.902576293888.1"	[1522, 0, -3044, 0, 1]	902576293888	974.700032743	"4T1"	[2, 2, 12]
"4.4.902576293888.2"	[2314962, 0, -3044, 0, 1]	902576293888	974.700032743	"4T1"	[2, 2, 60]
"4.4.903670125632.1"	[38672, 0, -4834, 0, 1]	903670125632	974.995208247	"4T1"	[2]
"4.4.909571549769.1"	[170428, 44206, -3633, -1, 1]	909571549769	976.583128073	"4T1"	[]
"4.4.911826451873.1"	[-602464, -96364, -3636, -1, 1]	911826451873	977.187823524	"4T1"	[3, 3]
"4.4.914588257113.1"	[24366852, 36, -10025, -1, 1]	914588257113	977.926928668	"4T1"	[2, 70]
"4.4.914914819757.1"	[20274667, -98537, -32853, -1, 1]	914914819757	978.014211565	"4T1"	[2, 10]
"4.4.917818652917.1"	[20782607, -95564, -19134, -1, 1]	917818652917	978.789315462	"4T1"	[]
"4.4.918613512361.1"	[-508264, 92957, -3645, -1, 1]	918613512361	979.001162157	"4T1"	[]
"4.4.919001701273.1"	[172312706, 56105, -28059, -1, 1]	919001701273	979.104572673	"4T1"	[2, 2]
"4.4.922319507225.2"	[2706464, -49727, -4577, -1, 1]	922319507225	979.987076564	"4T1"	[2, 2]
"4.4.923382778649.2"	[28298560, 45377, -11393, -1, 1]	923382778649	980.269392531	"4T1"	[2, 10]
"4.4.923791278577.2"	[173211117, 56251, -28132, -1, 1]	923791278577	980.37779112	"4T1"	[2, 2]
"4.4.924522264529.2"	[3716445, 123889, -15514, -1, 1]	924522264529	980.571674159	"4T1"	[4, 4]
"4.4.926289116992.1"	[87732, 0, -4874, 0, 1]	926289116992	981.039830874	"4T1"	[]
"4.4.926650942544.1"	[2418125, 0, -3869, 0, 1]	926650942544	981.13561989	"4T1"	[4]
"4.4.926650942544.2"	[3718109, 0, -3869, 0, 1]	926650942544	981.13561989	"4T1"	[4]
"4.4.927910527808.1"	[19327572, 0, -10846, 0, 1]	927910527808	981.468861479	"4T1"	[2, 4]
"4.4.927910527808.2"	[28872052, 0, -10846, 0, 1]	927910527808	981.468861479	"4T1"	[2, 4]
"4.4.930857735744.1"	[3905600, 0, -4882, 0, 1]	930857735744	982.24726463	"4T1"	[2]
"4.4.931341535232.1"	[259922, 0, -3076, 0, 1]	931341535232	982.374866871	"4T1"	[4]
"4.4.931341535232.2"	[2105522, 0, -3076, 0, 1]	931341535232	982.374866871	"4T1"	[4]
"4.4.932288503609.1"	[77198, -53119, -3663, -1, 1]	932288503609	982.624486211	"4T1"	[]
"4.4.932957674333.1"	[21126751, -96349, -19291, -1, 1]	932957674333	982.800763893	"4T1"	[]
"4.4.935556893921.1"	[1271296, -103376, -5970, -1, 1]	935556893921	983.484570502	"4T1"	[2, 4]
"4.4.935556893921.2"	[6859567, -34385, -5970, -1, 1]	935556893921	983.484570502	"4T1"	[2, 4]
"4.4.937872936000.4"	[55495440, 0, -30030, 0, 1]	937872936000	984.092678931	"4T1"	[2, 2, 2, 2, 4]
"4.4.937872936000.5"	[221981760, 0, -30030, 0, 1]	937872936000	984.092678931	"4T1"	[2, 2, 2, 4, 4]
"4.4.939625762597.1"	[385977463, 39842, -39844, -1, 1]	939625762597	984.552159139	"4T1"	[2, 4]
"4.4.943385088697.1"	[32962748, -52888, -13269, -1, 1]	943385088697	985.535452863	"4T1"	[10]
"4.4.943787462129.1"	[-1036727, -117095, -3678, -1, 1]	943787462129	985.640523919	"4T1"	[4]
"4.4.944583028317.1"	[469839, -88149, -4127, -1, 1]	944583028317	985.848169855	"4T1"	[2, 4]
"4.4.944583028317.2"	[1941543, -31545, -4127, -1, 1]	944583028317	985.848169855	"4T1"	[2, 4]
"4.4.945008706317.1"	[-112057, -115761, -10593, -1, 1]	945008706317	985.959219642	"4T1"	[4]
"4.4.945008706317.2"	[24815287, -31547, -10593, -1, 1]	945008706317	985.959219642	"4T1"	[4]
"4.4.945950550016.1"	[38650, 0, -3092, 0, 1]	945950550016	986.204792145	"4T1"	[6]
"4.4.945950550016.2"	[2351466, 0, -3092, 0, 1]	945950550016	986.204792145	"4T1"	[6]
"4.4.946098541513.1"	[-1157524, 123326, -3681, -1, 1]	946098541513	986.243362175	"4T1"	[17]
"4.4.947823195137.1"	[1341824, 125376, -12582, -1, 1]	947823195137	986.692513771	"4T1"	[2, 2, 20]
"4.4.947823195137.2"	[26362183, 75235, -12582, -1, 1]	947823195137	986.692513771	"4T1"	[2, 2, 4]
"4.4.949415343101.1"	[9476701, 111181, -12399, -1, 1]	949415343101	987.106613118	"4T1"	[]
"4.4.950126737333.1"	[390291589, 40064, -40066, -1, 1]	950126737333	987.291470232	"4T1"	[10]
"4.4.950170337849.1"	[141234172, -76114, -38063, -1, 1]	950170337849	987.302796531	"4T1"	[2]
"4.4.950732012537.2"	[178492, -43634, -3687, -1, 1]	950732012537	987.448670403	"4T1"	[3]
"4.4.951097829029.1"	[143636085, 93654, -31224, -1, 1]	951097829029	987.543642722	"4T1"	[2]
"4.4.951152324257.1"	[7454739, -92309, -9322, -1, 1]	951152324257	987.557788286	"4T1"	[2, 12]
"4.4.951152324257.2"	[17207163, 55455, -9322, -1, 1]	951152324257	987.557788286	"4T1"	[2, 12]
"4.4.953054410321.1"	[289656, -28908, -3690, -1, 1]	953054410321	988.051140625	"4T1"	[8]
"4.4.957710545793.1"	[-813241, -107811, -3696, -1, 1]	957710545793	989.255713908	"4T1"	[]
"4.4.958585256000.1"	[157760, 0, -4930, 0, 1]	958585256000	989.481516961	"4T1"	[2, 4, 4, 4]
"4.4.958585256000.2"	[631040, 0, -4930, 0, 1]	958585256000	989.481516961	"4T1"	[2, 2, 4, 4]
"4.4.958585256000.3"	[1932560, 0, -4930, 0, 1]	958585256000	989.481516961	"4T1"	[2, 2, 2, 4]
"4.4.958585256000.4"	[4772240, 0, -4930, 0, 1]	958585256000	989.481516961	"4T1"	[2, 2, 2, 4]
"4.4.960583592000.1"	[41304320, 0, -14030, 0, 1]	960583592000	989.996800455	"4T1"	[2, 2, 2, 20]
"4.4.962281636861.1"	[145325907, 94203, -31407, -1, 1]	962281636861	990.434020541	"4T1"	[2]
"4.4.963607226893.1"	[21823517, -97919, -19605, -1, 1]	963607226893	990.774937309	"4T1"	[5]
"4.4.964532098297.1"	[11280812, -94367, -11853, -1, 1]	964532098297	991.012588541	"4T1"	[2]
"4.4.964723144841.1"	[-925456, 114249, -3705, -1, 1]	964723144841	991.061657792	"4T1"	[2, 20]
"4.4.964723144841.2"	[-174500, 74725, -3705, -1, 1]	964723144841	991.061657792	"4T1"	[2, 4]
"4.4.965539026949.1"	[-532825, -118000, -5064, -1, 1]	965539026949	991.271130625	"4T1"	[2, 4]
"4.4.965539026949.2"	[601595, 108884, -5064, -1, 1]	965539026949	991.271130625	"4T1"	[2, 4]
"4.4.967457658793.1"	[181401936, 57565, -28789, -1, 1]	967457658793	991.763205188	"4T1"	[2]
"4.4.967948660288.1"	[5697792, 0, -4946, 0, 1]	967948660288	991.889015491	"4T1"	[10]
"4.4.969237425749.1"	[39989133, 39546, -13218, -1, 1]	969237425749	992.219010925	"4T1"	[5]
"4.4.972383782912.1"	[564898, 0, -13612, 0, 1]	972383782912	993.023272639	"4T1"	[2, 4, 4]
"4.4.972383782912.2"	[45756738, 0, -13612, 0, 1]	972383782912	993.023272639	"4T1"	[2, 2, 8]
"4.4.972653141312.1"	[5241332, 0, -4954, 0, 1]	972653141312	993.092034424	"4T1"	[]
"4.4.973624172593.1"	[866256, -115364, -11596, -1, 1]	973624172593	993.339800709	"4T1"	[2]
"4.4.973846941029.1"	[72258163, 137440, -45816, -1, 1]	973846941029	993.396615694	"4T1"	[10]
"4.4.976064669696.1"	[17406650, 0, -14356, 0, 1]	976064669696	993.961695574	"4T1"	[2, 2]
"4.4.976064669696.2"	[34117034, 0, -14356, 0, 1]	976064669696	993.961695574	"4T1"	[2, 2]
"4.4.976554876377.1"	[7574452, -105172, -13193, -1, 1]	976554876377	994.086470843	"4T1"	[2]
"4.4.978850872089.1"	[-709652, -103634, -3723, -1, 1]	978850872089	994.670260026	"4T1"	[]
"4.4.980196384253.1"	[402645149, 40693, -40695, -1, 1]	980196384253	995.01189828	"4T1"	[2, 2]
"4.4.981460251337.2"	[25951998, -100583, -25159, -1, 1]	981460251337	995.332485868	"4T1"	[2, 2]
"4.4.985901336033.2"	[59459776, 16, -15516, -1, 1]	985901336033	996.456544344	"4T1"	[2, 6]
"4.4.985966166177.1"	[-419309, -88955, -3732, -1, 1]	985966166177	996.472924996	"4T1"	[8]
"4.4.985966166177.2"	[28576, 60340, -3732, -1, 1]	985966166177	996.472924996	"4T1"	[8]
"4.4.987635091456.1"	[169650, 0, -4524, 0, 1]	987635091456	996.894335063	"4T1"	[4, 4]
"4.4.987635091456.2"	[1526850, 0, -4524, 0, 1]	987635091456	996.894335063	"4T1"	[4, 4]
"4.4.987635091456.3"	[3589794, 0, -4524, 0, 1]	987635091456	996.894335063	"4T1"	[4, 4]
"4.4.987635091456.4"	[4946994, 0, -4524, 0, 1]	987635091456	996.894335063	"4T1"	[4, 4]
"4.4.988782626816.1"	[2565650, 0, -8924, 0, 1]	988782626816	997.183782402	"4T1"	[2, 20]
"4.4.988782626816.2"	[17343794, 0, -8924, 0, 1]	988782626816	997.183782402	"4T1"	[2, 20]
"4.4.991064379968.1"	[1743248, 0, -12818, 0, 1]	991064379968	997.758570236	"4T1"	[2, 2, 2, 2]
"4.4.991064379968.2"	[27891968, 0, -12818, 0, 1]	991064379968	997.758570236	"4T1"	[2, 2, 2, 2]
"4.4.992255563117.3"	[20304257, 78541, -11277, -1, 1]	992255563117	998.058242463	"4T1"	[2, 2, 4]
"4.4.992255563117.4"	[30533021, -11185, -11277, -1, 1]	992255563117	998.058242463	"4T1"	[2, 2, 4]
"4.4.996629479649.1"	[125688923, -52905, -26466, -1, 1]	996629479649	999.156302775	"4T1"	[2, 2]
"4.4.1000300030001.1"	[-249439, -79383, -3750, -1, 1]	1000300030001	1000.07499906	"4T1"	[2, 2, 16]
"4.4.1000300030001.2"	[390625, 625, -3750, -1, 1]	1000300030001	1000.07499906	"4T1"	[2, 2, 16]
"4.4.1001200480064.1"	[250100, 0, -5002, 0, 1]	1001200480064	1000.299985	"4T1"	[2, 4, 4]
"4.4.1001200480064.2"	[6252500, 0, -5002, 0, 1]	1001200480064	1000.299985	"4T1"	[2, 2, 40]
"4.4.1002665555557.1"	[36192987, -38862, -13008, -1, 1]	1002665555557	1000.66572381	"4T1"	[]
"4.4.1002702430729.1"	[388748, 5630, -3753, -1, 1]	1002702430729	1000.67492409	"4T1"	[]
"4.4.1004593034017.2"	[22817376, -84960, -14202, -1, 1]	1004593034017	1001.14628604	"4T1"	[4, 20]
"4.4.1009203997717.1"	[3318813, -113418, -12654, -1, 1]	1009203997717	1002.2930999	"4T1"	[]
"4.4.1010162855909.1"	[10093655, 114682, -12788, -1, 1]	1010162855909	1002.53108814	"4T1"	[]
"4.4.1014772147649.1"	[384335, 10677, -3768, -1, 1]	1014772147649	1003.67275365	"4T1"	[2]
"4.4.1017197655193.1"	[-1176394, 126341, -3771, -1, 1]	1017197655193	1004.27196127	"4T1"	[4]
"4.4.1017197655193.2"	[271814, -34571, -3771, -1, 1]	1017197655193	1004.27196127	"4T1"	[4]
"4.4.1021291022336.1"	[572546, 0, -3172, 0, 1]	1021291022336	1005.2807782	"4T1"	[2, 4]
"4.4.1021291022336.2"	[991250, 0, -3172, 0, 1]	1021291022336	1005.2807782	"4T1"	[2, 4]
"4.4.1021291022336.3"	[1524146, 0, -3172, 0, 1]	1021291022336	1005.2807782	"4T1"	[2, 4]
"4.4.1021291022336.4"	[1942850, 0, -3172, 0, 1]	1021291022336	1005.2807782	"4T1"	[2, 20]
"4.4.1021400393728.1"	[10674378, 0, -16588, 0, 1]	1021400393728	1005.30769133	"4T1"	[10, 20]
"4.4.1021400393728.2"	[58116058, 0, -16588, 0, 1]	1021400393728	1005.30769133	"4T1"	[2, 20]
"4.4.1023901272064.5"	[31138866, 0, -21692, 0, 1]	1023901272064	1005.92249603	"4T1"	[2, 2, 4]
"4.4.1023901272064.6"	[86496850, 0, -21692, 0, 1]	1023901272064	1005.92249603	"4T1"	[2, 2, 4]
"4.4.1023948829904.3"	[32757725, 0, -17017, 0, 1]	1023948829904	1005.93417652	"4T1"	[2, 2, 2, 4, 4]
"4.4.1023948829904.4"	[64205141, 0, -17017, 0, 1]	1023948829904	1005.93417652	"4T1"	[2, 2, 2, 4, 4]
"4.4.1024292965133.1"	[22703551, -104261, -34761, -1, 1]	1024292965133	1006.01868606	"4T1"	[2]
"4.4.1024497361441.1"	[386819, -9451, -3780, -1, 1]	1024497361441	1006.06886973	"4T1"	[2, 2, 4]
"4.4.1025368581584.1"	[76201589, 0, -47009, 0, 1]	1025368581584	1006.28268875	"4T1"	[2]
"4.4.1026869307392.3"	[269498, 0, -11468, 0, 1]	1026869307392	1006.65068478	"4T1"	[20]
"4.4.1026869307392.4"	[32609258, 0, -11468, 0, 1]	1026869307392	1006.65068478	"4T1"	[4]
"4.4.1027419382133.1"	[22772981, -104420, -34814, -1, 1]	1027419382133	1006.7854687	"4T1"	[2, 2]
"4.4.1030118217389.1"	[76436773, 141355, -47121, -1, 1]	1030118217389	1007.4459769	"4T1"	[2]
"4.4.1031689545281.1"	[153354592, -79312, -39662, -1, 1]	1031689545281	1007.82994332	"4T1"	[2, 2]
"4.4.1036622368753.1"	[12135121, -97831, -12286, -1, 1]	1036622368753	1009.03247519	"4T1"	[2]
"4.4.1036741001561.1"	[-169250, -75275, -3795, -1, 1]	1036741001561	1009.0613428	"4T1"	[2, 2]
"4.4.1036741001561.2"	[377284, 15814, -3795, -1, 1]	1036741001561	1009.0613428	"4T1"	[2, 2]
"4.4.1036823701504.1"	[358650, 0, -3188, 0, 1]	1036823701504	1009.08146518	"4T1"	[2]
"4.4.1036823701504.2"	[2182186, 0, -3188, 0, 1]	1036823701504	1009.08146518	"4T1"	[2]
"4.4.1037387354713.2"	[194519306, 59609, -29811, -1, 1]	1037387354713	1009.21858013	"4T1"	[2, 2]
"4.4.1039386868229.1"	[7328047, -106808, -11928, -1, 1]	1039386868229	1009.70453392	"4T1"	[]
"4.4.1043128501493.1"	[-106727, -121624, -11126, -1, 1]	1043128501493	1010.61200516	"4T1"	[4]
"4.4.1043128501493.2"	[27409931, -33146, -11126, -1, 1]	1043128501493	1010.61200516	"4T1"	[4]
"4.4.1047077187169.2"	[17730560, 93344, -11724, -1, 1]	1047077187169	1011.56704973	"4T1"	[2, 4]
"4.4.1047077187169.3"	[27948443, -46627, -11724, -1, 1]	1047077187169	1011.56704973	"4T1"	[2, 4]
"4.4.1048826062721.1"	[155902496, -79968, -39990, -1, 1]	1048826062721	1011.98917665	"4T1"	[10]
"4.4.1049347773217.1"	[-539493, 130741, -6724, -1, 1]	1049347773217	1012.11499993	"4T1"	[2, 2, 2]
"4.4.1049347773217.2"	[3353728, 104612, -6724, -1, 1]	1049347773217	1012.11499993	"4T1"	[2, 2, 2]
"4.4.1050786892417.1"	[27789663, -104075, -26032, -1, 1]	1050786892417	1012.46183576	"4T1"	[2, 2]
"4.4.1051561656809.1"	[380980, -14618, -3813, -1, 1]	1051561656809	1012.64841084	"4T1"	[]
"4.4.1052796316093.1"	[432471589, 42173, -42175, -1, 1]	1052796316093	1012.94552267	"4T1"	[2]
"4.4.1054045415233.1"	[241664, 41344, -3816, -1, 1]	1054045415233	1013.24584354	"4T1"	[]
"4.4.1055165696000.1"	[49010, 0, -7540, 0, 1]	1055165696000	1013.51496565	"4T1"	[2, 2, 2, 4]
"4.4.1055165696000.2"	[5930210, 0, -7540, 0, 1]	1055165696000	1013.51496565	"4T1"	[2, 2, 2, 4]
"4.4.1055165696000.3"	[8282690, 0, -7540, 0, 1]	1055165696000	1013.51496565	"4T1"	[2, 2, 4, 4]
"4.4.1055165696000.4"	[14163890, 0, -7540, 0, 1]	1055165696000	1013.51496565	"4T1"	[2, 2, 4, 4]
"4.4.1057749248000.1"	[142970, 0, -9860, 0, 1]	1057749248000	1014.13478958	"4T1"	[2, 2, 2, 4]
"4.4.1057749248000.2"	[7005530, 0, -9860, 0, 1]	1057749248000	1014.13478958	"4T1"	[2, 2, 4, 4]
"4.4.1057749248000.3"	[17299370, 0, -9860, 0, 1]	1057749248000	1014.13478958	"4T1"	[2, 2, 2, 4]
"4.4.1057749248000.4"	[24161930, 0, -9860, 0, 1]	1057749248000	1014.13478958	"4T1"	[2, 2, 4, 4]
"4.4.1057798378000.1"	[216580, 0, -7735, 0, 1]	1057798378000	1014.14656543	"4T1"	[2, 4, 4]
"4.4.1057798378000.2"	[1949220, 0, -7735, 0, 1]	1057798378000	1014.14656543	"4T1"	[2, 4, 4]
"4.4.1057798378000.3"	[7796880, 0, -7735, 0, 1]	1057798378000	1014.14656543	"4T1"	[2, 4, 52]
"4.4.1057798378000.4"	[13861120, 0, -7735, 0, 1]	1057798378000	1014.14656543	"4T1"	[2, 4, 4]
"4.4.1057815415417.2"	[198351222, 60193, -30103, -1, 1]	1057815415417	1014.15064899	"4T1"	[2, 2]
"4.4.1059024659057.1"	[-1062023, -121679, -3822, -1, 1]	1059024659057	1014.44035687	"4T1"	[]
"4.4.1060720425349.1"	[-158753, -123184, -7408, -1, 1]	1060720425349	1014.84620714	"4T1"	[4]
"4.4.1060720425349.2"	[8832177, -65178, -7408, -1, 1]	1060720425349	1014.84620714	"4T1"	[20]
"4.4.1061357234176.1"	[9224650, 0, -12508, 0, 1]	1061357234176	1014.99848986	"4T1"	[4]
"4.4.1061357234176.2"	[29887866, 0, -12508, 0, 1]	1061357234176	1014.99848986	"4T1"	[4]
"4.4.1066514073553.1"	[28206569, -104851, -26226, -1, 1]	1066514073553	1016.22914863	"4T1"	[2]
"4.4.1071666504533.1"	[2505631, 120616, -8166, -1, 1]	1071666504533	1017.45430622	"4T1"	[4]
"4.4.1071666504533.2"	[10028029, -72266, -8166, -1, 1]	1071666504533	1017.45430622	"4T1"	[4]
"4.4.1073777035453.1"	[3540339, -116991, -13051, -1, 1]	1073777035453	1017.95487816	"4T1"	[5]
"4.4.1074015788809.2"	[4339430, 133529, -16719, -1, 1]	1074015788809	1018.01145878	"4T1"	[2, 4]
"4.4.1075454444969.1"	[32987018, 48969, -12291, -1, 1]	1075454444969	1018.3521971	"4T1"	[2]
"4.4.1076575468249.1"	[-945190, -117223, -3843, -1, 1]	1076575468249	1018.61746881	"4T1"	[2]
"4.4.1076575468249.2"	[-514732, 98006, -3843, -1, 1]	1076575468249	1018.61746881	"4T1"	[2]
"4.4.1076973950489.1"	[160087612, -81034, -40523, -1, 1]	1076973950489	1018.71171316	"4T1"	[2]
"4.4.1081403991925.2"	[22145119, 81992, -11770, -1, 1]	1081403991925	1019.75769724	"4T1"	[2, 20]
"4.4.1081403991925.3"	[33291849, -11678, -11770, -1, 1]	1081403991925	1019.75769724	"4T1"	[2, 4]
"4.4.1081675458709.1"	[163366047, 99876, -33298, -1, 1]	1081675458709	1019.82168912	"4T1"	[2]
"4.4.1083185539072.1"	[21658, 0, -6188, 0, 1]	1083185539072	1020.17743518	"4T1"	[2, 4, 4]
"4.4.1083185539072.2"	[1754298, 0, -6188, 0, 1]	1083185539072	1020.17743518	"4T1"	[2, 4, 4]
"4.4.1083185539072.3"	[7818538, 0, -6188, 0, 1]	1083185539072	1020.17743518	"4T1"	[2, 4, 4]
"4.4.1083185539072.4"	[9551178, 0, -6188, 0, 1]	1083185539072	1020.17743518	"4T1"	[2, 4, 4]
"4.4.1084156216417.1"	[-830869, 113645, -3852, -1, 1]	1084156216417	1020.40591185	"4T1"	[9]
"4.4.1084234996073.1"	[8424476, -110820, -13899, -1, 1]	1084234996073	1020.42444817	"4T1"	[2]
"4.4.1084365064192.1"	[855922, 0, -3236, 0, 1]	1084365064192	1020.45505009	"4T1"	[2, 4]
"4.4.1084365064192.2"	[1762002, 0, -3236, 0, 1]	1084365064192	1020.45505009	"4T1"	[2, 4]
"4.4.1085709362489.2"	[136929178, -55219, -27623, -1, 1]	1085709362489	1020.77117027	"4T1"	[2, 2, 2]
"4.4.1087855294297.2"	[65467288, 75089, -18793, -1, 1]	1087855294297	1021.2751918	"4T1"	[2, 2]
"4.4.1089229767569.1"	[372293, -19935, -3858, -1, 1]	1089229767569	1021.59762689	"4T1"	[]
"4.4.1090691631104.1"	[4996850, 0, -10804, 0, 1]	1090691631104	1021.94022799	"4T1"	[2, 4]
"4.4.1090691631104.2"	[24184754, 0, -10804, 0, 1]	1090691631104	1021.94022799	"4T1"	[2, 4]
"4.4.1090699908053.1"	[-858899, 133090, -5274, -1, 1]	1090699908053	1021.94216679	"4T1"	[4]
"4.4.1090699908053.2"	[2252279, 93708, -5274, -1, 1]	1090699908053	1021.94216679	"4T1"	[4]
"4.4.1093588281344.3"	[6319274, 0, -25636, 0, 1]	1093588281344	1022.61806849	"4T1"	[2, 2, 4, 4]
"4.4.1093588281344.4"	[157981850, 0, -25636, 0, 1]	1093588281344	1022.61806849	"4T1"	[2, 2, 2, 4]
"4.4.1096869734297.1"	[103412, 57366, -3867, -1, 1]	1096869734297	1023.38433122	"4T1"	[7]
"4.4.1098394089221.1"	[34919225, -88110, -17652, -1, 1]	1098394089221	1023.73970355	"4T1"	[2, 2, 4]
"4.4.1098394089221.2"	[68617747, 52888, -17652, -1, 1]	1098394089221	1023.73970355	"4T1"	[2, 2, 4]
"4.4.1099424306161.1"	[-1070199, 124497, -3870, -1, 1]	1099424306161	1023.97966825	"4T1"	[]
"4.4.1100383292224.1"	[2322900, 0, -5162, 0, 1]	1100383292224	1024.20288989	"4T1"	[4]
"4.4.1100383292224.2"	[6452500, 0, -5162, 0, 1]	1100383292224	1024.20288989	"4T1"	[4]
"4.4.1102790707200.5"	[1076944050, 0, -92820, 0, 1]	1102790707200	1024.76261782	"4T1"	[2, 2, 2, 2, 2]
"4.4.1104545342753.1"	[-616384, 104016, -3876, -1, 1]	1104545342753	1025.16999636	"4T1"	[]
"4.4.1106307259200.5"	[409137300, 0, -72930, 0, 1]	1106307259200	1025.57857723	"4T1"	[2, 2, 2, 2, 10]
"4.4.1114835073409.1"	[-243712, 83600, -3888, -1, 1]	1114835073409	1027.54927191	"4T1"	[]
"4.4.1117124410421.1"	[-269755, 137004, -10614, -1, 1]	1117124410421	1028.07638962	"4T1"	[4]
"4.4.1117124410421.2"	[4028831, -115854, -10614, -1, 1]	1117124410421	1028.07638962	"4T1"	[4]
"4.4.1118050797568.1"	[649522, 0, -14596, 0, 1]	1118050797568	1028.28945916	"4T1"	[2, 2, 4]
"4.4.1118050797568.2"	[52611282, 0, -14596, 0, 1]	1118050797568	1028.28945916	"4T1"	[2, 2, 20]
"4.4.1120986011249.1"	[141380513, -56109, -28068, -1, 1]	1120986011249	1028.96368666	"4T1"	[2, 2]
"4.4.1121683500269.1"	[7920893, -110957, -12389, -1, 1]	1121683500269	1029.12370728	"4T1"	[]
"4.4.1123427181893.1"	[24905171, -109190, -36404, -1, 1]	1123427181893	1029.52342319	"4T1"	[2]
"4.4.1129766377141.1"	[170632611, 102072, -34030, -1, 1]	1129766377141	1030.97269054	"4T1"	[2, 4]
"4.4.1133263783037.1"	[25123637, -109667, -36563, -1, 1]	1133263783037	1031.76965878	"4T1"	[6, 6]
"4.4.1133337929728.1"	[198682, 0, -3284, 0, 1]	1133337929728	1031.78653491	"4T1"	[2]
"4.4.1133337929728.2"	[2497482, 0, -3284, 0, 1]	1133337929728	1031.78653491	"4T1"	[2]
"4.4.1133970080833.1"	[1034432, -124504, -12510, -1, 1]	1133970080833	1031.93038182	"4T1"	[2]
"4.4.1134533257216.1"	[9860650, 0, -12932, 0, 1]	1134533257216	1032.05848277	"4T1"	[2, 4]
"4.4.1134533257216.2"	[31948506, 0, -12932, 0, 1]	1134533257216	1032.05848277	"4T1"	[2, 4]
"4.4.1134704637625.1"	[-283644, -128111, -8149, -1, 1]	1134704637625	1032.09745576	"4T1"	[2, 2, 4]
"4.4.1134704637625.2"	[1510876, 128249, -8149, -1, 1]	1134704637625	1032.09745576	"4T1"	[2, 2, 4]
"4.4.1134704637625.3"	[7791696, 96204, -8149, -1, 1]	1134704637625	1032.09745576	"4T1"	[2, 2, 4]
"4.4.1134704637625.4"	[14328876, -31976, -8149, -1, 1]	1134704637625	1032.09745576	"4T1"	[2, 2, 20]
"4.4.1135605852737.1"	[-1077248, -124544, -3912, -1, 1]	1135605852737	1032.30232513	"4T1"	[]
"4.4.1137308812949.1"	[11385913, 121684, -13566, -1, 1]	1137308812949	1032.68911912	"4T1"	[]
"4.4.1138220196121.1"	[214326, 47637, -3915, -1, 1]	1138220196121	1032.8959435	"4T1"	[2, 2]
"4.4.1138220196121.2"	[360500, -25450, -3915, -1, 1]	1138220196121	1032.8959435	"4T1"	[2, 2]
"4.4.1142422708601.1"	[144085490, -56643, -28335, -1, 1]	1142422708601	1033.84803541	"4T1"	[2]
"4.4.1143460913993.1"	[-1206844, -130059, -3921, -1, 1]	1143460913993	1034.08283926	"4T1"	[3]
"4.4.1145465224537.2"	[40053228, -58280, -14617, -1, 1]	1145465224537	1034.53568862	"4T1"	[2, 4]
"4.4.1146902311393.1"	[30337659, -108731, -27196, -1, 1]	1146902311393	1034.86001507	"4T1"	[34]
"4.4.1148016009173.1"	[3896231, -87194, -6086, -1, 1]	1148016009173	1035.11114846	"4T1"	[4]
"4.4.1148016009173.2"	[7715299, 5954, -6086, -1, 1]	1148016009173	1035.11114846	"4T1"	[20]
"4.4.1155835182881.1"	[35465947, 50765, -12740, -1, 1]	1155835182881	1036.86920826	"4T1"	[2]
"4.4.1156789025141.1"	[85843445, 149794, -49934, -1, 1]	1156789025141	1037.08305876	"4T1"	[2]
"4.4.1161930075697.1"	[-419904, -93960, -3942, -1, 1]	1161930075697	1038.23340544	"4T1"	[]
"4.4.1162408060789.1"	[175564827, 103536, -34518, -1, 1]	1162408060789	1038.34016392	"4T1"	[2, 2]
"4.4.1166792271872.1"	[479162, 0, -3316, 0, 1]	1166792271872	1039.3178494	"4T1"	[2]
"4.4.1166792271872.2"	[2269802, 0, -3316, 0, 1]	1166792271872	1039.3178494	"4T1"	[2]
"4.4.1167243265889.1"	[338203, 32245, -3948, -1, 1]	1167243265889	1039.41826535	"4T1"	[]
"4.4.1169905924153.1"	[-327676, -88906, -3951, -1, 1]	1169905924153	1040.01052648	"4T1"	[4]
"4.4.1169905924153.2"	[-159084, 79686, -3951, -1, 1]	1169905924153	1040.01052648	"4T1"	[4]
"4.4.1175243382377.1"	[-517468, -99594, -3957, -1, 1]	1175243382377	1041.19471164	"4T1"	[2]
"4.4.1175243382377.2"	[-10924, -67935, -3957, -1, 1]	1175243382377	1041.19471164	"4T1"	[2]
"4.4.1176302512933.1"	[483212279, 44578, -44580, -1, 1]	1176302512933	1041.42921384	"4T1"	[2]
"4.4.1178903224021.2"	[178057287, 104268, -34762, -1, 1]	1178903224021	1042.00436645	"4T1"	[10]
"4.4.1183260562717.1"	[42739137, -42219, -14127, -1, 1]	1183260562717	1042.96587166	"4T1"	[]
"4.4.1185966951625.1"	[-1216324, 132974, -3969, -1, 1]	1185966951625	1043.5617365	"4T1"	[2, 4]
"4.4.1185966951625.2"	[-962284, -121066, -3969, -1, 1]	1185966951625	1043.5617365	"4T1"	[2, 4]
"4.4.1185966951625.3"	[-962284, 122389, -3969, -1, 1]	1185966951625	1043.5617365	"4T1"	[2, 4]
"4.4.1185966951625.4"	[223236, -46971, -3969, -1, 1]	1185966951625	1043.5617365	"4T1"	[2, 4]
"4.4.1191350862061.1"	[179938161, 104817, -34945, -1, 1]	1191350862061	1044.74408467	"4T1"	[2]
"4.4.1191353111801.1"	[-1217500, -131850, -3975, -1, 1]	1191353111801	1044.74457789	"4T1"	[]
"4.4.1192644293696.1"	[46355600, 0, -13634, 0, 1]	1192644293696	1045.02753501	"4T1"	[2, 10]
"4.4.1200479193152.1"	[680192, 0, -5314, 0, 1]	1200479193152	1046.73961133	"4T1"	[4, 4]
"4.4.1203521157469.1"	[20468525, -93541, -13419, -1, 1]	1203521157469	1047.40208081	"4T1"	[]
"4.4.1205669263829.1"	[89473433, 152926, -50978, -1, 1]	1205669263829	1047.86913258	"4T1"	[2]
"4.4.1208929905133.1"	[4004829, -124137, -13845, -1, 1]	1208929905133	1048.5768859	"4T1"	[]
"4.4.1209406479041.1"	[179778272, -85872, -42942, -1, 1]	1209406479041	1048.68021086	"4T1"	[2]
"4.4.1210247661569.1"	[46697075, 25, -13784, -1, 1]	1210247661569	1048.86251133	"4T1"	[10]
"4.4.1210333063393.1"	[-622144, -105904, -3996, -1, 1]	1210333063393	1048.88101424	"4T1"	[]
"4.4.1211715038293.1"	[497761049, 45244, -45246, -1, 1]	1211715038293	1049.18029281	"4T1"	[2, 2]
"4.4.1214216046592.1"	[1347282, 0, -10324, 0, 1]	1214216046592	1049.72125747	"4T1"	[2, 4]
"4.4.1214216046592.2"	[25298962, 0, -10324, 0, 1]	1214216046592	1049.72125747	"4T1"	[2, 4]
"4.4.1214679211225.1"	[-385896, -127487, -5017, -1, 1]	1214679211225	1049.82134761	"4T1"	[2, 4]
"4.4.1214679211225.2"	[4138864, 18473, -5017, -1, 1]	1214679211225	1049.82134761	"4T1"	[2, 4]
"4.4.1217074983449.1"	[2145328, -126044, -10593, -1, 1]	1217074983449	1050.33861889	"4T1"	[6, 24]
"4.4.1217074983449.2"	[15594608, -84015, -10593, -1, 1]	1217074983449	1050.33861889	"4T1"	[2, 8]
"4.4.1217374628137.1"	[228281952, 64573, -32293, -1, 1]	1217374628137	1050.40326145	"4T1"	[2, 2]
"4.4.1218724346617.1"	[1124004, -129074, -12967, -1, 1]	1218724346617	1050.69428928	"4T1"	[2]
"4.4.1221748798777.1"	[32321988, -112223, -28069, -1, 1]	1221748798777	1051.34554845	"4T1"	[2, 2]
"4.4.1222884163989.1"	[-1029425, -134630, -4498, -1, 1]	1222884163989	1051.58971595	"4T1"	[2, 4]
"4.4.1222884163989.2"	[420337, -103784, -4498, -1, 1]	1222884163989	1051.58971595	"4T1"	[2, 4]
"4.4.1223722639253.1"	[27132761, -113960, -37994, -1, 1]	1223722639253	1051.76992626	"4T1"	[3, 6]
"4.4.1235030650489.1"	[318140, 38222, -4023, -1, 1]	1235030650489	1054.19131507	"4T1"	[]
"4.4.1237973152832.3"	[2177552, 0, -14326, 0, 1]	1237973152832	1054.81866647	"4T1"	[2, 2, 4, 4]
"4.4.1237973152832.4"	[34840832, 0, -14326, 0, 1]	1237973152832	1054.81866647	"4T1"	[2, 2, 2, 4]
"4.4.1241550957757.1"	[569691, -125355, -6247, -1, 1]	1241550957757	1055.5799617	"4T1"	[4]
"4.4.1241550957757.2"	[5159067, -77549, -6247, -1, 1]	1241550957757	1055.5799617	"4T1"	[4]
"4.4.1243337227777.1"	[-1365673, 140461, -4032, -1, 1]	1243337227777	1055.95943351	"4T1"	[]
"4.4.1252651661441.1"	[157994855, -59313, -29670, -1, 1]	1252651661441	1057.93157603	"4T1"	[2]
"4.4.1254494130749.1"	[-274787, 145181, -11243, -1, 1]	1254494130749	1058.32037771	"4T1"	[20]
"4.4.1254494130749.2"	[4548385, -122773, -11243, -1, 1]	1254494130749	1058.32037771	"4T1"	[4]
"4.4.1259963616433.1"	[9940241, -106249, -10716, -1, 1]	1259963616433	1059.47204276	"4T1"	[2, 12]
"4.4.1259963616433.2"	[22865409, 63819, -10716, -1, 1]	1259963616433	1059.47204276	"4T1"	[2, 12]
"4.4.1260271004093.1"	[5083627, 108181, -7395, -1, 1]	1260271004093	1059.53665551	"4T1"	[2, 4]
"4.4.1260271004093.2"	[9234139, -64757, -7395, -1, 1]	1260271004093	1059.53665551	"4T1"	[6, 12]
"4.4.1261112198464.1"	[270100, 0, -5402, 0, 1]	1261112198464	1059.71341377	"4T1"	[2, 4]
"4.4.1261112198464.2"	[1825876, 0, -5402, 0, 1]	1261112198464	1059.71341377	"4T1"	[2, 4]
"4.4.1261571936717.1"	[27973447, -115709, -38577, -1, 1]	1261571936717	1059.80998016	"4T1"	[2]
"4.4.1265670008513.1"	[-419201, 98029, -4056, -1, 1]	1265670008513	1060.66960153	"4T1"	[16]
"4.4.1265670008513.2"	[456976, 676, -4056, -1, 1]	1265670008513	1060.66960153	"4T1"	[16]
"4.4.1271092176896.1"	[42650, 0, -3412, 0, 1]	1271092176896	1061.80376622	"4T1"	[2]
"4.4.1271092176896.2"	[2867786, 0, -3412, 0, 1]	1271092176896	1061.80376622	"4T1"	[2]
"4.4.1271994517733.1"	[28204951, -116186, -38736, -1, 1]	1271994517733	1061.99215813	"4T1"	[2, 4]
"4.4.1274113253321.1"	[326204, -37266, -4065, -1, 1]	1274113253321	1062.43411689	"4T1"	[2, 10]
"4.4.1274113253321.2"	[456296, -4743, -4065, -1, 1]	1274113253321	1062.43411689	"4T1"	[2, 2]
"4.4.1274440269089.1"	[7503575, 63855, -6618, -1, 1]	1274440269089	1062.50228181	"4T1"	[2, 2, 2]
"4.4.1274440269089.2"	[9262592, -12624, -6618, -1, 1]	1274440269089	1062.50228181	"4T1"	[2, 2, 2]
"4.4.1280527409221.1"	[21788781, -96488, -13840, -1, 1]	1280527409221	1063.76872958	"4T1"	[13]
"4.4.1282240588625.1"	[631721, 145549, -12194, -1, 1]	1282240588625	1064.12434733	"4T1"	[2, 2, 4]
"4.4.1282240588625.2"	[16880896, -96976, -12194, -1, 1]	1282240588625	1064.12434733	"4T1"	[2, 2, 20]
"4.4.1282593964625.1"	[-1375144, 141924, -4074, -1, 1]	1282593964625	1064.19765595	"4T1"	[2, 12]
"4.4.1282593964625.2"	[-625459, 109329, -4074, -1, 1]	1282593964625	1064.19765595	"4T1"	[2, 12]
"4.4.1282593964625.3"	[69901, -64511, -4074, -1, 1]	1282593964625	1064.19765595	"4T1"	[2, 12]
"4.4.1282593964625.4"	[450176, 11544, -4074, -1, 1]	1282593964625	1064.19765595	"4T1"	[2, 12]
"4.4.1282903291169.1"	[161812243, -60025, -30026, -1, 1]	1282903291169	1064.26181398	"4T1"	[2]
"4.4.1284136109401.1"	[47614692, 28042, -14059, -1, 1]	1284136109401	1064.51740005	"4T1"	[2]
"4.4.1284335346313.2"	[240842916, 66325, -33169, -1, 1]	1284335346313	1064.55868828	"4T1"	[2, 2]
"4.4.1289057880064.1"	[1071250, 0, -3428, 0, 1]	1289057880064	1065.53594413	"4T1"	[2, 2, 24]
"4.4.1289057880064.2"	[1866546, 0, -3428, 0, 1]	1289057880064	1065.53594413	"4T1"	[2, 2, 12]
"4.4.1290264986233.1"	[34138604, -115327, -28845, -1, 1]	1290264986233	1065.78530523	"4T1"	[2, 2]
"4.4.1291112225369.1"	[-323650, 93237, -4083, -1, 1]	1291112225369	1065.96022139	"4T1"	[3]
"4.4.1294719526912.9"	[13530762, 0, -18676, 0, 1]	1294719526912	1066.70400215	"4T1"	[2, 4, 4]
"4.4.1294719526912.10"	[73667482, 0, -18676, 0, 1]	1294719526912	1066.70400215	"4T1"	[2, 4, 4]
"4.4.1296007266112.3"	[26994708, 0, -12818, 0, 1]	1296007266112	1066.96914153	"4T1"	[2, 2, 4]
"4.4.1296007266112.4"	[40325428, 0, -12818, 0, 1]	1296007266112	1066.96914153	"4T1"	[2, 2, 4]
"4.4.1298164460081.1"	[163738025, -60381, -30204, -1, 1]	1298164460081	1067.41285511	"4T1"	[2]
"4.4.1298437431757.1"	[533389903, 46835, -46837, -1, 1]	1298437431757	1067.46896328	"4T1"	[2]
"4.4.1301355618097.1"	[244035717, 66763, -33388, -1, 1]	1301355618097	1068.06823193	"4T1"	[2]
"4.4.1305783560192.1"	[342698, 0, -12932, 0, 1]	1305783560192	1068.97561684	"4T1"	[2, 4]
"4.4.1305783560192.2"	[41466458, 0, -12932, 0, 1]	1305783560192	1068.97561684	"4T1"	[2, 4]
"4.4.1308261726953.1"	[442564, 17089, -4101, -1, 1]	1308261726953	1069.48244214	"4T1"	[]
"4.4.1315048243669.1"	[198629415, 110124, -36714, -1, 1]	1315048243669	1070.86671867	"4T1"	[2]
"4.4.1316893133681.1"	[-1109159, 132217, -4110, -1, 1]	1316893133681	1071.24210277	"4T1"	[2, 2, 16]
"4.4.1316893133681.2"	[293849, 44529, -4110, -1, 1]	1316893133681	1071.24210277	"4T1"	[2, 2, 16]
"4.4.1328082307072.1"	[771538, 0, -15908, 0, 1]	1328082307072	1073.51037919	"4T1"	[2, 2, 20]
"4.4.1328082307072.2"	[62494578, 0, -15908, 0, 1]	1328082307072	1073.51037919	"4T1"	[2, 2, 20]
"4.4.1328193167341.2"	[200615697, 110673, -36897, -1, 1]	1328193167341	1073.53278102	"4T1"	[2, 2]
"4.4.1328460616657.1"	[-66688, -76264, -4122, -1, 1]	1328460616657	1073.58681946	"4T1"	[]
"4.4.1330853318141.1"	[98770195, 160669, -53559, -1, 1]	1330853318141	1074.06990484	"4T1"	[2]
"4.4.1334269673729.1"	[-1387177, 143805, -4128, -1, 1]	1334269673729	1074.75853777	"4T1"	[2]
"4.4.1334269673729.2"	[-1111952, -131420, -4128, -1, 1]	1334269673729	1074.75853777	"4T1"	[2]
"4.4.1339264157696.3"	[6135650, 0, -11972, 0, 1]	1339264157696	1075.76289728	"4T1"	[2, 2, 4]
"4.4.1339264157696.4"	[29696546, 0, -11972, 0, 1]	1339264157696	1075.76289728	"4T1"	[2, 2, 4]
"4.4.1342155077069.1"	[13470175, 132187, -14733, -1, 1]	1342155077069	1076.34296014	"4T1"	[]
"4.4.1345938541921.1"	[-1389829, -142843, -4140, -1, 1]	1345938541921	1077.1006982	"4T1"	[26]
"4.4.1345938541921.2"	[431936, 22772, -4140, -1, 1]	1345938541921	1077.1006982	"4T1"	[2]
"4.4.1346153128973.1"	[29852191, -119525, -39849, -1, 1]	1346153128973	1077.14362699	"4T1"	[2, 2]
"4.4.1348643797200.1"	[106424325, 0, -20685, 0, 1]	1348643797200	1077.6415176	"4T1"	[2, 2, 26]
"4.4.1351798402193.2"	[-860416, -120936, -4146, -1, 1]	1351798402193	1078.27114186	"4T1"	[3]
"4.4.1352419064149.1"	[17071877, -67744, -9798, -1, 1]	1352419064149	1078.39488936	"4T1"	[2, 2, 4]
"4.4.1352419064149.2"	[22883327, 9742, -9798, -1, 1]	1352419064149	1078.39488936	"4T1"	[2, 2, 4]
"4.4.1360716308317.1"	[558976513, 47945, -47947, -1, 1]	1360716308317	1080.04511628	"4T1"	[2, 2]
"4.4.1366039341056.1"	[7893626, 0, -28652, 0, 1]	1366039341056	1081.09983666	"4T1"	[2, 4]
"4.4.1366039341056.2"	[197340650, 0, -28652, 0, 1]	1366039341056	1081.09983666	"4T1"	[2, 4]
"4.4.1366648913489.2"	[203158112, -91284, -45648, -1, 1]	1366648913489	1081.22042221	"4T1"	[2, 2, 2]
"4.4.1368696530944.1"	[11895850, 0, -14204, 0, 1]	1368696530944	1081.62518655	"4T1"	[20]
"4.4.1368696530944.2"	[38542554, 0, -14204, 0, 1]	1368696530944	1081.62518655	"4T1"	[4]
"4.4.1369479982625.1"	[-417869, -99251, -4164, -1, 1]	1369479982625	1081.77993583	"4T1"	[2, 2]
"4.4.1369479982625.2"	[437216, -21516, -4164, -1, 1]	1369479982625	1081.77993583	"4T1"	[2, 2]
"4.4.1369665792000.1"	[185130, 0, -11220, 0, 1]	1369665792000	1081.81662761	"4T1"	[2, 4, 4]
"4.4.1369665792000.2"	[9071370, 0, -11220, 0, 1]	1369665792000	1081.81662761	"4T1"	[2, 4, 4]
"4.4.1369665792000.3"	[22400730, 0, -11220, 0, 1]	1369665792000	1081.81662761	"4T1"	[2, 4, 4]
"4.4.1369665792000.4"	[31286970, 0, -11220, 0, 1]	1369665792000	1081.81662761	"4T1"	[2, 4, 4]
"4.4.1371323134849.2"	[5582267, 150881, -18888, -1, 1]	1371323134849	1082.14373808	"4T1"	[2, 2]
"4.4.1372441819897.1"	[-520618, -104879, -4167, -1, 1]	1372441819897	1082.36436585	"4T1"	[]
"4.4.1381429520384.1"	[927866, 0, -3508, 0, 1]	1381429520384	1084.1320488	"4T1"	[2]
"4.4.1381429520384.2"	[2148650, 0, -3508, 0, 1]	1381429520384	1084.1320488	"4T1"	[2]
"4.4.1382069950016.1"	[14915600, 0, -10654, 0, 1]	1382069950016	1084.25767765	"4T1"	[6]
"4.4.1387469228032.1"	[1539522, 0, -11036, 0, 1]	1387469228032	1085.31508646	"4T1"	[2, 4]
"4.4.1387469228032.2"	[28908802, 0, -11036, 0, 1]	1387469228032	1085.31508646	"4T1"	[2, 4]
"4.4.1388915429993.1"	[2049076, 151766, -15221, -1, 1]	1388915429993	1085.59779033	"4T1"	[2, 2, 4]
"4.4.1388915429993.2"	[38710064, 91069, -15221, -1, 1]	1388915429993	1085.59779033	"4T1"	[2, 2, 4]
"4.4.1390302566281.1"	[-319876, -94171, -4185, -1, 1]	1390302566281	1085.86874067	"4T1"	[]
"4.4.1394898343621.1"	[210695337, 113418, -37812, -1, 1]	1394898343621	1086.76499104	"4T1"	[2]
"4.4.1396290402233.1"	[418046, 28641, -4191, -1, 1]	1396290402233	1087.03602776	"4T1"	[]
"4.4.1396655219653.1"	[573741659, 48574, -48576, -1, 1]	1396655219653	1087.10702496	"4T1"	[2]
"4.4.1400417978368.1"	[142722, 0, -3524, 0, 1]	1400417978368	1087.83848596	"4T1"	[2, 2, 4]
"4.4.1400417978368.2"	[2961922, 0, -3524, 0, 1]	1400417978368	1087.83848596	"4T1"	[2, 2, 4]
"4.4.1400784414913.1"	[1673103, 147151, -10606, -1, 1]	1400784414913	1087.90964055	"4T1"	[2, 8]
"4.4.1400784414913.2"	[26764416, 21064, -10606, -1, 1]	1400784414913	1087.90964055	"4T1"	[2, 8]
"4.4.1404065090957.1"	[31138607, -122069, -40697, -1, 1]	1404065090957	1088.54606054	"4T1"	[2, 10]
"4.4.1405590346513.1"	[37196529, -120371, -30106, -1, 1]	1405590346513	1088.84156589	"4T1"	[2, 2]
"4.4.1406192691200.1"	[369050, 0, -13420, 0, 1]	1406192691200	1088.95819883	"4T1"	[2, 100]
"4.4.1408435490461.1"	[212740911, 113967, -37995, -1, 1]	1408435490461	1089.39214634	"4T1"	[2]
"4.4.1412791482832.1"	[538813, 0, -4453, 0, 1]	1412791482832	1090.23348592	"4T1"	[2, 4]
"4.4.1412791482832.2"	[3744973, 0, -4453, 0, 1]	1412791482832	1090.23348592	"4T1"	[2, 20]
"4.4.1412962399525.1"	[213424965, 114150, -38056, -1, 1]	1412962399525	1090.26645799	"4T1"	[2, 2]
"4.4.1416073291776.3"	[8182746, 0, -29172, 0, 1]	1416073291776	1090.86606786	"4T1"	[2, 2, 2, 4]
"4.4.1416073291776.4"	[204568650, 0, -29172, 0, 1]	1416073291776	1090.86606786	"4T1"	[2, 2, 2, 4]
"4.4.1417687261777.1"	[265858337, 69683, -34848, -1, 1]	1417687261777	1091.17676384	"4T1"	[2]
"4.4.1424587635008.1"	[11252, 0, -5626, 0, 1]	1424587635008	1092.50213064	"4T1"	[4]
"4.4.1424587635008.2"	[4061972, 0, -5626, 0, 1]	1424587635008	1092.50213064	"4T1"	[4]
"4.4.1425621776497.2"	[49886888, -65020, -16302, -1, 1]	1425621776497	1092.7003449	"4T1"	[2, 2]
"4.4.1426487591593.1"	[424556, -27439, -4221, -1, 1]	1426487591593	1092.86621306	"4T1"	[17]
"4.4.1426676195173.1"	[4755159, -134856, -15036, -1, 1]	1426676195173	1092.9023347	"4T1"	[5]
"4.4.1430076983296.1"	[43491474, 0, -25636, 0, 1]	1430076983296	1093.55304499	"4T1"	[2, 2, 52]
"4.4.1430076983296.2"	[120809650, 0, -25636, 0, 1]	1430076983296	1093.55304499	"4T1"	[2, 2, 4]
"4.4.1431547143401.1"	[55268450, 25, -14987, -1, 1]	1431547143401	1093.83398767	"4T1"	[10]
"4.4.1432160346341.1"	[106293955, 166672, -55560, -1, 1]	1432160346341	1093.95110476	"4T1"	[2]
"4.4.1432578803417.1"	[20036, -72570, -4227, -1, 1]	1432578803417	1094.03100528	"4T1"	[5]
"4.4.1435630901041.1"	[-1409464, -145948, -4230, -1, 1]	1435630901041	1094.61324638	"4T1"	[10]
"4.4.1435630901041.2"	[-224959, -89543, -4230, -1, 1]	1435630901041	1094.61324638	"4T1"	[10]
"4.4.1440131117301.1"	[-1227569, 150994, -4750, -1, 1]	1440131117301	1095.47005024	"4T1"	[4]
"4.4.1440131117301.2"	[2485867, -44450, -4750, -1, 1]	1440131117301	1095.47005024	"4T1"	[4]
"4.4.1441703284981.1"	[24553067, -102382, -14682, -1, 1]	1441703284981	1095.76890462	"4T1"	[]
"4.4.1442633182961.1"	[32770784, 78964, -13220, -1, 1]	1442633182961	1095.94555451	"4T1"	[4, 4]
"4.4.1446709492800.4"	[1251478800, 0, -72930, 0, 1]	1446709492800	1096.71891253	"4T1"	[2, 2, 2, 2, 2, 2]
"4.4.1449321080257.2"	[87263743, 86669, -21688, -1, 1]	1449321080257	1097.2135247	"4T1"	[2, 20]
"4.4.1450956429161.1"	[-747584, -118163, -4245, -1, 1]	1450956429161	1097.52290546	"4T1"	[15]
"4.4.1454034564289.1"	[-1130112, 136656, -4248, -1, 1]	1454034564289	1098.10452863	"4T1"	[]
"4.4.1460203888625.1"	[-1130999, -135431, -4254, -1, 1]	1460203888625	1099.26746706	"4T1"	[2, 2]
"4.4.1460203888625.2"	[400576, 34744, -4254, -1, 1]	1460203888625	1099.26746706	"4T1"	[2, 2]
"4.4.1462885632000.1"	[3043170, 0, -13260, 0, 1]	1462885632000	1099.77183586	"4T1"	[2, 4, 4]
"4.4.1462885632000.2"	[16568370, 0, -13260, 0, 1]	1462885632000	1099.77183586	"4T1"	[2, 4, 4]
"4.4.1462885632000.3"	[27388530, 0, -13260, 0, 1]	1462885632000	1099.77183586	"4T1"	[2, 4, 4]
"4.4.1462885632000.4"	[40913730, 0, -13260, 0, 1]	1462885632000	1099.77183586	"4T1"	[2, 12, 12]
"4.4.1463295083977.1"	[-998044, -129850, -4257, -1, 1]	1463295083977	1099.84878249	"4T1"	[]
"4.4.1466932870517.1"	[32535157, -124772, -41598, -1, 1]	1466932870517	1100.53170874	"4T1"	[2]
"4.4.1469314328625.1"	[-286959, -145791, -9254, -1, 1]	1469314328625	1100.97809524	"4T1"	[2, 2, 4, 4]
"4.4.1469314328625.2"	[2046801, 145929, -9254, -1, 1]	1469314328625	1100.97809524	"4T1"	[2, 2, 4, 4]
"4.4.1469314328625.3"	[10178496, 109464, -9254, -1, 1]	1469314328625	1100.97809524	"4T1"	[2, 4, 4, 4]
"4.4.1469314328625.4"	[18638376, -36396, -9254, -1, 1]	1469314328625	1100.97809524	"4T1"	[2, 2, 4, 4]
"4.4.1469490556409.1"	[274588, -50450, -4263, -1, 1]	1469490556409	1101.01110625	"4T1"	[]
"4.4.1473110902784.1"	[6748850, 0, -12556, 0, 1]	1473110902784	1101.68861388	"4T1"	[2, 4]
"4.4.1473110902784.2"	[32664434, 0, -12556, 0, 1]	1473110902784	1101.68861388	"4T1"	[2, 20]
"4.4.1478816515457.1"	[-1418473, 148821, -4272, -1, 1]	1478816515457	1102.75382549	"4T1"	[]
"4.4.1479013064017.1"	[39143513, -123475, -30882, -1, 1]	1479013064017	1102.79046524	"4T1"	[2]
"4.4.1488413034173.1"	[2796121, -134429, -9111, -1, 1]	1488413034173	1104.53851986	"4T1"	[4]
"4.4.1488413034173.2"	[19438409, 9039, -9111, -1, 1]	1488413034173	1104.53851986	"4T1"	[4]
"4.4.1491413862400.5"	[45356850, 0, -26180, 0, 1]	1491413862400	1105.09482166	"4T1"	[2, 2, 2, 20]
"4.4.1491413862400.6"	[125991250, 0, -26180, 0, 1]	1491413862400	1105.09482166	"4T1"	[2, 2, 2, 4]
"4.4.1495973042857.3"	[280544112, 71581, -35797, -1, 1]	1495973042857	1105.93841065	"4T1"	[2, 2]
"4.4.1496542736681.1"	[188771500, -64831, -32429, -1, 1]	1496542736681	1106.043686	"4T1"	[10]
"4.4.1497303280241.1"	[222584896, -95548, -47780, -1, 1]	1497303280241	1106.18418218	"4T1"	[2]
"4.4.1497974171648.1"	[218042, 0, -3604, 0, 1]	1497974171648	1106.30807237	"4T1"	[4, 4]
"4.4.1497974171648.2"	[1515482, 0, -3604, 0, 1]	1497974171648	1106.30807237	"4T1"	[4, 4]
"4.4.1497974171648.3"	[1731722, 0, -3604, 0, 1]	1497974171648	1106.30807237	"4T1"	[4, 4]
"4.4.1497974171648.4"	[3029162, 0, -3604, 0, 1]	1497974171648	1106.30807237	"4T1"	[4, 4]
"4.4.1505807102800.1"	[556881325, 0, -85085, 0, 1]	1505807102800	1107.75147081	"4T1"	[2, 2, 2, 2, 2]
"4.4.1512898816000.1"	[59097610, 0, -48620, 0, 1]	1512898816000	1109.05343365	"4T1"	[2, 2, 2, 4]
"4.4.1512898816000.2"	[531878490, 0, -48620, 0, 1]	1512898816000	1109.05343365	"4T1"	[2, 4, 4, 4]
"4.4.1516514923169.1"	[-47437, 81141, -4308, -1, 1]	1516514923169	1109.71555104	"4T1"	[]
"4.4.1518946441729.1"	[56355840, 30496, -15286, -1, 1]	1518946441729	1110.16010207	"4T1"	[2]
"4.4.1519685060473.1"	[-1280164, -142994, -4311, -1, 1]	1519685060473	1110.29503698	"4T1"	[]
"4.4.1523718790753.2"	[17915671, -118615, -14884, -1, 1]	1523718790753	1111.0310743	"4T1"	[2, 2]
"4.4.1526038582697.1"	[-1580564, 156145, -4317, -1, 1]	1526038582697	1111.45370655	"4T1"	[8]
"4.4.1526038582697.2"	[-751628, 121606, -4317, -1, 1]	1526038582697	1111.45370655	"4T1"	[8]
"4.4.1529221973761.1"	[-875641, -126011, -4320, -1, 1]	1529221973761	1112.03289035	"4T1"	[20]
"4.4.1529221973761.2"	[230375, 58325, -4320, -1, 1]	1529221973761	1112.03289035	"4T1"	[4]
"4.4.1530249103424.1"	[227580176, 0, -48298, 0, 1]	1530249103424	1112.2195726	"4T1"	[2, 2, 4]
"4.4.1533498383969.1"	[227966720, -96696, -48354, -1, 1]	1533498383969	1112.80951566	"4T1"	[2, 10]
"4.4.1537001383936.1"	[13358650, 0, -15052, 0, 1]	1537001383936	1113.44447507	"4T1"	[4]
"4.4.1537001383936.2"	[43282026, 0, -15052, 0, 1]	1537001383936	1113.44447507	"4T1"	[4]
"4.4.1553123957549.1"	[-281077, 161535, -12501, -1, 1]	1553123957549	1116.35296382	"4T1"	[4]
"4.4.1553123957549.2"	[5681843, -136611, -12501, -1, 1]	1553123957549	1116.35296382	"4T1"	[4]
"4.4.1558071944857.1"	[-1587924, 157230, -4347, -1, 1]	1558071944857	1117.24103096	"4T1"	[]
"4.4.1559616686129.2"	[231850240, -97516, -48764, -1, 1]	1559616686129	1117.51784858	"4T1"	[2]
"4.4.1561886621117.1"	[34644557, -128747, -42923, -1, 1]	1561886621117	1117.92424804	"4T1"	[2]
"4.4.1566425161549.2"	[236614725, 120189, -40069, -1, 1]	1566425161549	1118.7354825	"4T1"	[2]
"4.4.1567768622113.1"	[108864, -68976, -4356, -1, 1]	1567768622113	1118.97527913	"4T1"	[]
"4.4.1571958769664.1"	[4078850, 0, -11252, 0, 1]	1571958769664	1119.72219731	"4T1"	[2, 4]
"4.4.1571958769664.2"	[27573026, 0, -11252, 0, 1]	1571958769664	1119.72219731	"4T1"	[2, 4]
"4.4.1572558395825.1"	[-738619, -148889, -5468, -1, 1]	1572558395825	1119.82896199	"4T1"	[2, 4]
"4.4.1572558395825.2"	[3715621, -69349, -5468, -1, 1]	1572558395825	1119.82896199	"4T1"	[2, 4]
"4.4.1574255373137.1"	[-1437448, 151956, -4362, -1, 1]	1574255373137	1120.13094694	"4T1"	[]
"4.4.1580193307349.1"	[11230873, -131702, -14694, -1, 1]	1580193307349	1121.18571173	"4T1"	[]
"4.4.1580285475301.1"	[8249075, 132682, -10320, -1, 1]	1580285475301	1121.20206022	"4T1"	[4]
"4.4.1580285475301.2"	[24082191, -30546, -10320, -1, 1]	1580285475301	1121.20206022	"4T1"	[4]
"4.4.1580860859789.1"	[117337793, 175111, -58373, -1, 1]	1580860859789	1121.30410416	"4T1"	[2]
"4.4.1584019010393.1"	[387914, -40071, -4371, -1, 1]	1584019010393	1121.86370391	"4T1"	[]
"4.4.1584661251325.1"	[32547419, 99247, -14235, -1, 1]	1584661251325	1121.97740161	"4T1"	[2, 4]
"4.4.1584661251325.2"	[48875579, -14143, -14235, -1, 1]	1584661251325	1121.97740161	"4T1"	[2, 4]
"4.4.1587282504625.1"	[531441, 729, -4374, -1, 1]	1587282504625	1122.44109131	"4T1"	[30]
"4.4.1588295861969.1"	[200350133, -66789, -33408, -1, 1]	1588295861969	1122.62019644	"4T1"	[2]
"4.4.1588507469632.1"	[8505972, 0, -5834, 0, 1]	1588507469632	1122.65758607	"4T1"	[3, 3, 15]
"4.4.1588916984497.1"	[297979797, 73771, -36892, -1, 1]	1588916984497	1122.72993394	"4T1"	[2]
"4.4.1589397123449.1"	[61383700, 25, -15789, -1, 1]	1589397123449	1122.81474096	"4T1"	[10]
"4.4.1592919910400.3"	[9204650, 0, -30940, 0, 1]	1592919910400	1123.43638449	"4T1"	[2, 2, 2, 4, 4]
"4.4.1592919910400.4"	[230116250, 0, -30940, 0, 1]	1592919910400	1123.43638449	"4T1"	[2, 2, 2, 2, 4]
"4.4.1593822934241.1"	[240875, -57675, -4380, -1, 1]	1593822934241	1123.59556925	"4T1"	[]
"4.4.1597099875769.1"	[530708, -5114, -4383, -1, 1]	1597099875769	1124.17265994	"4T1"	[]
"4.4.1599857647001.1"	[2410532, -135218, -7739, -1, 1]	1599857647001	1124.65763362	"4T1"	[2, 2, 10]
"4.4.1599857647001.2"	[11973746, -44999, -7739, -1, 1]	1599857647001	1124.65763362	"4T1"	[2, 2, 4]
"4.4.1606957644097.1"	[-1150848, -139824, -4392, -1, 1]	1606957644097	1125.90333998	"4T1"	[2, 4, 8]
"4.4.1606957644097.2"	[-213808, 94436, -4392, -1, 1]	1606957644097	1125.90333998	"4T1"	[2, 4, 8]
"4.4.1606957644097.3"	[-38113, -81259, -4392, -1, 1]	1606957644097	1125.90333998	"4T1"	[2, 4, 8]
"4.4.1606957644097.4"	[524111, 12445, -4392, -1, 1]	1606957644097	1125.90333998	"4T1"	[2, 4, 8]
"4.4.1607353278161.1"	[-470848, 162028, -9152, -1, 1]	1607353278161	1125.97263312	"4T1"	[2, 2, 4]
"4.4.1607353278161.2"	[5863216, -125884, -9152, -1, 1]	1607353278161	1125.97263312	"4T1"	[2, 2, 4]
"4.4.1613551973489.1"	[-1151687, 141481, -4398, -1, 1]	1613551973489	1127.05663413	"4T1"	[4]
"4.4.1613551973489.2"	[-412760, -104828, -4398, -1, 1]	1613551973489	1127.05663413	"4T1"	[4]
"4.4.1615358612509.1"	[1067513, 156725, -9363, -1, 1]	1615358612509	1127.37198346	"4T1"	[4]
"4.4.1615358612509.2"	[15368805, 83007, -9363, -1, 1]	1615358612509	1127.37198346	"4T1"	[100]
"4.4.1615734836509.1"	[20448825, -74051, -10699, -1, 1]	1615734836509	1127.43762018	"4T1"	[2, 4, 4]
"4.4.1615734836509.2"	[27393733, 10643, -10699, -1, 1]	1615734836509	1127.43762018	"4T1"	[2, 2, 8]
"4.4.1618167523328.1"	[424682, 0, -14396, 0, 1]	1618167523328	1127.86175466	"4T1"	[4]
"4.4.1618167523328.2"	[51386522, 0, -14396, 0, 1]	1618167523328	1127.86175466	"4T1"	[4]
"4.4.1621718614297.4"	[42927968, -129295, -32337, -1, 1]	1621718614297	1128.48002314	"4T1"	[2, 2]
"4.4.1622337405041.1"	[204645985, -67501, -33764, -1, 1]	1622337405041	1128.58765481	"4T1"	[2, 2]
"4.4.1624812611584.1"	[14121850, 0, -15476, 0, 1]	1624812611584	1129.01788139	"4T1"	[2, 10]
"4.4.1624812611584.2"	[45754794, 0, -15476, 0, 1]	1624812611584	1129.01788139	"4T1"	[2, 2]
"4.4.1633443154433.1"	[353264, 47844, -4416, -1, 1]	1633443154433	1130.51415979	"4T1"	[3]
"4.4.1636774161625.1"	[515916, 18414, -4419, -1, 1]	1636774161625	1131.09007124	"4T1"	[2]
"4.4.1642014902272.1"	[16722, 0, -3716, 0, 1]	1642014902272	1131.99438743	"4T1"	[4]
"4.4.1642014902272.2"	[3435442, 0, -3716, 0, 1]	1642014902272	1131.99438743	"4T1"	[4]
"4.4.1643449755401.1"	[-1300000, -146775, -4425, -1, 1]	1643449755401	1132.24160104	"4T1"	[5]
"4.4.1652767552889.2"	[245700860, -100386, -50199, -1, 1]	1652767552889	1133.84305573	"4T1"	[2, 4]
"4.4.1656855346537.1"	[520236, -17010, -4437, -1, 1]	1656855346537	1134.54349055	"4T1"	[]
"4.4.1659023982037.1"	[681533833, 52940, -52942, -1, 1]	1659023982037	1134.91455562	"4T1"	[2]
"4.4.1659523241225.1"	[367684, 141968, -5567, -1, 1]	1659523241225	1134.99993	"4T1"	[2, 2]
"4.4.1660883238073.1"	[43966644, -130847, -32725, -1, 1]	1660883238073	1135.23239468	"4T1"	[3, 6]
"4.4.1665396911561.1"	[210079880, -68391, -34209, -1, 1]	1665396911561	1136.00289656	"4T1"	[10, 10]
"4.4.1674076489889.1"	[211175203, -68569, -34298, -1, 1]	1674076489889	1137.48014413	"4T1"	[10]
"4.4.1678191717793.1"	[314727311, 75815, -37914, -1, 1]	1678191717793	1138.1785413	"4T1"	[2]
"4.4.1679258717008.1"	[2495293, 0, -4717, 0, 1]	1679258717008	1138.35941249	"4T1"	[2, 4]
"4.4.1679258717008.2"	[5136813, 0, -4717, 0, 1]	1679258717008	1138.35941249	"4T1"	[2, 4]
"4.4.1680640783177.3"	[44490638, -131623, -32919, -1, 1]	1680640783177	1138.59356383	"4T1"	[2]
"4.4.1681300598141.1"	[11962019, -135851, -15155, -1, 1]	1681300598141	1138.70529956	"4T1"	[]
"4.4.1683884831273.1"	[-1615436, -159866, -4461, -1, 1]	1683884831273	1139.14260764	"4T1"	[37]
"4.4.1684632112717.1"	[692054783, 53347, -53349, -1, 1]	1684632112717	1139.26896998	"4T1"	[2, 10]
"4.4.1684801439744.1"	[46850, 0, -3748, 0, 1]	1684801439744	1139.29759667	"4T1"	[4]
"4.4.1684801439744.2"	[3465026, 0, -3748, 0, 1]	1684801439744	1139.29759667	"4T1"	[4]
"4.4.1686433531921.1"	[62592272, 32132, -16104, -1, 1]	1686433531921	1139.57341012	"4T1"	[2]
"4.4.1698948276881.1"	[52225321, 61541, -15434, -1, 1]	1698948276881	1141.68169874	"4T1"	[2]
"4.4.1701375529261.1"	[29008931, -111223, -15945, -1, 1]	1701375529261	1142.08925473	"4T1"	[]
"4.4.1705497178489.2"	[10103612, 56321, -7293, -1, 1]	1705497178489	1142.7803163	"4T1"	[4, 4]
"4.4.1705759875977.2"	[102977072, 16, -20399, -1, 1]	1705759875977	1142.82431933	"4T1"	[2, 6]
"4.4.1706470647808.1"	[679402, 0, -3764, 0, 1]	1706470647808	1142.94335139	"4T1"	[6]
"4.4.1706470647808.2"	[2862522, 0, -3764, 0, 1]	1706470647808	1142.94335139	"4T1"	[6]
"4.4.1707775420177.1"	[510197, -23159, -4482, -1, 1]	1707775420177	1143.16176322	"4T1"	[]
"4.4.1712800668829.2"	[258733935, 125679, -41899, -1, 1]	1712800668829	1144.00179521	"4T1"	[2, 2]
"4.4.1714384064021.1"	[-282335, 169712, -13130, -1, 1]	1714384064021	1144.26609615	"4T1"	[4]
"4.4.1714384064021.2"	[6295747, -143530, -13130, -1, 1]	1714384064021	1144.26609615	"4T1"	[4]
"4.4.1714642566209.1"	[-206512, -95004, -4488, -1, 1]	1714642566209	1144.30922805	"4T1"	[5]
"4.4.1715932202048.1"	[2346512, 0, -5986, 0, 1]	1715932202048	1144.524335	"4T1"	[2, 2, 12]
"4.4.1715932202048.2"	[8093072, 0, -5986, 0, 1]	1715932202048	1144.524335	"4T1"	[2, 2, 12]
"4.4.1724056550693.1"	[38247391, -135266, -45096, -1, 1]	1724056550693	1145.87666855	"4T1"	[2]
"4.4.1727797757461.1"	[261000207, 126228, -42082, -1, 1]	1727797757461	1146.49780209	"4T1"	[2]
"4.4.1735354408913.1"	[-890056, -131436, -4506, -1, 1]	1735354408913	1147.74932461	"4T1"	[2, 2]
"4.4.1735354408913.2"	[-637699, 120921, -4506, -1, 1]	1735354408913	1147.74932461	"4T1"	[2, 2]
"4.4.1743024076001.1"	[3170560, -150848, -12660, -1, 1]	1743024076001	1149.01539209	"4T1"	[2, 8]
"4.4.1743024076001.2"	[22434311, -100551, -12660, -1, 1]	1743024076001	1149.01539209	"4T1"	[2, 8]
"4.4.1746655111168.1"	[18253818, 0, -21692, 0, 1]	1746655111168	1149.61332704	"4T1"	[2, 52]
"4.4.1746655111168.2"	[99381898, 0, -21692, 0, 1]	1746655111168	1149.61332704	"4T1"	[2, 4]
"4.4.1749730943093.1"	[38011, 155800, -6174, -1, 1]	1749730943093	1150.11910586	"4T1"	[4]
"4.4.1749730943093.2"	[2527519, -120812, -6174, -1, 1]	1749730943093	1150.11910586	"4T1"	[4]
"4.4.1750364874752.1"	[93002, 0, -3796, 0, 1]	1750364874752	1150.22326443	"4T1"	[2, 4]
"4.4.1750364874752.2"	[1004042, 0, -3796, 0, 1]	1750364874752	1150.22326443	"4T1"	[2, 4]
"4.4.1750364874752.3"	[2598362, 0, -3796, 0, 1]	1750364874752	1150.22326443	"4T1"	[2, 4]
"4.4.1750364874752.4"	[3509402, 0, -3796, 0, 1]	1750364874752	1150.22326443	"4T1"	[2, 4]
"4.4.1752544462397.1"	[38880317, -136379, -45467, -1, 1]	1752544462397	1150.58116732	"4T1"	[2]
"4.4.1753207850201.1"	[221161270, -70171, -35099, -1, 1]	1753207850201	1150.69003377	"4T1"	[2]
"4.4.1759925356544.1"	[8062850, 0, -13724, 0, 1]	1759925356544	1151.79068564	"4T1"	[2, 4]
"4.4.1759925356544.2"	[39024194, 0, -13724, 0, 1]	1759925356544	1151.79068564	"4T1"	[2, 4]
"4.4.1772591466496.1"	[428850, 0, -3812, 0, 1]	1772591466496	1153.85746351	"4T1"	[2, 2, 4]
"4.4.1772591466496.2"	[3203986, 0, -3812, 0, 1]	1772591466496	1153.85746351	"4T1"	[4, 4, 4]
"4.4.1781013034057.2"	[40564476, -113130, -18897, -1, 1]	1781013034057	1155.2255204	"4T1"	[2, 2]
"4.4.1787862255353.1"	[-1636646, -163091, -4551, -1, 1]	1787862255353	1156.33458163	"4T1"	[2, 2]
"4.4.1787862255353.2"	[-1321084, -150954, -4551, -1, 1]	1787862255353	1156.33458163	"4T1"	[2, 2]
"4.4.1791388304617.1"	[1738212, -156494, -15709, -1, 1]	1791388304617	1156.90429564	"4T1"	[2]
"4.4.1796257286144.3"	[4660850, 0, -12028, 0, 1]	1796257286144	1157.68961021	"4T1"	[2, 4]
"4.4.1796257286144.4"	[31507346, 0, -12028, 0, 1]	1796257286144	1157.68961021	"4T1"	[2, 4]
"4.4.1801087411957.1"	[739899853, 55160, -55162, -1, 1]	1801087411957	1158.46708189	"4T1"	[2]
"4.4.1802337944137.1"	[21226822, -129007, -16183, -1, 1]	1802337944137	1158.66811646	"4T1"	[2]
"4.4.1804395776000.1"	[83810, 0, -9860, 0, 1]	1804395776000	1158.99870429	"4T1"	[2, 2, 4, 20]
"4.4.1804395776000.2"	[10141010, 0, -9860, 0, 1]	1804395776000	1158.99870429	"4T1"	[2, 2, 2, 4]
"4.4.1804395776000.3"	[14163890, 0, -9860, 0, 1]	1804395776000	1158.99870429	"4T1"	[2, 2, 2, 4]
"4.4.1804395776000.4"	[24221090, 0, -9860, 0, 1]	1804395776000	1158.99870429	"4T1"	[2, 4, 4, 8]
"4.4.1804446684217.2"	[14337614, -127159, -12807, -1, 1]	1804446684217	1159.00687904	"4T1"	[2, 12]
"4.4.1804446684217.3"	[32858298, 76365, -12807, -1, 1]	1804446684217	1159.00687904	"4T1"	[2, 60]
"4.4.1808386866000.1"	[15643485, 0, -36465, 0, 1]	1808386866000	1159.63906218	"4T1"	[2, 2, 2, 4]
"4.4.1808386866000.2"	[140791365, 0, -36465, 0, 1]	1808386866000	1159.63906218	"4T1"	[2, 2, 2, 4]
"4.4.1812724153057.1"	[-894709, 134885, -4572, -1, 1]	1812724153057	1160.33376559	"4T1"	[4]
"4.4.1812724153057.2"	[470907, 37341, -4572, -1, 1]	1812724153057	1160.33376559	"4T1"	[4]
"4.4.1814093622848.1"	[3190928, 0, -17342, 0, 1]	1814093622848	1160.55285464	"4T1"	[2, 2, 4]
"4.4.1814093622848.2"	[51054848, 0, -17342, 0, 1]	1814093622848	1160.55285464	"4T1"	[2, 2, 4]
"4.4.1819869645329.1"	[-1481152, 159480, -4578, -1, 1]	1819869645329	1161.4755455	"4T1"	[2]
"4.4.1819869645329.2"	[142645, 74017, -4578, -1, 1]	1819869645329	1161.4755455	"4T1"	[2]
"4.4.1821573828401.1"	[270800896, -105388, -52700, -1, 1]	1821573828401	1161.74736061	"4T1"	[2, 26]
"4.4.1836910653793.1"	[344502551, 79319, -39666, -1, 1]	1836910653793	1164.185024	"4T1"	[2, 2]
"4.4.1846768313477.1"	[7626119, 130936, -8912, -1, 1]	1846768313477	1165.74377117	"4T1"	[2, 4]
"4.4.1846768313477.2"	[13697153, -78410, -8912, -1, 1]	1846768313477	1165.74377117	"4T1"	[2, 20]
"4.4.1851788150784.5"	[56316546, 0, -29172, 0, 1]	1851788150784	1166.53513852	"4T1"	[2, 2, 2, 2, 4]
"4.4.1851788150784.6"	[156434850, 0, -29172, 0, 1]	1851788150784	1166.53513852	"4T1"	[2, 2, 2, 2, 4]
"4.4.1855878893569.1"	[479223, -36099, -4608, -1, 1]	1855878893569	1167.17884703	"4T1"	[]
"4.4.1859546647093.1"	[763917589, 56048, -56050, -1, 1]	1859546647093	1167.7550909	"4T1"	[2, 2]
"4.4.1864434871917.1"	[-581091, 155691, -5177, -1, 1]	1864434871917	1168.52176043	"4T1"	[2, 4]
"4.4.1864434871917.2"	[3040113, 49185, -5177, -1, 1]	1864434871917	1168.52176043	"4T1"	[2, 4]
"4.4.1879933077641.1"	[237153680, -72663, -36345, -1, 1]	1879933077641	1170.94257579	"4T1"	[10]
"4.4.1884554343817.1"	[353440452, 80341, -40177, -1, 1]	1884554343817	1171.66151843	"4T1"	[2]
"4.4.1887966800941.1"	[9919315, 145019, -11269, -1, 1]	1887966800941	1172.19155523	"4T1"	[4]
"4.4.1887966800941.2"	[28830987, -33393, -11269, -1, 1]	1887966800941	1172.19155523	"4T1"	[4]
"4.4.1892894657621.1"	[-620375, 172100, -7190, -1, 1]	1892894657621	1172.95570355	"4T1"	[2, 4]
"4.4.1892894657621.2"	[10769179, 7034, -7190, -1, 1]	1892894657621	1172.95570355	"4T1"	[2, 20]
"4.4.1892920509101.1"	[13493461, -144149, -16077, -1, 1]	1892920509101	1172.95970833	"4T1"	[]
"4.4.1902881499136.1"	[16538650, 0, -16748, 0, 1]	1902881499136	1174.49976961	"4T1"	[4]
"4.4.1902881499136.2"	[53585226, 0, -16748, 0, 1]	1902881499136	1174.49976961	"4T1"	[4]
"4.4.1904037080400.1"	[60913125, 0, -23205, 0, 1]	1904037080400	1174.67804148	"4T1"	[2, 2, 2, 2, 4]
"4.4.1904037080400.2"	[119389725, 0, -23205, 0, 1]	1904037080400	1174.67804148	"4T1"	[2, 2, 2, 2, 4]
"4.4.1909913257984.1"	[1424466, 0, -3908, 0, 1]	1909913257984	1175.58330781	"4T1"	[12]
"4.4.1909913257984.2"	[2393650, 0, -3908, 0, 1]	1909913257984	1175.58330781	"4T1"	[12]
"4.4.1913004288000.1"	[258570, 0, -13260, 0, 1]	1913004288000	1176.05866448	"4T1"	[2, 2, 4, 4]
"4.4.1913004288000.2"	[12669930, 0, -13260, 0, 1]	1913004288000	1176.05866448	"4T1"	[2, 2, 4, 4]
"4.4.1913004288000.3"	[31286970, 0, -13260, 0, 1]	1913004288000	1176.05866448	"4T1"	[2, 2, 4, 4]
"4.4.1913004288000.4"	[43698330, 0, -13260, 0, 1]	1913004288000	1176.05866448	"4T1"	[2, 2, 4, 20]
"4.4.1916952409769.3"	[241825468, -73375, -36701, -1, 1]	1916952409769	1176.66499265	"4T1"	[2, 2, 2]
"4.4.1921496467456.1"	[58436514, 0, -29716, 0, 1]	1921496467456	1177.36168277	"4T1"	[2, 2, 4]
"4.4.1921496467456.2"	[162323650, 0, -29716, 0, 1]	1921496467456	1177.36168277	"4T1"	[2, 2, 4]
"4.4.1923419062501.2"	[290561661, 133182, -44400, -1, 1]	1923419062501	1177.65608104	"4T1"	[2, 2]
"4.4.1926942020341.1"	[-40219, -166058, -9930, -1, 1]	1926942020341	1178.19496336	"4T1"	[4]
"4.4.1926942020341.2"	[16299819, -87876, -9930, -1, 1]	1926942020341	1178.19496336	"4T1"	[4]
"4.4.1928374154477.1"	[42786947, -143057, -47693, -1, 1]	1928374154477	1178.41381571	"4T1"	[2]
"4.4.1930880328929.1"	[287053952, -108504, -54258, -1, 1]	1930880328929	1178.79650497	"4T1"	[2]
"4.4.1937466965377.2"	[51302463, -141323, -35344, -1, 1]	1937466965377	1179.80050189	"4T1"	[2, 2]
"4.4.1939309548349.1"	[292962987, 133731, -44583, -1, 1]	1939309548349	1180.08090738	"4T1"	[2]
"4.4.1943038392217.1"	[2455184, -146564, -7617, -1, 1]	1943038392217	1180.64775451	"4T1"	[2, 2]
"4.4.1943038392217.2"	[6680288, 117505, -7617, -1, 1]	1943038392217	1180.64775451	"4T1"	[2, 2]
"4.4.1955469687625.1"	[-1343164, -155531, -4689, -1, 1]	1955469687625	1182.53164663	"4T1"	[2, 4, 40]
"4.4.1955469687625.2"	[-1343164, 157094, -4689, -1, 1]	1955469687625	1182.53164663	"4T1"	[2, 4, 8]
"4.4.1955469687625.3"	[-292744, -105511, -4689, -1, 1]	1955469687625	1182.53164663	"4T1"	[2, 4, 8]
"4.4.1955469687625.4"	[457556, -42986, -4689, -1, 1]	1955469687625	1182.53164663	"4T1"	[2, 4, 8]
"4.4.1972459739225.1"	[-1214876, -171292, -5897, -1, 1]	1972459739225	1185.09191932	"4T1"	[2, 2]
"4.4.1974294778625.1"	[614656, 784, -4704, -1, 1]	1974294778625	1185.36745499	"4T1"	[2, 20]
"4.4.1975711510592.1"	[9837632, 0, -6274, 0, 1]	1975711510592	1185.58004941	"4T1"	[8, 144]
"4.4.1976530044928.1"	[2193138, 0, -13172, 0, 1]	1976530044928	1185.70282635	"4T1"	[2, 4]
"4.4.1976530044928.2"	[41182258, 0, -13172, 0, 1]	1976530044928	1185.70282635	"4T1"	[2, 4]
"4.4.1981671659833.3"	[371659646, 82385, -41199, -1, 1]	1981671659833	1186.47317757	"4T1"	[2, 2, 2]
"4.4.1994764872400.2"	[95138125, 0, -26245, 0, 1]	1994764872400	1188.42814358	"4T1"	[2, 2, 2, 4]
"4.4.2001073284313.1"	[23590136, -135935, -17049, -1, 1]	2001073284313	1189.36662757	"4T1"	[26]
"4.4.2001758480384.3"	[11567114, 0, -34684, 0, 1]	2001758480384	1189.46842853	"4T1"	[2, 4]
"4.4.2001758480384.4"	[289177850, 0, -34684, 0, 1]	2001758480384	1189.46842853	"4T1"	[2, 4]
"4.4.2009608966649.1"	[61817308, 66929, -16781, -1, 1]	2009608966649	1190.63293014	"4T1"	[2]
"4.4.2019967090721.1"	[-640000, 127200, -4740, -1, 1]	2019967090721	1192.16419291	"4T1"	[]
"4.4.2022562183933.1"	[830892029, 58453, -58455, -1, 1]	2022562183933	1192.54690804	"4T1"	[2]
"4.4.2029623240704.1"	[1246250, 0, -3988, 0, 1]	2029623240704	1193.58638655	"4T1"	[2]
"4.4.2029623240704.2"	[2729786, 0, -3988, 0, 1]	2029623240704	1193.58638655	"4T1"	[2]
"4.4.2031380379761.3"	[301997632, -111292, -55652, -1, 1]	2031380379761	1193.8446385	"4T1"	[2, 2, 4]
"4.4.2052373324069.1"	[310048965, 137574, -45864, -1, 1]	2052373324069	1196.91715139	"4T1"	[2, 2]
"4.4.2056253181673.1"	[54453314, -145591, -36411, -1, 1]	2056253181673	1197.48242132	"4T1"	[2]
"4.4.2061926500397.1"	[5112649, 167281, -11277, -1, 1]	2061926500397	1198.30754851	"4T1"	[4]
"4.4.2061926500397.2"	[19560133, -100265, -11277, -1, 1]	2061926500397	1198.30754851	"4T1"	[52]
"4.4.2067522401993.2"	[124852912, 16, -22455, -1, 1]	2067522401993	1199.1197498	"4T1"	[2, 6]
"4.4.2076667084577.1"	[21385087, -87919, -11132, -1, 1]	2076667084577	1200.44348739	"4T1"	[2, 2]
"4.4.2076667084577.2"	[28116016, 44060, -11132, -1, 1]	2076667084577	1200.44348739	"4T1"	[2, 2]
"4.4.2080412161861.1"	[3235959, 149214, -7420, -1, 1]	2080412161861	1200.984344	"4T1"	[4]
"4.4.2080412161861.2"	[11071875, 35650, -7420, -1, 1]	2080412161861	1200.984344	"4T1"	[4]
"4.4.2083049113600.1"	[63349650, 0, -30940, 0, 1]	2083049113600	1201.36472939	"4T1"	[2, 2, 2, 4]
"4.4.2083049113600.2"	[175971250, 0, -30940, 0, 1]	2083049113600	1201.36472939	"4T1"	[2, 2, 2, 4]
"4.4.2086743468032.2"	[547658, 0, -16348, 0, 1]	2086743468032	1201.89704021	"4T1"	[20]
"4.4.2086743468032.3"	[66266618, 0, -16348, 0, 1]	2086743468032	1201.89704021	"4T1"	[4]
"4.4.2089262738737.1"	[55328933, -146755, -36702, -1, 1]	2089262738737	1202.2596308	"4T1"	[2, 2]
"4.4.2089691489600.5"	[66852500, 0, -24310, 0, 1]	2089691489600	1202.32130688	"4T1"	[2, 2, 2, 4]
"4.4.2089691489600.6"	[131030900, 0, -24310, 0, 1]	2089691489600	1202.32130688	"4T1"	[2, 2, 2, 4]
"4.4.2097300744000.4"	[18142740, 0, -39270, 0, 1]	2097300744000	1203.41432738	"4T1"	[2, 2, 2, 2, 4]
"4.4.2097300744000.6"	[163284660, 0, -39270, 0, 1]	2097300744000	1203.41432738	"4T1"	[2, 2, 2, 4, 4]
"4.4.2100324335497.1"	[55622358, -147143, -36799, -1, 1]	2100324335497	1203.84782123	"4T1"	[2, 10]
"4.4.2100456761344.1"	[18255850, 0, -17596, 0, 1]	2100456761344	1203.86679649	"4T1"	[4]
"4.4.2100456761344.2"	[59148954, 0, -17596, 0, 1]	2100456761344	1203.86679649	"4T1"	[4]
"4.4.2103795156992.1"	[341042, 0, -4036, 0, 1]	2103795156992	1204.34485805	"4T1"	[4]
"4.4.2103795156992.2"	[3731282, 0, -4036, 0, 1]	2103795156992	1204.34485805	"4T1"	[4]
"4.4.2113414013537.1"	[-1872064, -178860, -4812, -1, 1]	2113414013537	1205.71911388	"4T1"	[4]
"4.4.2113414013537.2"	[591872, -24864, -4812, -1, 1]	2113414013537	1205.71911388	"4T1"	[4]
"4.4.2118952088593.1"	[2094672, -170204, -17080, -1, 1]	2118952088593	1206.50821759	"4T1"	[2]
"4.4.2128914835456.1"	[2026, 0, -4052, 0, 1]	2128914835456	1207.92389385	"4T1"	[70]
"4.4.2128914835456.2"	[4102650, 0, -4052, 0, 1]	2128914835456	1207.92389385	"4T1"	[406]
"4.4.2131362696041.1"	[316864396, -113998, -57005, -1, 1]	2131362696041	1208.27096682	"4T1"	[2]
"4.4.2139430811653.1"	[878907299, 60118, -60120, -1, 1]	2139430811653	1209.41280228	"4T1"	[2]
"4.4.2140667117221.1"	[323391861, 140502, -46840, -1, 1]	2140667117221	1209.58748424	"4T1"	[50]
"4.4.2149186117625.1"	[-1701494, -173411, -4839, -1, 1]	2149186117625	1210.78911128	"4T1"	[4, 8]
"4.4.2149186117625.2"	[-1056244, 149214, -4839, -1, 1]	2149186117625	1210.78911128	"4T1"	[4, 8]
"4.4.2149186117625.3"	[-1365964, -160506, -4839, -1, 1]	2149186117625	1210.78911128	"4T1"	[4, 8]
"4.4.2149186117625.4"	[569786, 33069, -4839, -1, 1]	2149186117625	1210.78911128	"4T1"	[4, 8]
"4.4.2153185532497.1"	[-1879699, -179975, -4842, -1, 1]	2153185532497	1211.35200721	"4T1"	[2, 2]
"4.4.2153185532497.2"	[-1531048, 168676, -4842, -1, 1]	2153185532497	1211.35200721	"4T1"	[2, 10]
"4.4.2156070402337.1"	[57101123, -149083, -37284, -1, 1]	2156070402337	1211.75755034	"4T1"	[2, 2]
"4.4.2162704021568.1"	[3310592, 0, -6466, 0, 1]	2162704021568	1212.68853576	"4T1"	[2, 4]
"4.4.2162704021568.2"	[8742032, 0, -6466, 0, 1]	2162704021568	1212.68853576	"4T1"	[2, 4]
"4.4.2167307232313.1"	[57399204, -149471, -37381, -1, 1]	2167307232313	1213.33330855	"4T1"	[10]
"4.4.2168315379401.1"	[322359052, -114982, -57497, -1, 1]	2168315379401	1213.47438282	"4T1"	[2]
"4.4.2168362228032.5"	[801909108, 0, -102102, 0, 1]	2168362228032	1213.48093735	"4T1"	[2, 2, 2, 2, 2]
"4.4.2174016291536.1"	[128525, 0, -5141, 0, 1]	2174016291536	1214.27121116	"4T1"	[2, 4]
"4.4.2174016291536.2"	[2719589, 0, -5141, 0, 1]	2174016291536	1214.27121116	"4T1"	[2, 4]
"4.4.2177286259681.1"	[-640000, -128800, -4860, -1, 1]	2177286259681	1214.7275544	"4T1"	[8]
"4.4.2179368270809.1"	[13141450, 83465, -8579, -1, 1]	2179368270809	1215.0178435	"4T1"	[2, 2, 2]
"4.4.2179368270809.2"	[16141780, -16546, -8579, -1, 1]	2179368270809	1215.0178435	"4T1"	[2, 2, 10]
"4.4.2179752470528.1"	[737162, 0, -4084, 0, 1]	2179752470528	1215.07138868	"4T1"	[2]
"4.4.2179752470528.2"	[3432602, 0, -4084, 0, 1]	2179752470528	1215.07138868	"4T1"	[2]
"4.4.2180441971733.1"	[48387881, -152120, -50714, -1, 1]	2180441971733	1215.16746539	"4T1"	[2, 2]
"4.4.2181807941632.5"	[22801482, 0, -24244, 0, 1]	2181807941632	1215.35773558	"4T1"	[2, 2, 4]
"4.4.2181807941632.6"	[124141402, 0, -24244, 0, 1]	2181807941632	1215.35773558	"4T1"	[2, 2, 4]
"4.4.2206102494809.3"	[278316358, -78715, -39371, -1, 1]	2206102494809	1218.72696836	"4T1"	[2, 2]
"4.4.2208580429824.1"	[221850, 0, -5916, 0, 1]	2208580429824	1219.06904846	"4T1"	[4, 4]
"4.4.2208580429824.2"	[3203514, 0, -5916, 0, 1]	2208580429824	1219.06904846	"4T1"	[4, 4]
"4.4.2208580429824.3"	[5546250, 0, -5916, 0, 1]	2208580429824	1219.06904846	"4T1"	[4, 4]
"4.4.2208580429824.4"	[8527914, 0, -5916, 0, 1]	2208580429824	1219.06904846	"4T1"	[4, 4]
"4.4.2218899195217.2"	[50581728, -126276, -21088, -1, 1]	2218899195217	1220.49047144	"4T1"	[2, 2]
"4.4.2219449498549.1"	[335297475, 143064, -47694, -1, 1]	2219449498549	1220.56613706	"4T1"	[10]
"4.4.2231199109001.1"	[68660966, 70521, -17679, -1, 1]	2231199109001	1222.17833794	"4T1"	[26]
"4.4.2233863698981.1"	[15963499, -156596, -17460, -1, 1]	2233863698981	1222.54306859	"4T1"	[]
"4.4.2234219220017.1"	[549832, 40036, -4902, -1, 1]	2234219220017	1222.59170784	"4T1"	[4]
"4.4.2236516653901.1"	[337876677, 143613, -47877, -1, 1]	2236516653901	1222.9058826	"4T1"	[2, 2]
"4.4.2237949446144.1"	[10252850, 0, -15476, 0, 1]	2237949446144	1223.10169483	"4T1"	[2, 4]
"4.4.2237949446144.2"	[49623794, 0, -15476, 0, 1]	2237949446144	1223.10169483	"4T1"	[2, 4]
"4.4.2240043624000.3"	[132546960, 0, -46410, 0, 1]	2240043624000	1223.38772611	"4T1"	[2, 2, 2, 2, 20]
"4.4.2240043624000.4"	[530187840, 0, -46410, 0, 1]	2240043624000	1223.38772611	"4T1"	[2, 2, 2, 2, 4]
"4.4.2253933824000.1"	[104690, 0, -11020, 0, 1]	2253933824000	1225.27984641	"4T1"	[4, 4]
"4.4.2253933824000.3"	[12667490, 0, -11020, 0, 1]	2253933824000	1225.27984641	"4T1"	[4, 4]
"4.4.2253933824000.4"	[17692610, 0, -11020, 0, 1]	2253933824000	1225.27984641	"4T1"	[4, 4]
"4.4.2253933824000.5"	[30255410, 0, -11020, 0, 1]	2253933824000	1225.27984641	"4T1"	[4, 4]
"4.4.2257516414976.1"	[1737506, 0, -4132, 0, 1]	2257516414976	1225.76644704	"4T1"	[4]
"4.4.2257516414976.2"	[2530850, 0, -4132, 0, 1]	2257516414976	1225.76644704	"4T1"	[4]
"4.4.2260469570624.3"	[839936, 0, -6562, 0, 1]	2260469570624	1226.16712017	"4T1"	[2, 4, 60]
"4.4.2260469570624.4"	[5249600, 0, -6562, 0, 1]	2260469570624	1226.16712017	"4T1"	[2, 2, 12]
"4.4.2265251647981.1"	[5484707, 106997, -6729, -1, 1]	2265251647981	1226.8151028	"4T1"	[4]
"4.4.2265251647981.2"	[7896515, -43741, -6729, -1, 1]	2265251647981	1226.8151028	"4T1"	[4]
"4.4.2269752951217.1"	[60116853, -152963, -38254, -1, 1]	2269752951217	1227.42410319	"4T1"	[2]
"4.4.2283842873344.1"	[101626, 0, -4148, 0, 1]	2283842873344	1229.32455187	"4T1"	[2, 4]
"4.4.2283842873344.2"	[466650, 0, -4148, 0, 1]	2283842873344	1229.32455187	"4T1"	[2, 4]
"4.4.2283842873344.3"	[3834826, 0, -4148, 0, 1]	2283842873344	1229.32455187	"4T1"	[2, 4]
"4.4.2283842873344.4"	[4199850, 0, -4148, 0, 1]	2283842873344	1229.32455187	"4T1"	[2, 4]
"4.4.2285362864448.1"	[1593812, 0, -6586, 0, 1]	2285362864448	1229.52904232	"4T1"	[4]
"4.4.2285362864448.2"	[4755092, 0, -6586, 0, 1]	2285362864448	1229.52904232	"4T1"	[4]
"4.4.2308610304000.5"	[90180090, 0, -60060, 0, 1]	2308610304000	1232.64397543	"4T1"	[2, 2, 2, 2, 4]
"4.4.2308610304000.6"	[811620810, 0, -60060, 0, 1]	2308610304000	1232.64397543	"4T1"	[2, 2, 2, 2, 4]
"4.4.2316626312000.2"	[5791565780, 0, -170170, 0, 1]	2316626312000	1233.71258846	"4T1"	[2, 2, 2, 2]
"4.4.2327447398841.2"	[293630410, -80851, -40439, -1, 1]	2327447398841	1235.15075631	"4T1"	[2]
"4.4.2333168748217.2"	[437601422, 89393, -44703, -1, 1]	2333168748217	1235.90912189	"4T1"	[2]
"4.4.2340542992073.3"	[3605332, 197006, -19745, -1, 1]	2340542992073	1236.88452424	"4T1"	[2, 2, 2, 4]
"4.4.2340542992073.4"	[65379044, 118213, -19745, -1, 1]	2340542992073	1236.88452424	"4T1"	[2, 2, 2, 4]
"4.4.2343344580608.1"	[615002, 0, -17324, 0, 1]	2343344580608	1237.25449043	"4T1"	[4]
"4.4.2343344580608.2"	[74415242, 0, -17324, 0, 1]	2343344580608	1237.25449043	"4T1"	[4]
"4.4.2346804456569.1"	[-2104282, 193521, -4983, -1, 1]	2346804456569	1237.71092981	"4T1"	[4]
"4.4.2346804456569.2"	[-775382, 140365, -4983, -1, 1]	2346804456569	1237.71092981	"4T1"	[4]
"4.4.2348549350649.1"	[24653900, 138930, -13983, -1, 1]	2348549350649	1237.94093114	"4T1"	[6]
"4.4.2352598983457.1"	[2350592, -179344, -17994, -1, 1]	2352598983457	1238.47423565	"4T1"	[2]
"4.4.2358291202529.1"	[297523003, -81385, -40706, -1, 1]	2358291202529	1239.22269292	"4T1"	[2]
"4.4.2364048689152.1"	[1529442, 0, -4196, 0, 1]	2364048689152	1239.97835504	"4T1"	[4]
"4.4.2364048689152.2"	[2872162, 0, -4196, 0, 1]	2364048689152	1239.97835504	"4T1"	[4]
"4.4.2381285135701.2"	[359754327, 148188, -49402, -1, 1]	2381285135701	1242.23239401	"4T1"	[2, 2]
"4.4.2384290250221.1"	[-667875, -185525, -7765, -1, 1]	2384290250221	1242.62412421	"4T1"	[2, 4]
"4.4.2384290250221.2"	[2184381, 171007, -7765, -1, 1]	2384290250221	1242.62412421	"4T1"	[2, 4]
"4.4.2389443522409.1"	[-2112772, 194686, -5013, -1, 1]	2389443522409	1243.29501534	"4T1"	[2]
"4.4.2389443522409.2"	[-508492, 127841, -5013, -1, 1]	2389443522409	1243.29501534	"4T1"	[2]
"4.4.2393450512529.1"	[355835552, -120804, -60408, -1, 1]	2393450512529	1243.81592544	"4T1"	[10]
"4.4.2402510742157.1"	[986993623, 63707, -63709, -1, 1]	2402510742157	1244.99135146	"4T1"	[2]
"4.4.2412985480769.2"	[358740320, -121296, -60654, -1, 1]	2412985480769	1246.34615201	"4T1"	[2, 2, 2]
"4.4.2415113660416.3"	[20990650, 0, -18868, 0, 1]	2415113660416	1246.620871	"4T1"	[2, 2, 2]
"4.4.2415113660416.4"	[68009706, 0, -18868, 0, 1]	2415113660416	1246.620871	"4T1"	[2, 2, 2]
"4.4.2417916314125.1"	[-610659, -187911, -9189, -1, 1]	2417916314125	1246.98237854	"4T1"	[2, 4, 4]
"4.4.2417916314125.2"	[11279921, -116281, -9189, -1, 1]	2417916314125	1246.98237854	"4T1"	[2, 4, 4]
"4.4.2417916314125.3"	[14288381, 98609, -9189, -1, 1]	2417916314125	1246.98237854	"4T1"	[2, 4, 4]
"4.4.2417916314125.4"	[17726621, -44651, -9189, -1, 1]	2417916314125	1246.98237854	"4T1"	[2, 4, 4]
"4.4.2426988316672.2"	[2692962, 0, -14596, 0, 1]	2426988316672	1248.15040337	"4T1"	[2, 4]
"4.4.2426988316672.3"	[50567842, 0, -14596, 0, 1]	2426988316672	1248.15040337	"4T1"	[2, 4]
"4.4.2433301724017.3"	[456386877, 91291, -45652, -1, 1]	2433301724017	1248.96132678	"4T1"	[2, 2, 2]
"4.4.2433815049697.1"	[64469243, -158395, -39612, -1, 1]	2433815049697	1249.02719132	"4T1"	[2]
"4.4.2436939554993.1"	[707281, 841, -5046, -1, 1]	2436939554993	1249.42787036	"4T1"	[13]
"4.4.2439543089152.1"	[25495002, 0, -25636, 0, 1]	2439543089152	1249.76144713	"4T1"	[2, 2, 2]
"4.4.2439543089152.2"	[138806122, 0, -25636, 0, 1]	2439543089152	1249.76144713	"4T1"	[2, 2, 2]
"4.4.2446110681088.1"	[935802, 0, -4244, 0, 1]	2446110681088	1250.60173254	"4T1"	[2]
"4.4.2446110681088.2"	[3567082, 0, -4244, 0, 1]	2446110681088	1250.60173254	"4T1"	[2]
"4.4.2449411970624.1"	[309230144, 0, -41474, 0, 1]	2449411970624	1251.02347455	"4T1"	[2, 2, 10]
"4.4.2450001363641.1"	[-2124574, 196317, -5055, -1, 1]	2450001363641	1251.09872506	"4T1"	[2, 2, 4]
"4.4.2450001363641.2"	[-1747106, -181151, -5055, -1, 1]	2450001363641	1251.09872506	"4T1"	[2, 2, 4]
"4.4.2450001363641.3"	[-48500, 101950, -5055, -1, 1]	2450001363641	1251.09872506	"4T1"	[2, 2, 4]
"4.4.2450001363641.4"	[706436, -5898, -5055, -1, 1]	2450001363641	1251.09872506	"4T1"	[2, 2, 4]
"4.4.2450263737493.3"	[50465011, 123404, -17686, -1, 1]	2450263737493	1251.13221917	"4T1"	[2, 2, 4]
"4.4.2450263737493.4"	[75703653, -17594, -17686, -1, 1]	2450263737493	1251.13221917	"4T1"	[2, 2, 4]
"4.4.2463109762625.1"	[-1232384, -161216, -5064, -1, 1]	2463109762625	1252.76883628	"4T1"	[2, 4]
"4.4.2463109762625.2"	[-381569, 122389, -5064, -1, 1]	2463109762625	1252.76883628	"4T1"	[2, 20]
"4.4.2463109762625.3"	[496256, 54864, -5064, -1, 1]	2463109762625	1252.76883628	"4T1"	[2, 4]
"4.4.2463109762625.4"	[698831, 14349, -5064, -1, 1]	2463109762625	1252.76883628	"4T1"	[2, 4]
"4.4.2463383255477.1"	[6184907, 182836, -12314, -1, 1]	2463383255477	1252.80361031	"4T1"	[4]
"4.4.2463383255477.2"	[23438513, -109598, -12314, -1, 1]	2463383255477	1252.80361031	"4T1"	[4]
"4.4.2477223421952.3"	[650138, 0, -17812, 0, 1]	2477223421952	1254.55958946	"4T1"	[2, 2, 2]
"4.4.2477223421952.4"	[78666698, 0, -17812, 0, 1]	2477223421952	1254.55958946	"4T1"	[2, 2, 2]
"4.4.2486777242013.1"	[55195201, -162455, -54159, -1, 1]	2486777242013	1255.76744791	"4T1"	[34]
"4.4.2501860370432.1"	[617882, 0, -4276, 0, 1]	2501860370432	1257.66729363	"4T1"	[26]
"4.4.2501860370432.2"	[3953162, 0, -4276, 0, 1]	2501860370432	1257.66729363	"4T1"	[2]
"4.4.2503856959273.1"	[469623456, 92605, -46309, -1, 1]	2503856959273	1257.9181363	"4T1"	[2]
"4.4.2504029079533.2"	[1028702539, 65039, -65041, -1, 1]	2504029079533	1257.93975371	"4T1"	[2]
"4.4.2519873628329.2"	[127249400, -47331, -23709, -1, 1]	2519873628329	1259.92499094	"4T1"	[2, 10]
"4.4.2530050082816.1"	[259666, 0, -4292, 0, 1]	2530050082816	1261.19511392	"4T1"	[2, 4]
"4.4.2530050082816.2"	[1341250, 0, -4292, 0, 1]	2530050082816	1261.19511392	"4T1"	[2, 4]
"4.4.2530050082816.3"	[3264066, 0, -4292, 0, 1]	2530050082816	1261.19511392	"4T1"	[2, 4]
"4.4.2530050082816.4"	[4345650, 0, -4292, 0, 1]	2530050082816	1261.19511392	"4T1"	[2, 4]
"4.4.2531264191625.1"	[-745364, -192116, -8319, -1, 1]	2531264191625	1261.34639083	"4T1"	[2, 2, 4]
"4.4.2531264191625.2"	[408256, 192424, -8319, -1, 1]	2531264191625	1261.34639083	"4T1"	[2, 2, 4]
"4.4.2531264191625.3"	[3933206, -160071, -8319, -1, 1]	2531264191625	1261.34639083	"4T1"	[2, 2, 4]
"4.4.2531264191625.4"	[11367646, 96289, -8319, -1, 1]	2531264191625	1261.34639083	"4T1"	[2, 2, 4]
"4.4.2546117232181.1"	[32406897, -92972, -13402, -1, 1]	2546117232181	1263.19267626	"4T1"	[2, 2, 8]
"4.4.2546117232181.2"	[43357651, 13346, -13402, -1, 1]	2546117232181	1263.19267626	"4T1"	[4, 4, 4]
"4.4.2558872242176.1"	[6639650, 0, -14356, 0, 1]	2558872242176	1264.7717331	"4T1"	[2, 4]
"4.4.2558872242176.2"	[44884034, 0, -14356, 0, 1]	2558872242176	1264.7717331	"4T1"	[2, 4]
"4.4.2560233097424.1"	[135725, 0, -5429, 0, 1]	2560233097424	1264.93985679	"4T1"	[4]
"4.4.2560233097424.2"	[6650525, 0, -5429, 0, 1]	2560233097424	1264.93985679	"4T1"	[4]
"4.4.2569105132289.2"	[324128663, -84945, -42486, -1, 1]	2569105132289	1266.03429192	"4T1"	[2]
"4.4.2575420526593.1"	[483049251, 93919, -46966, -1, 1]	2575420526593	1266.81161957	"4T1"	[2]
"4.4.2590049048357.1"	[57490207, -165794, -55272, -1, 1]	2590049048357	1268.60668943	"4T1"	[2, 4]
"4.4.2590822613249.1"	[4846208, -183920, -15416, -1, 1]	2590822613249	1268.70140189	"4T1"	[2, 8]
"4.4.2590822613249.2"	[33483115, -122599, -15416, -1, 1]	2590822613249	1268.70140189	"4T1"	[2, 8]
"4.4.2591460475537.2"	[486058457, 94211, -47112, -1, 1]	2591460475537	1268.77948347	"4T1"	[2, 2, 2]
"4.4.2604973669853.1"	[57821881, -166271, -55431, -1, 1]	2604973669853	1270.43027449	"4T1"	[2, 116]
"4.4.2612114362000.1"	[534820, 0, -12155, 0, 1]	2612114362000	1271.29999932	"4T1"	[2, 2, 4, 20]
"4.4.2612114362000.2"	[4813380, 0, -12155, 0, 1]	2612114362000	1271.29999932	"4T1"	[2, 4, 4, 4]
"4.4.2612114362000.3"	[19253520, 0, -12155, 0, 1]	2612114362000	1271.29999932	"4T1"	[2, 2, 4, 4]
"4.4.2612114362000.4"	[34228480, 0, -12155, 0, 1]	2612114362000	1271.29999932	"4T1"	[2, 2, 4, 4]
"4.4.2616488273249.1"	[-510560, 206704, -11634, -1, 1]	2616488273249	1271.8318544	"4T1"	[2, 4]
"4.4.2616488273249.2"	[9774848, -160632, -11634, -1, 1]	2616488273249	1271.8318544	"4T1"	[2, 4]
"4.4.2628532815229.2"	[397119267, 155691, -51903, -1, 1]	2628532815229	1273.29299789	"4T1"	[2, 2]
"4.4.2628643361401.1"	[-2157754, 200977, -5175, -1, 1]	2628643361401	1273.30638515	"4T1"	[12]
"4.4.2628643361401.2"	[-1412500, -171650, -5175, -1, 1]	2628643361401	1273.30638515	"4T1"	[12]
"4.4.2637796409513.1"	[-1772516, -185666, -5181, -1, 1]	2637796409513	1274.4133675	"4T1"	[4]
"4.4.2637796409513.2"	[659276, 35406, -5181, -1, 1]	2637796409513	1274.4133675	"4T1"	[4]
"4.4.2657451102553.1"	[3461318, 202661, -14571, -1, 1]	2657451102553	1276.78073337	"4T1"	[2, 8]
"4.4.2657451102553.2"	[51046076, 28994, -14571, -1, 1]	2657451102553	1276.78073337	"4T1"	[2, 8]
"4.4.2669542770688.1"	[2962098, 0, -15308, 0, 1]	2669542770688	1278.23063175	"4T1"	[2, 4]
"4.4.2669542770688.2"	[55621618, 0, -15308, 0, 1]	2669542770688	1278.23063175	"4T1"	[2, 4]
"4.4.2671966083541.1"	[403683111, 156972, -52330, -1, 1]	2671966083541	1278.52061576	"4T1"	[2, 2]
"4.4.2674178779136.1"	[2100746, 0, -4372, 0, 1]	2674178779136	1278.78522417	"4T1"	[2]
"4.4.2674178779136.2"	[2677850, 0, -4372, 0, 1]	2674178779136	1278.78522417	"4T1"	[2]
"4.4.2674805106688.1"	[53482, 0, -9724, 0, 1]	2674805106688	1278.86009464	"4T1"	[2, 4, 4]
"4.4.2674805106688.2"	[4332042, 0, -9724, 0, 1]	2674805106688	1278.86009464	"4T1"	[2, 4, 4]
"4.4.2674805106688.3"	[19307002, 0, -9724, 0, 1]	2674805106688	1278.86009464	"4T1"	[2, 4, 20]
"4.4.2674805106688.4"	[23585562, 0, -9724, 0, 1]	2674805106688	1278.86009464	"4T1"	[2, 20, 20]
"4.4.2682120883033.1"	[21449802, -155039, -15595, -1, 1]	2682120883033	1279.73364183	"4T1"	[2, 60]
"4.4.2682120883033.2"	[48992454, 93093, -15595, -1, 1]	2682120883033	1279.73364183	"4T1"	[2, 12]
"4.4.2693360997437.1"	[-1359613, 209041, -8087, -1, 1]	2693360997437	1281.07230279	"4T1"	[4]
"4.4.2693360997437.2"	[6314251, 147155, -8087, -1, 1]	2693360997437	1281.07230279	"4T1"	[20]
"4.4.2703646050304.1"	[370786, 0, -4388, 0, 1]	2703646050304	1282.29355297	"4T1"	[4]
"4.4.2703646050304.2"	[4442850, 0, -4388, 0, 1]	2703646050304	1282.29355297	"4T1"	[4]
"4.4.2710973093849.1"	[342033238, -87259, -43643, -1, 1]	2710973093849	1283.16144463	"4T1"	[2, 2]
"4.4.2723217868800.2"	[2659392450, 0, -145860, 0, 1]	2723217868800	1284.60792527	"4T1"	[2, 2, 2, 2, 2]
"4.4.2725812332209.1"	[-928120, 154532, -5238, -1, 1]	2725812332209	1284.91378385	"4T1"	[2, 2]
"4.4.2725812332209.2"	[-131887, 112625, -5238, -1, 1]	2725812332209	1284.91378385	"4T1"	[2, 2]
"4.4.2729531528993.2"	[164891456, 16, -25796, -1, 1]	2729531528993	1285.35185546	"4T1"	[2, 6]
"4.4.2743430809600.1"	[471250, 0, -7540, 0, 1]	2743430809600	1286.98505254	"4T1"	[2, 2, 4, 4]
"4.4.2743430809600.2"	[4241250, 0, -7540, 0, 1]	2743430809600	1286.98505254	"4T1"	[2, 2, 4, 4]
"4.4.2743430809600.3"	[9971650, 0, -7540, 0, 1]	2743430809600	1286.98505254	"4T1"	[2, 2, 2, 4]
"4.4.2743430809600.4"	[13741650, 0, -7540, 0, 1]	2743430809600	1286.98505254	"4T1"	[2, 2, 2, 4]
"4.4.2761705420373.1"	[61305041, -171200, -57074, -1, 1]	2761705420373	1289.12294392	"4T1"	[2]
"4.4.2763228416000.1"	[2210, 0, -4420, 0, 1]	2763228416000	1289.30063509	"4T1"	[2, 4, 4]
"4.4.2763228416000.2"	[797810, 0, -4420, 0, 1]	2763228416000	1289.30063509	"4T1"	[2, 4, 4]
"4.4.2763228416000.3"	[1169090, 0, -4420, 0, 1]	2763228416000	1289.30063509	"4T1"	[2, 4, 4]
"4.4.2763228416000.4"	[1858610, 0, -4420, 0, 1]	2763228416000	1289.30063509	"4T1"	[2, 4, 4]
"4.4.2763228416000.5"	[3025490, 0, -4420, 0, 1]	2763228416000	1289.30063509	"4T1"	[2, 4, 4]
"4.4.2763228416000.6"	[3715010, 0, -4420, 0, 1]	2763228416000	1289.30063509	"4T1"	[2, 4, 4]
"4.4.2763228416000.7"	[4086290, 0, -4420, 0, 1]	2763228416000	1289.30063509	"4T1"	[2, 4, 4]
"4.4.2763228416000.8"	[4881890, 0, -4420, 0, 1]	2763228416000	1289.30063509	"4T1"	[2, 4, 68]
"4.4.2764021203157.1"	[1135520873, 68332, -68334, -1, 1]	2764021203157	1289.39310221	"4T1"	[10]
"4.4.2768394219328.1"	[57663252, 0, -18734, 0, 1]	2768394219328	1289.90279391	"4T1"	[2, 4]
"4.4.2768394219328.2"	[86138932, 0, -18734, 0, 1]	2768394219328	1289.90279391	"4T1"	[2, 4]
"4.4.2773336426496.1"	[12705650, 0, -17228, 0, 1]	2773336426496	1290.47810065	"4T1"	[2, 4]
"4.4.2773336426496.2"	[61495346, 0, -17228, 0, 1]	2773336426496	1290.47810065	"4T1"	[2, 4]
"4.4.2782397724625.1"	[-1984099, -196031, -5274, -1, 1]	2782397724625	1291.53090358	"4T1"	[2, 4]
"4.4.2782397724625.2"	[83456, -97576, -5274, -1, 1]	2782397724625	1291.53090358	"4T1"	[2, 4]
"4.4.2782397724625.3"	[266301, -83511, -5274, -1, 1]	2782397724625	1291.53090358	"4T1"	[2, 4]
"4.4.2782397724625.4"	[421016, 71204, -5274, -1, 1]	2782397724625	1291.53090358	"4T1"	[2, 4]
"4.4.2792569408997.1"	[61990967, -172154, -57392, -1, 1]	2792569408997	1292.70965971	"4T1"	[2]
"4.4.2793345083392.1"	[19962, 0, -4436, 0, 1]	2793345083392	1292.79941732	"4T1"	[2]
"4.4.2793345083392.2"	[4899562, 0, -4436, 0, 1]	2793345083392	1292.79941732	"4T1"	[2]
"4.4.2796665386969.1"	[-2186932, -203410, -5283, -1, 1]	2796665386969	1293.183417	"4T1"	[12]
"4.4.2796665386969.2"	[-496252, 134726, -5283, -1, 1]	2796665386969	1293.183417	"4T1"	[12]
"4.4.2832566858384.1"	[54680900, 0, -17639, 0, 1]	2832566858384	1297.31381349	"4T1"	[2]
"4.4.2835550605888.3"	[2452898448, 0, -102102, 0, 1]	2835550605888	1297.65531723	"4T1"	[2, 2, 2, 2, 2]
"4.4.2837868511541.1"	[5794961, 128886, -7254, -1, 1]	2837868511541	1297.92042633	"4T1"	[4]
"4.4.2837868511541.2"	[9803245, 20554, -7254, -1, 1]	2837868511541	1297.92042633	"4T1"	[4]
"4.4.2854233319424.1"	[55850, 0, -4468, 0, 1]	2854233319424	1299.78753547	"4T1"	[2]
"4.4.2854233319424.2"	[4934906, 0, -4468, 0, 1]	2854233319424	1299.78753547	"4T1"	[2]
"4.4.2856083291953.1"	[75672549, -171587, -42910, -1, 1]	2856083291953	1299.99809876	"4T1"	[2, 2]
"4.4.2862139844581.1"	[432423261, 162462, -54160, -1, 1]	2862139844581	1300.68673882	"4T1"	[2]
"4.4.2863762435157.1"	[5704819, -186494, -12582, -1, 1]	2863762435157	1300.87104441	"4T1"	[4]
"4.4.2863762435157.2"	[37744463, 12510, -12582, -1, 1]	2863762435157	1300.87104441	"4T1"	[4]
"4.4.2868805003264.3"	[24933850, 0, -20564, 0, 1]	2868805003264	1301.44331638	"4T1"	[2, 4, 4]
"4.4.2868805003264.4"	[80785674, 0, -20564, 0, 1]	2868805003264	1301.44331638	"4T1"	[2, 2, 20]
"4.4.2879404287329.1"	[363290443, -89929, -44978, -1, 1]	2879404287329	1302.64375492	"4T1"	[2]
"4.4.2897907032593.1"	[-2000491, 200489, -5346, -1, 1]	2897907032593	1304.73139354	"4T1"	[2, 2]
"4.4.2897907032593.2"	[-360936, 129204, -5346, -1, 1]	2897907032593	1304.73139354	"4T1"	[2, 2]
"4.4.2901173086208.1"	[761402, 0, -19276, 0, 1]	2901173086208	1305.09885899	"4T1"	[4]
"4.4.2901173086208.2"	[92129642, 0, -19276, 0, 1]	2901173086208	1305.09885899	"4T1"	[4]
"4.4.2909224951289.1"	[432529660, -133186, -66599, -1, 1]	2909224951289	1306.0034552	"4T1"	[2, 2]
"4.4.2912814178177.1"	[1884672, -197352, -11158, -1, 1]	2912814178177	1306.40608611	"4T1"	[2, 4]
"4.4.2912814178177.2"	[14521248, 153664, -11158, -1, 1]	2912814178177	1306.40608611	"4T1"	[2, 4]
"4.4.2923368263329.2"	[12115295, 220289, -27564, -1, 1]	2923368263329	1307.58786646	"4T1"	[2, 2]
"4.4.2929287816000.4"	[25339860, 0, -46410, 0, 1]	2929287816000	1308.2493008	"4T1"	[2, 2, 2, 4, 4]
"4.4.2929287816000.6"	[228058740, 0, -46410, 0, 1]	2929287816000	1308.2493008	"4T1"	[2, 2, 2, 2, 20]
"4.4.2947214723072.1"	[110642, 0, -4516, 0, 1]	2947214723072	1310.24630768	"4T1"	[2, 4]
"4.4.2947214723072.2"	[4987922, 0, -4516, 0, 1]	2947214723072	1310.24630768	"4T1"	[2, 4]
"4.4.2958696030016.1"	[8972500, 0, -7178, 0, 1]	2958696030016	1311.52051188	"4T1"	[4]
"4.4.2958696030016.2"	[12073396, 0, -7178, 0, 1]	2958696030016	1311.52051188	"4T1"	[4]
"4.4.2963206635329.1"	[440556640, -134416, -67214, -1, 1]	2963206635329	1312.02008773	"4T1"	[2]
"4.4.2964546062336.1"	[13581650, 0, -17812, 0, 1]	2964546062336	1312.16832726	"4T1"	[2, 4]
"4.4.2964546062336.2"	[65735186, 0, -17812, 0, 1]	2964546062336	1312.16832726	"4T1"	[2, 4]
"4.4.2965488012089.2"	[91347140, 81297, -20373, -1, 1]	2965488012089	1312.27254636	"4T1"	[2, 2]
"4.4.2974423634557.1"	[1221965453, 70885, -70887, -1, 1]	2974423634557	1313.25996778	"4T1"	[2]
"4.4.2975107484869.1"	[15852463, 182030, -14116, -1, 1]	2975107484869	1313.33544424	"4T1"	[4]
"4.4.2975107484869.2"	[45639675, -41934, -14116, -1, 1]	2975107484869	1313.33544424	"4T1"	[4]
"4.4.2980920743253.1"	[-328719, -207210, -16034, -1, 1]	2980920743253	1313.97652783	"4T1"	[318]
"4.4.2981631556457.1"	[-489868, -135834, -5397, -1, 1]	2981631556457	1314.05485165	"4T1"	[2]
"4.4.2981631556457.2"	[373712, 80061, -5397, -1, 1]	2981631556457	1314.05485165	"4T1"	[2]
"4.4.2991357502993.2"	[561082601, 101219, -50616, -1, 1]	2991357502993	1315.12514011	"4T1"	[2]
"4.4.3013179870097.1"	[79840833, -176243, -44074, -1, 1]	3013179870097	1317.51711135	"4T1"	[2]
"4.4.3022054849633.2"	[105966384, -94676, -23716, -1, 1]	3022054849633	1318.48619094	"4T1"	[2, 2]
"4.4.3031626441817.1"	[-2224828, -208954, -5427, -1, 1]	3031626441817	1319.52894591	"4T1"	[4]
"4.4.3031626441817.2"	[206636, -93170, -5427, -1, 1]	3031626441817	1319.52894591	"4T1"	[4]
"4.4.3041186213201.1"	[383708645, -92421, -46224, -1, 1]	3041186213201	1320.56795138	"4T1"	[3, 6]
"4.4.3047318530048.1"	[31846698, 0, -28652, 0, 1]	3047318530048	1321.23315438	"4T1"	[2, 4]
"4.4.3047318530048.2"	[173387578, 0, -28652, 0, 1]	3047318530048	1321.23315438	"4T1"	[2, 4]
"4.4.3053111139193.3"	[80900364, -177407, -44365, -1, 1]	3053111139193	1321.86058614	"4T1"	[2]
"4.4.3054779828224.1"	[92901906, 0, -37468, 0, 1]	3054779828224	1322.04116606	"4T1"	[2, 2, 4]
"4.4.3054779828224.2"	[258060850, 0, -37468, 0, 1]	3054779828224	1322.04116606	"4T1"	[2, 2, 4]
"4.4.3077521773521.1"	[5816320, -200456, -16794, -1, 1]	3077521773521	1324.49487923	"4T1"	[2, 8]
"4.4.3077521773521.2"	[39834317, -133623, -16794, -1, 1]	3077521773521	1324.49487923	"4T1"	[2, 8]
"4.4.3078279461473.2"	[577390071, 102679, -51346, -1, 1]	3078279461473	1324.57639459	"4T1"	[2, 2]
"4.4.3081424541233.2"	[70323264, -148812, -24844, -1, 1]	3081424541233	1324.91459514	"4T1"	[2, 4]
"4.4.3094331177837.1"	[68697587, -181217, -60413, -1, 1]	3094331177837	1326.29978218	"4T1"	[2, 4]
"4.4.3108010483381.1"	[2437241, 217364, -12930, -1, 1]	3108010483381	1327.76317276	"4T1"	[4]
"4.4.3108010483381.2"	[29943567, 115110, -12930, -1, 1]	3108010483381	1327.76317276	"4T1"	[4]
"4.4.3109578780736.1"	[1459600, 0, -7298, 0, 1]	3109578780736	1327.93063789	"4T1"	[2, 4]
"4.4.3109578780736.2"	[13136400, 0, -7298, 0, 1]	3109578780736	1327.93063789	"4T1"	[2, 4]
"4.4.3139191965696.1"	[1441250, 0, -4612, 0, 1]	3139191965696	1331.08095168	"4T1"	[4, 4, 4]
"4.4.3139191965696.2"	[3876386, 0, -4612, 0, 1]	3139191965696	1331.08095168	"4T1"	[2, 2, 8]
"4.4.3142048385024.1"	[8152850, 0, -15908, 0, 1]	3142048385024	1331.38364332	"4T1"	[2, 4]
"4.4.3142048385024.2"	[55113266, 0, -15908, 0, 1]	3142048385024	1331.38364332	"4T1"	[2, 4]
"4.4.3148728851393.1"	[-2458769, -218939, -5496, -1, 1]	3148728851393	1332.09076014	"4T1"	[61]
"4.4.3159451812641.2"	[398634835, -94201, -47114, -1, 1]	3159451812641	1333.22341977	"4T1"	[2, 2, 2]
"4.4.3164221783241.1"	[-1099756, 169749, -5505, -1, 1]	3164221783241	1333.7263424	"4T1"	[2]
"4.4.3164221783241.2"	[544516, 66982, -5505, -1, 1]	3164221783241	1333.7263424	"4T1"	[2]
"4.4.3169397364769.1"	[122963, 103741, -5508, -1, 1]	3169397364769	1334.27138791	"4T1"	[2, 2]
"4.4.3169397364769.2"	[783968, -28460, -5508, -1, 1]	3169397364769	1334.27138791	"4T1"	[2, 2]
"4.4.3171976996864.1"	[668746, 0, -4628, 0, 1]	3171976996864	1334.54280223	"4T1"	[2, 4]
"4.4.3171976996864.2"	[2519946, 0, -4628, 0, 1]	3171976996864	1334.54280223	"4T1"	[2, 4]
"4.4.3171976996864.3"	[2834650, 0, -4628, 0, 1]	3171976996864	1334.54280223	"4T1"	[2, 4]
"4.4.3171976996864.4"	[4685850, 0, -4628, 0, 1]	3171976996864	1334.54280223	"4T1"	[2, 4]
"4.4.3179765452625.1"	[-2464064, -219656, -5514, -1, 1]	3179765452625	1335.36125636	"4T1"	[2, 4]
"4.4.3185970886057.2"	[25541192, -168979, -16989, -1, 1]	3185970886057	1336.01228221	"4T1"	[2, 12]
"4.4.3185970886057.3"	[58263948, 101457, -16989, -1, 1]	3185970886057	1336.01228221	"4T1"	[2, 12]
"4.4.3189302315008.3"	[3538818, 0, -16732, 0, 1]	3189302315008	1336.36139759	"4T1"	[2, 4]
"4.4.3189302315008.4"	[66451138, 0, -16732, 0, 1]	3189302315008	1336.36139759	"4T1"	[2, 4]
"4.4.3197164546048.3"	[33412698, 0, -29348, 0, 1]	3197164546048	1337.18423296	"4T1"	[2, 2, 4]
"4.4.3197164546048.4"	[181913578, 0, -29348, 0, 1]	3197164546048	1337.18423296	"4T1"	[2, 4, 4]
"4.4.3202400479232.1"	[840458, 0, -20252, 0, 1]	3202400479232	1337.73136711	"4T1"	[4]
"4.4.3202400479232.2"	[101695418, 0, -20252, 0, 1]	3202400479232	1337.73136711	"4T1"	[4]
"4.4.3212795315801.1"	[-515524, 229042, -12875, -1, 1]	3212795315801	1338.81560102	"4T1"	[2, 4]
"4.4.3212795315801.2"	[12102964, -178006, -12875, -1, 1]	3212795315801	1338.81560102	"4T1"	[2, 4]
"4.4.3214089319789.2"	[485612577, 172161, -57393, -1, 1]	3214089319789	1338.95038794	"4T1"	[2]
"4.4.3228903731737.1"	[605648882, 105161, -52587, -1, 1]	3228903731737	1340.4906041	"4T1"	[2]
"4.4.3277026993461.1"	[104456875, -152200, -30470, -1, 1]	3277026993461	1345.45756434	"4T1"	[2, 2, 4]
"4.4.3277026993461.2"	[205039721, 91342, -30470, -1, 1]	3277026993461	1345.45756434	"4T1"	[2, 2, 4]
"4.4.3279348661025.1"	[1212275, 190855, -6986, -1, 1]	3279348661025	1345.69580434	"4T1"	[2, 6]
"4.4.3283256596453.1"	[1348850959, 74474, -74476, -1, 1]	3283256596453	1346.09653512	"4T1"	[2]
"4.4.3283401394789.1"	[41901635, -105586, -15204, -1, 1]	3283401394789	1346.11137628	"4T1"	[2, 2, 4]
"4.4.3283401394789.2"	[56027513, 15148, -15204, -1, 1]	3283401394789	1346.11137628	"4T1"	[2, 2, 4]
"4.4.3302855936000.1"	[153410, 0, -13340, 0, 1]	3302855936000	1348.10092833	"4T1"	[4, 4]
"4.4.3302855936000.2"	[18562610, 0, -13340, 0, 1]	3302855936000	1348.10092833	"4T1"	[4, 4]
"4.4.3302855936000.3"	[25926290, 0, -13340, 0, 1]	3302855936000	1348.10092833	"4T1"	[4, 4]
"4.4.3302855936000.4"	[44335490, 0, -13340, 0, 1]	3302855936000	1348.10092833	"4T1"	[4, 4]
"4.4.3305951312273.1"	[-2485064, -222524, -5586, -1, 1]	3305951312273	1348.41667128	"4T1"	[]
"4.4.3314550883408.1"	[1710013, 0, -5917, 0, 1]	3314550883408	1349.29270588	"4T1"	[2, 20]
"4.4.3314550883408.2"	[8100373, 0, -5917, 0, 1]	3314550883408	1349.29270588	"4T1"	[2, 4]
"4.4.3322710623377.1"	[4585792, -191704, -9874, -1, 1]	3322710623377	1350.12236038	"4T1"	[2, 4]
"4.4.3322710623377.2"	[11837533, 153617, -9874, -1, 1]	3322710623377	1350.12236038	"4T1"	[2, 4]
"4.4.3324347610349.1"	[502275825, 175089, -58369, -1, 1]	3324347610349	1350.28861955	"4T1"	[2]
"4.4.3326036873113.1"	[88142384, -185167, -46305, -1, 1]	3326036873113	1350.46012371	"4T1"	[2]
"4.4.3328813565201.1"	[420009965, -96693, -48360, -1, 1]	3328813565201	1350.74188837	"4T1"	[2, 2]
"4.4.3334659328000.1"	[6936930, 0, -20020, 0, 1]	3334659328000	1351.33451108	"4T1"	[2, 2, 4, 20]
"4.4.3334659328000.2"	[37767730, 0, -20020, 0, 1]	3334659328000	1351.33451108	"4T1"	[2, 2, 4, 4]
"4.4.3334659328000.3"	[62432370, 0, -20020, 0, 1]	3334659328000	1351.33451108	"4T1"	[2, 2, 4, 4]
"4.4.3334659328000.4"	[93263170, 0, -20020, 0, 1]	3334659328000	1351.33451108	"4T1"	[2, 4, 4, 4]
"4.4.3354904251893.1"	[14249341, 176446, -11946, -1, 1]	3354904251893	1353.38086706	"4T1"	[2, 4]
"4.4.3354904251893.2"	[25253659, -105716, -11946, -1, 1]	3354904251893	1353.38086706	"4T1"	[2, 4]
"4.4.3371736606401.2"	[103902527, 86685, -21720, -1, 1]	3371736606401	1355.0752411	"4T1"	[2, 2]
"4.4.3373491693568.1"	[1986442, 0, -4724, 0, 1]	3373491693568	1355.25154573	"4T1"	[10]
"4.4.3373491693568.2"	[3592602, 0, -4724, 0, 1]	3373491693568	1355.25154573	"4T1"	[5, 10]
"4.4.3404787205184.1"	[11794496, 0, -7522, 0, 1]	3404787205184	1358.3838	"4T1"	[2, 4]
"4.4.3408183162649.1"	[-1858140, 204102, -5643, -1, 1]	3408183162649	1358.72238865	"4T1"	[2]
"4.4.3408183162649.2"	[-1105690, -172123, -5643, -1, 1]	3408183162649	1358.72238865	"4T1"	[2]
"4.4.3415152528569.1"	[430906858, -97939, -48983, -1, 1]	3415152528569	1359.41646672	"4T1"	[2]
"4.4.3421336516637.1"	[6901157, -203849, -13739, -1, 1]	3421336516637	1360.03144019	"4T1"	[4]
"4.4.3421336516637.2"	[45183973, 13667, -13739, -1, 1]	3421336516637	1360.03144019	"4T1"	[4]
"4.4.3425072556293.1"	[12529357, -150704, -10320, -1, 1]	3425072556293	1360.40257089	"4T1"	[4]
"4.4.3425072556293.2"	[23952689, 10188, -10320, -1, 1]	3425072556293	1360.40257089	"4T1"	[4]
"4.4.3429770755697.1"	[5413424, 238476, -23892, -1, 1]	3429770755697	1360.86884988	"4T1"	[2, 2, 4]
"4.4.3429770755697.2"	[95929993, 143095, -23892, -1, 1]	3429770755697	1360.86884988	"4T1"	[2, 2, 4]
"4.4.3442512422912.1"	[401882, 0, -4756, 0, 1]	3442512422912	1362.13100666	"4T1"	[2, 4]
"4.4.3442512422912.2"	[1257962, 0, -4756, 0, 1]	3442512422912	1362.13100666	"4T1"	[2, 4]
"4.4.3442512422912.3"	[4396922, 0, -4756, 0, 1]	3442512422912	1362.13100666	"4T1"	[2, 4]
"4.4.3442512422912.4"	[5253002, 0, -4756, 0, 1]	3442512422912	1362.13100666	"4T1"	[2, 4]
"4.4.3455737604681.1"	[513795596, -145158, -72585, -1, 1]	3455737604681	1363.43735893	"4T1"	[2, 2]
"4.4.3456066308096.1"	[8967650, 0, -16684, 0, 1]	3456066308096	1363.46977969	"4T1"	[2, 4]
"4.4.3456066308096.2"	[60621314, 0, -16684, 0, 1]	3456066308096	1363.46977969	"4T1"	[2, 4]
"4.4.3457334989397.1"	[76765777, -191552, -63858, -1, 1]	3457334989397	1363.5948909	"4T1"	[2]
"4.4.3470171231753.3"	[36002566, -113671, -14351, -1, 1]	3470171231753	1364.85880642	"4T1"	[2, 4, 4]
"4.4.3470171231753.4"	[47262628, 56936, -14351, -1, 1]	3470171231753	1364.85880642	"4T1"	[2, 2, 4]
"4.4.3477373044736.1"	[861346, 0, -4772, 0, 1]	3477373044736	1365.56639523	"4T1"	[260]
"4.4.3477373044736.2"	[4831650, 0, -4772, 0, 1]	3477373044736	1365.56639523	"4T1"	[4]
"4.4.3482513545993.2"	[79506684, -158202, -26409, -1, 1]	3482513545993	1366.07078515	"4T1"	[2, 2]
"4.4.3497034953969.2"	[176678705, -55761, -27924, -1, 1]	3497034953969	1367.49262653	"4T1"	[2, 2]
"4.4.3509703187633.1"	[93016149, -190211, -47566, -1, 1]	3509703187633	1368.72940514	"4T1"	[2, 2]
"4.4.3543151607125.1"	[-644589, -227496, -11074, -1, 1]	3543151607125	1371.9789051	"4T1"	[2, 4, 4]
"4.4.3543151607125.2"	[16784121, -140786, -11074, -1, 1]	3543151607125	1371.9789051	"4T1"	[2, 4, 4]
"4.4.3543151607125.3"	[21206331, 119344, -11074, -1, 1]	3543151607125	1371.9789051	"4T1"	[2, 4, 4]
"4.4.3543151607125.4"	[26235511, -54076, -11074, -1, 1]	3543151607125	1371.9789051	"4T1"	[2, 4, 4]
"4.4.3547798734848.1"	[2402, 0, -4804, 0, 1]	3547798734848	1372.42854912	"4T1"	[4, 8, 8]
"4.4.3547798734848.2"	[5767202, 0, -4804, 0, 1]	3547798734848	1372.42854912	"4T1"	[4, 4, 40]
"4.4.3561417877637.1"	[79079227, -194414, -64812, -1, 1]	3561417877637	1373.7437628	"4T1"	[2]
"4.4.3576416897024.1"	[16384850, 0, -19564, 0, 1]	3576416897024	1375.18787495	"4T1"	[2, 4]
"4.4.3576416897024.2"	[79302674, 0, -19564, 0, 1]	3576416897024	1375.18787495	"4T1"	[2, 4]
"4.4.3587904614689.2"	[133444160, 46856, -23466, -1, 1]	3587904614689	1376.29084877	"4T1"	[2, 2]
"4.4.3591146629481.1"	[453119300, -100431, -50229, -1, 1]	3591146629481	1376.60164606	"4T1"	[2, 10]
"4.4.3615511331225.1"	[107584, -209632, -7217, -1, 1]	3615511331225	1378.93067164	"4T1"	[2, 2, 16]
"4.4.3615511331225.4"	[7456184, -78407, -7217, -1, 1]	3615511331225	1378.93067164	"4T1"	[2, 2, 16]
"4.4.3625953154753.1"	[680140491, 111439, -55726, -1, 1]	3625953154753	1379.92520475	"4T1"	[2]
"4.4.3655210182656.1"	[60650, 0, -4852, 0, 1]	3655210182656	1382.70040078	"4T1"	[2]
"4.4.3655210182656.2"	[5824826, 0, -4852, 0, 1]	3655210182656	1382.70040078	"4T1"	[2]
"4.4.3682132994048.1"	[966362, 0, -21716, 0, 1]	3682132994048	1385.23950232	"4T1"	[2, 2]
"4.4.3682132994048.2"	[116929802, 0, -21716, 0, 1]	3682132994048	1385.23950232	"4T1"	[2, 2]
"4.4.3687152245741.1"	[47105811, -111893, -16105, -1, 1]	3687152245741	1385.71132901	"4T1"	[2, 4]
"4.4.3687152245741.2"	[62970619, 16049, -16105, -1, 1]	3687152245741	1385.71132901	"4T1"	[2, 4]
"4.4.3691489921024.1"	[547650, 0, -4868, 0, 1]	3691489921024	1386.11869731	"4T1"	[2, 2, 16]
"4.4.3691489921024.2"	[5376706, 0, -4868, 0, 1]	3691489921024	1386.11869731	"4T1"	[2, 2, 16]
"4.4.3692968648993.1"	[-2544669, 232821, -5796, -1, 1]	3692968648993	1386.25748847	"4T1"	[2, 4]
"4.4.3692968648993.2"	[-2096416, 217364, -5796, -1, 1]	3692968648993	1386.25748847	"4T1"	[2, 4]
"4.4.3692968648993.3"	[-612544, 155536, -5796, -1, 1]	3692968648993	1386.25748847	"4T1"	[2, 4]
"4.4.3692968648993.4"	[917699, -14491, -5796, -1, 1]	3692968648993	1386.25748847	"4T1"	[2, 4]
"4.4.3704131369837.1"	[2642733, -216621, -10593, -1, 1]	3704131369837	1387.30386182	"4T1"	[4]
"4.4.3704131369837.2"	[16350017, -134047, -10593, -1, 1]	3704131369837	1387.30386182	"4T1"	[4]
"4.4.3706603770176.1"	[9672500, 0, -7738, 0, 1]	3706603770176	1387.53530018	"4T1"	[4]
"4.4.3706603770176.2"	[14872436, 0, -7738, 0, 1]	3706603770176	1387.53530018	"4T1"	[4]
"4.4.3707508632269.1"	[307817, -230369, -13713, -1, 1]	3707508632269	1387.61997426	"4T1"	[4]
"4.4.3707508632269.2"	[31757157, -121923, -13713, -1, 1]	3707508632269	1387.61997426	"4T1"	[4]
"4.4.3710197529641.1"	[-1885356, -208026, -5805, -1, 1]	3710197529641	1387.87150121	"4T1"	[4]
"4.4.3710197529641.2"	[467756, -84178, -5805, -1, 1]	3710197529641	1387.87150121	"4T1"	[4]
"4.4.3713139620221.1"	[3012717, 237577, -14119, -1, 1]	3713139620221	1388.14655598	"4T1"	[4]
"4.4.3713139620221.2"	[35871921, 125811, -14119, -1, 1]	3713139620221	1388.14655598	"4T1"	[20]
"4.4.3727759020793.2"	[98802684, -196031, -49021, -1, 1]	3727759020793	1389.51089844	"4T1"	[2, 4]
"4.4.3734942038897.2"	[85287168, -163836, -27348, -1, 1]	3734942038897	1390.17977738	"4T1"	[4, 8]
"4.4.3744815880889.1"	[-2788972, 241670, -5823, -1, 1]	3744815880889	1391.09765163	"4T1"	[24]
"4.4.3744815880889.2"	[-2323102, 226141, -5823, -1, 1]	3744815880889	1391.09765163	"4T1"	[24]
"4.4.3749543338657.2"	[131535248, -105460, -26412, -1, 1]	3749543338657	1391.53647457	"4T1"	[2, 2]
"4.4.3771012419609.1"	[21004028, -143360, -12161, -1, 1]	3771012419609	1393.52412168	"4T1"	[2, 20]
"4.4.3771012419609.2"	[33437488, 47924, -12161, -1, 1]	3771012419609	1393.52412168	"4T1"	[2, 4]
"4.4.3779648905033.1"	[-1486204, 195686, -5841, -1, 1]	3779648905033	1394.32131001	"4T1"	[2]
"4.4.3779648905033.2"	[-177736, -131431, -5841, -1, 1]	3779648905033	1394.32131001	"4T1"	[2]
"4.4.3801767913472.1"	[2676762, 0, -4916, 0, 1]	3801767913472	1396.35678695	"4T1"	[2]
"4.4.3801767913472.2"	[3365002, 0, -4916, 0, 1]	3801767913472	1396.35678695	"4T1"	[2]
"4.4.3816308402813.1"	[84744821, -201251, -67091, -1, 1]	3816308402813	1397.69002557	"4T1"	[2]
"4.4.3826428019721.1"	[-2802244, -241458, -5865, -1, 1]	3826428019721	1398.61566124	"4T1"	[111]
"4.4.3836615196661.1"	[20576585, 206704, -16014, -1, 1]	3836615196661	1399.54562402	"4T1"	[4]
"4.4.3836615196661.2"	[58980717, -47628, -16014, -1, 1]	3836615196661	1399.54562402	"4T1"	[4]
"4.4.3844069204625.1"	[-2566184, -233996, -5874, -1, 1]	3844069204625	1400.22490977	"4T1"	[2, 4]
"4.4.3857570764417.1"	[723595347, 114943, -57478, -1, 1]	3857570764417	1401.45279941	"4T1"	[2]
"4.4.3861764527769.1"	[-2807902, -242199, -5883, -1, 1]	3861764527769	1401.83354205	"4T1"	[6]
"4.4.3876493420544.1"	[1546250, 0, -4948, 0, 1]	3876493420544	1403.16829395	"4T1"	[2]
"4.4.3876493420544.2"	[4574426, 0, -4948, 0, 1]	3876493420544	1403.16829395	"4T1"	[2]
"4.4.3881863790093.1"	[10011437, 229501, -15425, -1, 1]	3881863790093	1403.65401777	"4T1"	[4]
"4.4.3881863790093.2"	[37176689, -137597, -15425, -1, 1]	3881863790093	1403.65401777	"4T1"	[4]
"4.4.3913859348033.1"	[10318976, 243760, -20384, -1, 1]	3913859348033	1406.53746155	"4T1"	[2]
"4.4.3914220587008.1"	[201042, 0, -4964, 0, 1]	3914220587008	1406.56991536	"4T1"	[4, 4, 4, 4]
"4.4.3914220587008.2"	[2385202, 0, -4964, 0, 1]	3914220587008	1406.56991536	"4T1"	[2, 4, 4]
"4.4.3914220587008.3"	[3775122, 0, -4964, 0, 1]	3914220587008	1406.56991536	"4T1"	[2, 4, 4]
"4.4.3914220587008.4"	[5959282, 0, -4964, 0, 1]	3914220587008	1406.56991536	"4T1"	[2, 2, 4, 4]
"4.4.3921141001609.1"	[-2817292, -243434, -5913, -1, 1]	3921141001609	1407.19121401	"4T1"	[2, 2]
"4.4.3932630574881.2"	[198716411, -59133, -29610, -1, 1]	3932630574881	1408.22090736	"4T1"	[2, 4]
"4.4.3933536921600.15"	[22729850, 0, -48620, 0, 1]	3933536921600	1408.30203792	"4T1"	[2, 2, 2, 2, 4]
"4.4.3933536921600.16"	[568246250, 0, -48620, 0, 1]	3933536921600	1408.30203792	"4T1"	[2, 2, 2, 4, 4]
"4.4.3937206522217.1"	[104360978, -201463, -50379, -1, 1]	3937206522217	1408.63037468	"4T1"	[2]
"4.4.3947860224000.1"	[154213290, 0, -78540, 0, 1]	3947860224000	1409.58231382	"4T1"	[2, 2, 2, 4]
"4.4.3947860224000.2"	[1387919610, 0, -78540, 0, 1]	3947860224000	1409.58231382	"4T1"	[2, 2, 2, 20]
"4.4.3948843159421.1"	[596656611, 190827, -63615, -1, 1]	3948843159421	1409.67004483	"4T1"	[2, 10]
"4.4.3950022552697.1"	[5348658, 247069, -17743, -1, 1]	3950022552697	1409.77528889	"4T1"	[2, 8]
"4.4.3950022552697.2"	[76066812, 35338, -17743, -1, 1]	3950022552697	1409.77528889	"4T1"	[2, 8]
"4.4.3971597550709.1"	[600095547, 191376, -63798, -1, 1]	3971597550709	1411.69640435	"4T1"	[2]
"4.4.3979196874589.2"	[601244055, 191559, -63859, -1, 1]	3979196874589	1412.37121146	"4T1"	[2]
"4.4.3987154627793.1"	[-302336, 143704, -5946, -1, 1]	3987154627793	1413.07681129	"4T1"	[8]
"4.4.3987154627793.2"	[411229, -94151, -5946, -1, 1]	3987154627793	1413.07681129	"4T1"	[8]
"4.4.3990407677952.1"	[721922, 0, -4996, 0, 1]	3990407677952	1413.36494935	"4T1"	[2, 8]
"4.4.3990407677952.2"	[5518082, 0, -4996, 0, 1]	3990407677952	1413.36494935	"4T1"	[2, 8]
"4.4.3999355651853.1"	[88813631, -206021, -68681, -1, 1]	3999355651853	1414.15660606	"4T1"	[2]
"4.4.4005286042841.1"	[-2830354, -245163, -5955, -1, 1]	4005286042841	1414.6805556	"4T1"	[3]
"4.4.4016199059456.3"	[18399650, 0, -20732, 0, 1]	4016199059456	1415.64320116	"4T1"	[2, 4]
"4.4.4016199059456.4"	[89054306, 0, -20732, 0, 1]	4016199059456	1415.64320116	"4T1"	[2, 20]
"4.4.4025749493312.1"	[1018112, 0, -7954, 0, 1]	4025749493312	1416.48404389	"4T1"	[2, 4]
"4.4.4025749493312.2"	[12471872, 0, -7954, 0, 1]	4025749493312	1416.48404389	"4T1"	[2, 4]
"4.4.4055568222208.1"	[4500018, 0, -18868, 0, 1]	4055568222208	1419.09976411	"4T1"	[2, 4]
"4.4.4055568222208.2"	[84500338, 0, -18868, 0, 1]	4055568222208	1419.09976411	"4T1"	[2, 4]
"4.4.4056732803392.3"	[84498228, 0, -22678, 0, 1]	4056732803392	1419.20162893	"4T1"	[2, 4]
"4.4.4056732803392.4"	[126225748, 0, -22678, 0, 1]	4056732803392	1419.20162893	"4T1"	[2, 4]
"4.4.4066118109913.1"	[762722106, 118009, -59011, -1, 1]	4066118109913	1420.02175333	"4T1"	[2, 2]
"4.4.4090316544697.1"	[108424308, -205343, -51349, -1, 1]	4090316544697	1422.12977634	"4T1"	[2, 2]
"4.4.4095795319616.5"	[131030900, 0, -34034, 0, 1]	4095795319616	1422.60575529	"4T1"	[2, 2, 2, 2, 4]
"4.4.4095795319616.6"	[256820564, 0, -34034, 0, 1]	4095795319616	1422.60575529	"4T1"	[2, 2, 2, 2, 20]
"4.4.4104985669877.1"	[91161637, -208724, -69582, -1, 1]	4104985669877	1423.40311315	"4T1"	[2, 2]
"4.4.4106532005888.1"	[305162, 0, -5044, 0, 1]	4106532005888	1423.53714216	"4T1"	[2, 4]
"4.4.4106532005888.2"	[2121002, 0, -5044, 0, 1]	4106532005888	1423.53714216	"4T1"	[2, 4]
"4.4.4106532005888.3"	[4239482, 0, -5044, 0, 1]	4106532005888	1423.53714216	"4T1"	[2, 4]
"4.4.4106532005888.4"	[6055322, 0, -5044, 0, 1]	4106532005888	1423.53714216	"4T1"	[2, 4]
"4.4.4128961857536.3"	[10713650, 0, -18236, 0, 1]	4128961857536	1425.47701103	"4T1"	[2, 20]
"4.4.4128961857536.4"	[72424274, 0, -18236, 0, 1]	4128961857536	1425.47701103	"4T1"	[2, 4]
"4.4.4210554068269.1"	[636209865, 197049, -65689, -1, 1]	4210554068269	1432.4676145	"4T1"	[2, 2]
"4.4.4218441606433.2"	[791300511, 120199, -60106, -1, 1]	4218441606433	1433.13799626	"4T1"	[2, 2, 2]
"4.4.4228122779369.1"	[533514068, -108975, -54501, -1, 1]	4228122779369	1433.95953971	"4T1"	[2]
"4.4.4231193512000.1"	[866320, 0, -15470, 0, 1]	4231193512000	1434.21982707	"4T1"	[2, 4, 4]
"4.4.4231193512000.2"	[7796880, 0, -15470, 0, 1]	4231193512000	1434.21982707	"4T1"	[2, 4, 4]
"4.4.4231193512000.3"	[31187520, 0, -15470, 0, 1]	4231193512000	1434.21982707	"4T1"	[2, 4, 4]
"4.4.4231193512000.4"	[55444480, 0, -15470, 0, 1]	4231193512000	1434.21982707	"4T1"	[2, 4, 4]
"4.4.4258918844849.2"	[164891825, 25, -25814, -1, 1]	4258918844849	1436.56354428	"4T1"	[2, 10]
"4.4.4264839030784.1"	[1351066, 0, -5108, 0, 1]	4264839030784	1437.06251443	"4T1"	[6]
"4.4.4264839030784.2"	[5171850, 0, -5108, 0, 1]	4264839030784	1437.06251443	"4T1"	[6]
"4.4.4283889885521.1"	[-2624000, -242600, -6090, -1, 1]	4283889885521	1438.66465746	"4T1"	[2]
"4.4.4283889885521.2"	[-593875, 163425, -6090, -1, 1]	4283889885521	1438.66465746	"4T1"	[2]
"4.4.4295227134929.1"	[61417733, -31929, -16128, -1, 1]	4295227134929	1439.6155653	"4T1"	[2, 2]
"4.4.4308393229309.1"	[23169253, 219041, -16963, -1, 1]	4308393229309	1440.71750736	"4T1"	[4]
"4.4.4308393229309.2"	[66291813, -50475, -16963, -1, 1]	4308393229309	1440.71750736	"4T1"	[20]
"4.4.4309577106217.1"	[114243338, -210775, -52707, -1, 1]	4309577106217	1440.81646865	"4T1"	[2, 2]
"4.4.4314132279872.1"	[79466048, 0, -34018, 0, 1]	4314132279872	1441.19704946	"4T1"	[2, 2]
"4.4.4320764165597.1"	[1131287, 244711, -9467, -1, 1]	4320764165597	1441.75059932	"4T1"	[4]
"4.4.4320764165597.2"	[7216751, -189965, -9467, -1, 1]	4320764165597	1441.75059932	"4T1"	[20]
"4.4.4326673916173.1"	[-380401, -241297, -8349, -1, 1]	4326673916173	1442.24333737	"4T1"	[2, 4]
"4.4.4326673916173.2"	[9344951, 132755, -8349, -1, 1]	4326673916173	1442.24333737	"4T1"	[2, 4]
"4.4.4331925645673.1"	[812592056, 121805, -60909, -1, 1]	4331925645673	1442.6807881	"4T1"	[2]
"4.4.4373840340992.3"	[1147898, 0, -23668, 0, 1]	4373840340992	1446.15795695	"4T1"	[2, 2, 2]
"4.4.4373840340992.4"	[138895658, 0, -23668, 0, 1]	4373840340992	1446.15795695	"4T1"	[2, 2, 2]
"4.4.4386202765312.1"	[1879362, 0, -5156, 0, 1]	4386202765312	1447.17874754	"4T1"	[4]
"4.4.4386202765312.2"	[4766722, 0, -5156, 0, 1]	4386202765312	1447.17874754	"4T1"	[4]
"4.4.4392354954181.2"	[663686217, 201258, -67092, -1, 1]	4392354954181	1447.68594239	"4T1"	[2]
"4.4.4398851866625.1"	[1048576, 1024, -6144, -1, 1]	4398851866625	1448.22097863	"4T1"	[2, 60]
"4.4.4401268523072.1"	[12848192, 0, -8194, 0, 1]	4401268523072	1448.41984482	"4T1"	[2, 2, 20]
"4.4.4401268523072.2"	[16781312, 0, -8194, 0, 1]	4401268523072	1448.41984482	"4T1"	[2, 20, 20]
"4.4.4409581799969.1"	[556416883, -111289, -55658, -1, 1]	4409581799969	1449.10331799	"4T1"	[2, 2]
"4.4.4418209905929.1"	[1047548, -7179, -6153, -1, 1]	4418209905929	1449.81165349	"4T1"	[24]
"4.4.4418209905929.2"	[-2890612, -253314, -6153, -1, 1]	4418209905929	1449.81165349	"4T1"	[24]
"4.4.4420166909504.1"	[558031424, 0, -55714, 0, 1]	4420166909504	1449.97217186	"4T1"	[2, 2]
"4.4.4421353993873.1"	[117209889, -213491, -53386, -1, 1]	4421353993873	1450.06951354	"4T1"	[2]
"4.4.4427101288000.1"	[16814080, 0, -8210, 0, 1]	4427101288000	1450.54051839	"4T1"	[2, 2, 2]
"4.4.4429359961429.1"	[469225, -251806, -14974, -1, 1]	4429359961429	1450.72549669	"4T1"	[4]
"4.4.4429359961429.2"	[38044503, -133272, -14974, -1, 1]	4429359961429	1450.72549669	"4T1"	[4]
"4.4.4437624654737.1"	[1038296, 17460, -6162, -1, 1]	4437624654737	1451.40174682	"4T1"	[5]
"4.4.4444108854121.1"	[-756864, -171603, -6165, -1, 1]	4444108854121	1451.93164889	"4T1"	[4]
"4.4.4444108854121.2"	[-428044, 157217, -6165, -1, 1]	4444108854121	1451.93164889	"4T1"	[20]
"4.4.4463599344625.1"	[-2645784, 248004, -6174, -1, 1]	4463599344625	1453.5209685	"4T1"	[2, 20]
"4.4.4463599344625.2"	[-1312119, -196551, -6174, -1, 1]	4463599344625	1453.5209685	"4T1"	[2, 4]
"4.4.4463599344625.3"	[795401, -64831, -6174, -1, 1]	4463599344625	1453.5209685	"4T1"	[2, 4]
"4.4.4463599344625.4"	[1042376, -15436, -6174, -1, 1]	4463599344625	1453.5209685	"4T1"	[2, 20]
"4.4.4465461225472.3"	[46667322, 0, -34684, 0, 1]	4465461225472	1453.67251994	"4T1"	[2, 4]
"4.4.4465461225472.4"	[254077642, 0, -34684, 0, 1]	4465461225472	1453.67251994	"4T1"	[2, 4]
"4.4.4468377749504.1"	[3177650, 0, -5188, 0, 1]	4468377749504	1453.90982089	"4T1"	[4]
"4.4.4468377749504.2"	[3551186, 0, -5188, 0, 1]	4468377749504	1453.90982089	"4T1"	[4]
"4.4.4476394817536.1"	[136136034, 0, -45356, 0, 1]	4476394817536	1454.56152608	"4T1"	[2, 2, 4]
"4.4.4476394817536.2"	[378155650, 0, -45356, 0, 1]	4476394817536	1454.56152608	"4T1"	[2, 2, 4]
"4.4.4479069667904.1"	[16879616, 0, -8242, 0, 1]	4479069667904	1454.77876914	"4T1"	[2, 4]
"4.4.4489104074353.1"	[842081501, 123995, -62004, -1, 1]	4489104074353	1455.59286642	"4T1"	[2]
"4.4.4496209987625.1"	[1026856, 25789, -6189, -1, 1]	4496209987625	1456.16854825	"4T1"	[40]
"4.4.4509847349248.1"	[2602, 0, -5204, 0, 1]	4509847349248	1457.27146326	"4T1"	[10]
"4.4.4509847349248.2"	[6767802, 0, -5204, 0, 1]	4509847349248	1457.27146326	"4T1"	[530]
"4.4.4527142594000.1"	[6565, 0, -6565, 0, 1]	4527142594000	1458.66661587	"4T1"	[2, 2, 4, 40]
"4.4.4531133471033.1"	[4353868, 233641, -10101, -1, 1]	4531133471033	1458.98797949	"4T1"	[2, 12]
"4.4.4531133471033.2"	[19606196, -77631, -10101, -1, 1]	4531133471033	1458.98797949	"4T1"	[2, 156]
"4.4.4537440617561.1"	[572554630, -112891, -56459, -1, 1]	4537440617561	1459.49542711	"4T1"	[2]
"4.4.4542131166481.1"	[-584875, -164575, -6210, -1, 1]	4542131166481	1459.87246689	"4T1"	[]
"4.4.4564871486941.1"	[58427777, -124507, -17907, -1, 1]	4564871486941	1461.69627054	"4T1"	[2, 4]
"4.4.4564871486941.2"	[78073181, 17851, -17907, -1, 1]	4564871486941	1461.69627054	"4T1"	[2, 4]
"4.4.4596834159257.1"	[47850632, -130839, -16497, -1, 1]	4596834159257	1464.24823425	"4T1"	[2, 2, 4]
"4.4.4596834159257.2"	[62773916, 65520, -16497, -1, 1]	4596834159257	1464.24823425	"4T1"	[2, 2, 2]
"4.4.4614923007449.1"	[-2917282, -257019, -6243, -1, 1]	4614923007449	1465.68659202	"4T1"	[3]
"4.4.4649200982977.1"	[123257063, -218923, -54744, -1, 1]	4649200982977	1468.40069112	"4T1"	[2, 2]
"4.4.4664159566912.1"	[17108992, 0, -8354, 0, 1]	4664159566912	1469.58039613	"4T1"	[4, 4]
"4.4.4667126714801.1"	[588923065, -114493, -57260, -1, 1]	4667126714801	1469.81406215	"4T1"	[2]
"4.4.4692054311113.1"	[6444584, 269273, -19329, -1, 1]	4692054311113	1471.77274985	"4T1"	[2, 8]
"4.4.4692054311113.2"	[90442316, 38510, -19329, -1, 1]	4692054311113	1471.77274985	"4T1"	[2, 8]
"4.4.4701805851600.1"	[150418125, 0, -36465, 0, 1]	4701805851600	1472.53685437	"4T1"	[2, 2, 2, 2, 4]
"4.4.4701805851600.2"	[294819525, 0, -36465, 0, 1]	4701805851600	1472.53685437	"4T1"	[2, 2, 2, 6, 12]
"4.4.4715432084609.1"	[-1316432, 202276, -6288, -1, 1]	4715432084609	1473.6025811	"4T1"	[4]
"4.4.4715432084609.2"	[25088, -133104, -6288, -1, 1]	4715432084609	1473.6025811	"4T1"	[4]
"4.4.4717682281861.1"	[712854657, 208578, -69532, -1, 1]	4717682281861	1473.7783499	"4T1"	[2, 2]
"4.4.4721047881728.1"	[2538962, 0, -5284, 0, 1]	4721047881728	1474.04112839	"4T1"	[2, 4]
"4.4.4721047881728.2"	[4441202, 0, -5284, 0, 1]	4721047881728	1474.04112839	"4T1"	[2, 4]
"4.4.4732294933568.1"	[37977152, 0, -28946, 0, 1]	4732294933568	1474.91825499	"4T1"	[2, 4, 4]
"4.4.4741548882193.1"	[3409776, -251820, -14184, -1, 1]	4741548882193	1475.63877329	"4T1"	[2, 340]
"4.4.4741548882193.2"	[24010784, 196028, -14184, -1, 1]	4741548882193	1475.63877329	"4T1"	[2, 4]
"4.4.4742478770401.1"	[-1736869, -217363, -6300, -1, 1]	4742478770401	1475.71111664	"4T1"	[4]
"4.4.4742478770401.2"	[497664, -99756, -6300, -1, 1]	4742478770401	1475.71111664	"4T1"	[4]
"4.4.4769129478577.2"	[167378568, -118940, -29782, -1, 1]	4769129478577	1477.77997872	"4T1"	[2, 2]
"4.4.4802070026429.1"	[153165275, -184245, -36879, -1, 1]	4802070026429	1480.32516558	"4T1"	[2, 2, 4]
"4.4.4802070026429.2"	[300572275, 110569, -36879, -1, 1]	4802070026429	1480.32516558	"4T1"	[2, 2, 4]
"4.4.4824238966273.1"	[-3210496, -269296, -6336, -1, 1]	4824238966273	1482.0307102	"4T1"	[2]
"4.4.4824238966273.2"	[692711, 85541, -6336, -1, 1]	4824238966273	1482.0307102	"4T1"	[2]
"4.4.4844824797961.1"	[-2946964, -261218, -6345, -1, 1]	4844824797961	1483.60920456	"4T1"	[]
"4.4.4876128035333.1"	[108303851, -227486, -75836, -1, 1]	4876128035333	1485.99988274	"4T1"	[2, 2]
"4.4.4920807131729.1"	[-1744552, 222180, -6378, -1, 1]	4920807131729	1489.39223691	"4T1"	[4]
"4.4.4920807131729.2"	[976888, -49964, -6378, -1, 1]	4920807131729	1489.39223691	"4T1"	[4]
"4.4.4924155851600.1"	[1443125, 0, -11545, 0, 1]	4924155851600	1489.64556349	"4T1"	[2, 4]
"4.4.4951394291453.1"	[109977061, -229235, -76419, -1, 1]	4951394291453	1491.7013333	"4T1"	[34]
"4.4.4955205570937.1"	[929530902, 130273, -65143, -1, 1]	4955205570937	1491.98830552	"4T1"	[2]
"4.4.4962584884193.1"	[-569344, 171636, -6396, -1, 1]	4962584884193	1492.54346442	"4T1"	[2]
"4.4.4962584884193.2"	[709931, -84219, -6396, -1, 1]	4962584884193	1492.54346442	"4T1"	[2]
"4.4.4970785818457.1"	[-900688, 284441, -14409, -1, 1]	4970785818457	1493.15970943	"4T1"	[2, 2, 2]
"4.4.4970785818457.2"	[17524868, 227572, -14409, -1, 1]	4970785818457	1493.15970943	"4T1"	[2, 2, 2]
"4.4.4972247238656.3"	[22779650, 0, -23068, 0, 1]	4972247238656	1493.26944526	"4T1"	[2, 4]
"4.4.4972247238656.4"	[110253506, 0, -23068, 0, 1]	4972247238656	1493.26944526	"4T1"	[2, 4]
"4.4.4973811148800.1"	[99450, 0, -13260, 0, 1]	4973811148800	1493.38685011	"4T1"	[2, 2, 4, 4]
"4.4.4973811148800.2"	[8055450, 0, -13260, 0, 1]	4973811148800	1493.38685011	"4T1"	[2, 2, 4, 4]
"4.4.4973811148800.3"	[35901450, 0, -13260, 0, 1]	4973811148800	1493.38685011	"4T1"	[2, 2, 4, 4]
"4.4.4973811148800.4"	[43857450, 0, -13260, 0, 1]	4973811148800	1493.38685011	"4T1"	[2, 2, 4, 4]
"4.4.4995556990913.2"	[39495536, -237900, -29784, -1, 1]	4995556990913	1495.01647806	"4T1"	[2, 4]
"4.4.5005942704317.1"	[13070587, 260611, -17499, -1, 1]	5005942704317	1495.79290411	"4T1"	[4]
"4.4.5005942704317.2"	[48088003, -156263, -17499, -1, 1]	5005942704317	1495.79290411	"4T1"	[4]
"4.4.5010897244657.4"	[939979757, 131003, -65508, -1, 1]	5010897244657	1496.16287525	"4T1"	[2, 2, 2]
"4.4.5011623661897.1"	[-1119364, -195730, -6417, -1, 1]	5011623661897	1496.21709605	"4T1"	[24]
"4.4.5011623661897.2"	[934196, 60965, -6417, -1, 1]	5011623661897	1496.21709605	"4T1"	[24]
"4.4.5019012139277.1"	[18681359, -182459, -12437, -1, 1]	5019012139277	1496.76824775	"4T1"	[4]
"4.4.5019012139277.2"	[35431063, 12305, -12437, -1, 1]	5019012139277	1496.76824775	"4T1"	[4]
"4.4.5025786038272.1"	[5576562, 0, -21004, 0, 1]	5025786038272	1497.27301987	"4T1"	[2, 4]
"4.4.5025786038272.2"	[104715442, 0, -21004, 0, 1]	5025786038272	1497.27301987	"4T1"	[2, 4]
"4.4.5038839877189.1"	[64545567, -130814, -18808, -1, 1]	5038839877189	1498.2443183	"4T1"	[2, 2, 116]
"4.4.5038839877189.2"	[86232637, 18752, -18808, -1, 1]	5038839877189	1498.2443183	"4T1"	[2, 2, 4]
"4.4.5068062324233.1"	[-3524036, 284494, -6441, -1, 1]	5068062324233	1500.41185436	"4T1"	[164]
"4.4.5068062324233.2"	[186196, -127754, -6441, -1, 1]	5068062324233	1500.41185436	"4T1"	[4]
"4.4.5136591774569.1"	[763742092, -176974, -88493, -1, 1]	5136591774569	1505.45841298	"4T1"	[2, 2]
"4.4.5142729820837.1"	[5347217, -206074, -8844, -1, 1]	5142729820837	1505.90795403	"4T1"	[2, 4]
"4.4.5142729820837.2"	[13403853, -73998, -8844, -1, 1]	5142729820837	1505.90795403	"4T1"	[2, 4]
"4.4.5143031547569.2"	[648990233, -120189, -60108, -1, 1]	5143031547569	1505.93004165	"4T1"	[2, 2, 4]
"4.4.5143855974400.5"	[156434850, 0, -48620, 0, 1]	5143855974400	1505.99038809	"4T1"	[2, 2, 2, 4]
"4.4.5143855974400.6"	[434541250, 0, -48620, 0, 1]	5143855974400	1505.99038809	"4T1"	[2, 2, 2, 4]
"4.4.5163026188288.1"	[329362, 0, -5444, 0, 1]	5163026188288	1507.39156931	"4T1"	[4]
"4.4.5163026188288.2"	[7079922, 0, -5444, 0, 1]	5163026188288	1507.39156931	"4T1"	[4]
"4.4.5179839547417.2"	[971676722, 133193, -66603, -1, 1]	5179839547417	1508.61727607	"4T1"	[2, 2, 2]
"4.4.5211095001088.1"	[54459738, 0, -37468, 0, 1]	5211095001088	1510.88791571	"4T1"	[2, 4]
"4.4.5211095001088.2"	[296503018, 0, -37468, 0, 1]	5211095001088	1510.88791571	"4T1"	[2, 4]
"4.4.5250454439936.1"	[13623650, 0, -20564, 0, 1]	5250454439936	1513.73280742	"4T1"	[2, 4]
"4.4.5250454439936.2"	[92095874, 0, -20564, 0, 1]	5250454439936	1513.73280742	"4T1"	[2, 4]
"4.4.5257129242625.1"	[20511776, -102016, -10614, -1, 1]	5257129242625	1514.21367316	"4T1"	[2, 4, 4]
"4.4.5293674424613.1"	[117586271, -237026, -79016, -1, 1]	5293674424613	1516.83837283	"4T1"	[2, 2]
"4.4.5299414654672.1"	[616453, 0, -21257, 0, 1]	5299414654672	1517.2494041	"4T1"	[6]
"4.4.5300801775616.1"	[3363850, 0, -5492, 0, 1]	5300801775616	1517.34867931	"4T1"	[2]
"4.4.5300801775616.2"	[4176666, 0, -5492, 0, 1]	5300801775616	1517.34867931	"4T1"	[2]
"4.4.5324849852137.2"	[186917828, -125680, -31467, -1, 1]	5324849852137	1519.06669314	"4T1"	[2, 2]
"4.4.5333997648109.1"	[28815803, 243715, -18861, -1, 1]	5333997648109	1519.71869129	"4T1"	[4]
"4.4.5333997648109.2"	[82195155, -56169, -18861, -1, 1]	5333997648109	1519.71869129	"4T1"	[4]
"4.4.5334607002817.1"	[912896, -68800, -6552, -1, 1]	5334607002817	1519.76209251	"4T1"	[2]
"4.4.5334607002817.2"	[1174991, 18565, -6552, -1, 1]	5334607002817	1519.76209251	"4T1"	[2]
"4.4.5337507022848.5"	[5212409202, 0, -204204, 0, 1]	5337507022848	1519.96859518	"4T1"	[2, 2, 2, 2, 2]
"4.4.5363131909273.1"	[1006066146, 135529, -67771, -1, 1]	5363131909273	1521.78962776	"4T1"	[2]
"4.4.5368674623489.1"	[-470848, 296056, -16598, -1, 1]	5368674623489	1522.18266201	"4T1"	[2, 4]
"4.4.5368674623489.2"	[20576512, -230128, -16598, -1, 1]	5368674623489	1522.18266201	"4T1"	[2, 4]
"4.4.5372292401152.1"	[5961042, 0, -21716, 0, 1]	5372292401152	1522.43903475	"4T1"	[2, 4]
"4.4.5372292401152.2"	[111935122, 0, -21716, 0, 1]	5372292401152	1522.43903475	"4T1"	[2, 4]
"4.4.5377124386816.1"	[923650, 0, -10556, 0, 1]	5377124386816	1522.7812501	"4T1"	[4, 4]
"4.4.5377124386816.2"	[8312850, 0, -10556, 0, 1]	5377124386816	1522.7812501	"4T1"	[4, 4]
"4.4.5377124386816.3"	[19544434, 0, -10556, 0, 1]	5377124386816	1522.7812501	"4T1"	[4, 4]
"4.4.5377124386816.4"	[26933634, 0, -10556, 0, 1]	5377124386816	1522.7812501	"4T1"	[4, 4]
"4.4.5391431604533.1"	[11170487, -255914, -17210, -1, 1]	5391431604533	1523.79317843	"4T1"	[4]
"4.4.5391431604533.2"	[71514979, 17138, -17210, -1, 1]	5391431604533	1523.79317843	"4T1"	[4]
"4.4.5394000570368.1"	[997082, 0, -5524, 0, 1]	5394000570368	1523.97466424	"4T1"	[10]
"4.4.5394000570368.2"	[6631562, 0, -5524, 0, 1]	5394000570368	1523.97466424	"4T1"	[2]
"4.4.5420879569601.1"	[684059615, -123393, -61710, -1, 1]	5420879569601	1525.86966725	"4T1"	[2]
"4.4.5427937658293.1"	[4207293, -262254, -12766, -1, 1]	5427937658293	1526.36610279	"4T1"	[4]
"4.4.5427937658293.2"	[24298851, -162296, -12766, -1, 1]	5427937658293	1526.36610279	"4T1"	[4]
"4.4.5429812471261.1"	[820483911, 223767, -74595, -1, 1]	5429812471261	1526.49788767	"4T1"	[2, 2]
"4.4.5434970664577.2"	[124229376, -197640, -32982, -1, 1]	5434970664577	1526.86029281	"4T1"	[4, 4]
"4.4.5445273626857.1"	[-378868, -166034, -6597, -1, 1]	5445273626857	1527.5833884	"4T1"	[3, 12]
"4.4.5445273626857.2"	[1169316, -25290, -6597, -1, 1]	5445273626857	1527.5833884	"4T1"	[4]
"4.4.5465495156837.1"	[121406087, -240842, -80288, -1, 1]	5465495156837	1528.99962342	"4T1"	[2]
"4.4.5473848497473.2"	[145144919, -237547, -59400, -1, 1]	5473848497473	1529.58351109	"4T1"	[2, 2]
"4.4.5488513255424.1"	[25144850, 0, -24236, 0, 1]	5488513255424	1530.60694423	"4T1"	[2, 4]
"4.4.5488513255424.2"	[121701074, 0, -24236, 0, 1]	5488513255424	1530.60694423	"4T1"	[2, 4]
"4.4.5513953536000.5"	[215388810, 0, -92820, 0, 1]	5513953536000	1532.37753159	"4T1"	[2, 2, 2, 2, 20]
"4.4.5513953536000.6"	[1938499290, 0, -92820, 0, 1]	5513953536000	1532.37753159	"4T1"	[2, 2, 2, 2, 4]
"4.4.5531536296000.1"	[327309840, 0, -72930, 0, 1]	5531536296000	1533.59767551	"4T1"	[2, 2, 4, 4, 4]
"4.4.5531536296000.2"	[1309239360, 0, -72930, 0, 1]	5531536296000	1533.59767551	"4T1"	[2, 2, 2, 2, 20]
"4.4.5538184777125.3"	[47493411, 319074, -63824, -1, 1]	5538184777125	1534.05828457	"4T1"	[2, 2, 2, 4, 4]
"4.4.5538184777125.4"	[430886421, -191436, -63824, -1, 1]	5538184777125	1534.05828457	"4T1"	[2, 2, 2, 2, 4]
"4.4.5543482557433.2"	[5920676, -275314, -27591, -1, 1]	5543482557433	1534.4250198	"4T1"	[2, 2]
"4.4.5578397842961.1"	[703941325, -125173, -62600, -1, 1]	5578397842961	1536.83545452	"4T1"	[2, 2]
"4.4.5593784681749.1"	[14758683, 168010, -10318, -1, 1]	5593784681749	1537.89411956	"4T1"	[4]
"4.4.5593784681749.2"	[20680533, -68864, -10318, -1, 1]	5593784681749	1537.89411956	"4T1"	[20]
"4.4.5595195416777.1"	[-3602264, -291815, -6657, -1, 1]	5595195416777	1537.99107342	"4T1"	[2, 2, 16]
"4.4.5595195416777.2"	[871492, -78779, -6657, -1, 1]	5595195416777	1537.99107342	"4T1"	[2, 4, 8]
"4.4.5621509728773.1"	[14752601, 276166, -18536, -1, 1]	5621509728773	1539.79619339	"4T1"	[4]
"4.4.5621509728773.2"	[54069419, -165596, -18536, -1, 1]	5621509728773	1539.79619339	"4T1"	[20]
"4.4.5647396457861.1"	[-495325, 297150, -12192, -1, 1]	5647396457861	1541.56580868	"4T1"	[2, 4]
"4.4.5647396457861.2"	[33433241, 12036, -12192, -1, 1]	5647396457861	1541.56580868	"4T1"	[2, 4]
"4.4.5651165931328.1"	[2155252, 0, -8906, 0, 1]	5651165931328	1541.82298194	"4T1"	[2, 4]
"4.4.5651165931328.2"	[14979892, 0, -8906, 0, 1]	5651165931328	1541.82298194	"4T1"	[2, 4]
"4.4.5708770527673.1"	[151380564, -242591, -60661, -1, 1]	5708770527673	1545.73715623	"4T1"	[2, 2]
"4.4.5709424917617.1"	[-1326023, -213359, -6702, -1, 1]	5709424917617	1545.78145085	"4T1"	[4]
"4.4.5709424917617.2"	[-200024, -159740, -6702, -1, 1]	5709424917617	1545.78145085	"4T1"	[4]
"4.4.5710890306953.3"	[6597328, 252376, -10911, -1, 1]	5710890306953	1545.88062694	"4T1"	[2, 4, 4]
"4.4.5710890306953.4"	[20971246, 126289, -10911, -1, 1]	5710890306953	1545.88062694	"4T1"	[2, 4, 4]
"4.4.5728790382592.1"	[25362, 0, -5636, 0, 1]	5728790382592	1547.09054839	"4T1"	[4]
"4.4.5728790382592.2"	[7915762, 0, -5636, 0, 1]	5728790382592	1547.09054839	"4T1"	[4]
"4.4.5758439465024.1"	[1147136, 0, -8962, 0, 1]	5758439465024	1549.08839855	"4T1"	[2, 12]
"4.4.5778703183625.1"	[-3627764, -294971, -6729, -1, 1]	5778703183625	1550.44939893	"4T1"	[2, 4]
"4.4.5778703183625.2"	[-3627764, 297214, -6729, -1, 1]	5778703183625	1550.44939893	"4T1"	[2, 4]
"4.4.5778703183625.3"	[-1546144, -223191, -6729, -1, 1]	5778703183625	1550.44939893	"4T1"	[2, 4]
"4.4.5778703183625.4"	[-38764, 153654, -6729, -1, 1]	5778703183625	1550.44939893	"4T1"	[2, 4]
"4.4.5791471256713.2"	[203325684, -131072, -32815, -1, 1]	5791471256713	1551.30512163	"4T1"	[2, 4]
"4.4.5822164843657.1"	[4335732, -279054, -15697, -1, 1]	5822164843657	1553.35644748	"4T1"	[6, 12]
"4.4.5822164843657.2"	[29645196, 217210, -15697, -1, 1]	5822164843657	1553.35644748	"4T1"	[2, 4]
"4.4.5851262570389.1"	[5095845, 298216, -17686, -1, 1]	5851262570389	1555.2936426	"4T1"	[4]
"4.4.5851262570389.2"	[56867283, 157914, -17686, -1, 1]	5851262570389	1555.2936426	"4T1"	[4]
"4.4.5851356200009.1"	[738393848, -128199, -64113, -1, 1]	5851356200009	1555.29986436	"4T1"	[2]
"4.4.5874300204337.1"	[155774373, -246083, -61534, -1, 1]	5874300204337	1556.82226589	"4T1"	[2]
"4.4.5887824034261.1"	[31869685, 256052, -19810, -1, 1]	5887824034261	1557.71752348	"4T1"	[4]
"4.4.5887824034261.2"	[90787401, -59016, -19810, -1, 1]	5887824034261	1557.71752348	"4T1"	[4]
"4.4.5919983291617.2"	[1110543527, 142391, -71202, -1, 1]	5919983291617	1559.84024136	"4T1"	[2]
"4.4.5944623028397.1"	[132058027, -251177, -83733, -1, 1]	5944623028397	1561.46077847	"4T1"	[2, 2]
"4.4.5976220854272.1"	[140042, 0, -5716, 0, 1]	5976220854272	1563.53158785	"4T1"	[2]
"4.4.5976220854272.2"	[8028122, 0, -5716, 0, 1]	5976220854272	1563.53158785	"4T1"	[2]
"4.4.6002386790400.5"	[34684650, 0, -60060, 0, 1]	6002386790400	1565.2402039	"4T1"	[2, 2, 2, 2, 4]
"4.4.6002386790400.6"	[867116250, 0, -60060, 0, 1]	6002386790400	1565.2402039	"4T1"	[2, 2, 2, 2, 4]
"4.4.6023228411200.2"	[2227525300, 0, -170170, 0, 1]	6023228411200	1566.59715376	"4T1"	[2, 2, 2, 2, 2]
"4.4.6026546661376.1"	[2410306, 0, -5732, 0, 1]	6026546661376	1566.81287229	"4T1"	[4]
"4.4.6026546661376.2"	[5803650, 0, -5732, 0, 1]	6026546661376	1566.81287229	"4T1"	[4]
"4.4.6042195529417.1"	[160231038, -249575, -62407, -1, 1]	6042195529417	1567.82900185	"4T1"	[2]
"4.4.6069402371521.1"	[-3972049, 311237, -6840, -1, 1]	6069402371521	1569.59093748	"4T1"	[6, 12]
"4.4.6069402371521.2"	[-3370096, -290716, -6840, -1, 1]	6069402371521	1569.59093748	"4T1"	[2, 4]
"4.4.6069402371521.3"	[-2804625, -272475, -6840, -1, 1]	6069402371521	1569.59093748	"4T1"	[2, 4]
"4.4.6069402371521.4"	[-1327104, 220032, -6840, -1, 1]	6069402371521	1569.59093748	"4T1"	[2, 4]
"4.4.6078860946553.2"	[1140352566, 144289, -72151, -1, 1]	6078860946553	1570.20209425	"4T1"	[2]
"4.4.6079826862553.1"	[161229944, -250351, -62601, -1, 1]	6079826862553	1570.26446584	"4T1"	[2, 2]
"4.4.6097501596709.2"	[921397797, 237126, -79048, -1, 1]	6097501596709	1571.40445726	"4T1"	[2, 2]
"4.4.6099955763200.1"	[6768450, 0, -23140, 0, 1]	6099955763200	1571.56255095	"4T1"	[2, 2, 4]
"4.4.6103645698193.1"	[-936039, 315181, -15946, -1, 1]	6103645698193	1571.80016123	"4T1"	[2, 2, 2]
"4.4.6103645698193.2"	[21687064, 252164, -15946, -1, 1]	6103645698193	1571.80016123	"4T1"	[2, 2, 2]
"4.4.6109418082041.1"	[-2026406, -245651, -6855, -1, 1]	6109418082041	1572.17165305	"4T1"	[2, 2]
"4.4.6109418082041.2"	[-1112356, 211374, -6855, -1, 1]	6109418082041	1572.17165305	"4T1"	[2, 2]
"4.4.6134945638400.1"	[616250, 0, -9860, 0, 1]	6134945638400	1573.81137419	"4T1"	[2, 2, 2, 4]
"4.4.6134945638400.2"	[8898650, 0, -9860, 0, 1]	6134945638400	1573.81137419	"4T1"	[2, 2, 4, 20]
"4.4.6134945638400.3"	[15406250, 0, -9860, 0, 1]	6134945638400	1573.81137419	"4T1"	[2, 2, 2, 4]
"4.4.6134945638400.4"	[23688650, 0, -9860, 0, 1]	6134945638400	1573.81137419	"4T1"	[2, 2, 4, 4]
"4.4.6138544592681.1"	[34604980, -182936, -15459, -1, 1]	6138544592681	1574.04213539	"4T1"	[2, 4]
"4.4.6138544592681.2"	[54861296, 61116, -15459, -1, 1]	6138544592681	1574.04213539	"4T1"	[2, 4]
"4.4.6152898661993.3"	[1154243736, 145165, -72589, -1, 1]	6152898661993	1574.96149519	"4T1"	[2, 2, 2]
"4.4.6154296955153.2"	[216084504, -135116, -33826, -1, 1]	6154296955153	1575.05096807	"4T1"	[2, 4]
"4.4.6206849507701.1"	[11087361, 257616, -12582, -1, 1]	6206849507701	1578.40265908	"4T1"	[4]
"4.4.6206849507701.2"	[34429925, 61460, -12582, -1, 1]	6206849507701	1578.40265908	"4T1"	[4]
"4.4.6238649591929.1"	[-2546842, 268081, -6903, -1, 1]	6238649591929	1580.42047785	"4T1"	[2, 12]
"4.4.6238649591929.2"	[766778, -100099, -6903, -1, 1]	6238649591929	1580.42047785	"4T1"	[2, 60]
"4.4.6258547339981.1"	[945738261, 240237, -80085, -1, 1]	6258547339981	1581.67913432	"4T1"	[2]
"4.4.6282417514496.1"	[3559850, 0, -5812, 0, 1]	6282417514496	1583.18511788	"4T1"	[2]
"4.4.6282417514496.2"	[4884986, 0, -5812, 0, 1]	6282417514496	1583.18511788	"4T1"	[10]
"4.4.6288117997877.1"	[139694797, -258332, -86118, -1, 1]	6288117997877	1583.5441298	"4T1"	[2, 2]
"4.4.6310714689536.3"	[28911650, 0, -25988, 0, 1]	6310714689536	1584.96485453	"4T1"	[2, 2, 4]
"4.4.6310714689536.4"	[139932386, 0, -25988, 0, 1]	6310714689536	1584.96485453	"4T1"	[2, 2, 4]
"4.4.6315146845481.2"	[796933420, -133183, -66605, -1, 1]	6315146845481	1585.24307033	"4T1"	[2, 4, 4]
"4.4.6328545249473.1"	[-161921, 167629, -6936, -1, 1]	6328545249473	1586.08322693	"4T1"	[10]
"4.4.6328545249473.2"	[1336336, 1156, -6936, -1, 1]	6328545249473	1586.08322693	"4T1"	[10]
"4.4.6342037078721.1"	[39467875, 142295, -14462, -1, 1]	6342037078721	1586.92789489	"4T1"	[2, 2, 2]
"4.4.6342037078721.2"	[48168832, -28312, -14462, -1, 1]	6342037078721	1586.92789489	"4T1"	[2, 2, 2]
"4.4.6377941228625.1"	[-2291539, -258471, -6954, -1, 1]	6377941228625	1589.16915949	"4T1"	[2, 2]
"4.4.6377941228625.2"	[1324736, 19704, -6954, -1, 1]	6377941228625	1589.16915949	"4T1"	[2, 2]
"4.4.6382920755200.1"	[73937050, 0, -22220, 0, 1]	6382920755200	1589.4792515	"4T1"	[2, 4]
"4.4.6454961458637.1"	[28029769, 244711, -16497, -1, 1]	6454961458637	1593.94529965	"4T1"	[2, 4]
"4.4.6454961458637.2"	[49164613, -146675, -16497, -1, 1]	6454961458637	1593.94529965	"4T1"	[2, 4]
"4.4.6481112762368.1"	[7191378, 0, -23852, 0, 1]	6481112762368	1595.55726004	"4T1"	[2, 4]
"4.4.6481112762368.2"	[135038098, 0, -23852, 0, 1]	6481112762368	1595.55726004	"4T1"	[2, 4]
"4.4.6506526132224.1"	[16882850, 0, -22892, 0, 1]	6506526132224	1597.11906742	"4T1"	[2, 20]
"4.4.6506526132224.2"	[114128066, 0, -22892, 0, 1]	6506526132224	1597.11906742	"4T1"	[2, 4]
"4.4.6561258219361.1"	[-2300416, 263264, -7020, -1, 1]	6561258219361	1600.46721593	"4T1"	[20]
"4.4.6561258219361.2"	[1294016, 38612, -7020, -1, 1]	6561258219361	1600.46721593	"4T1"	[20]
"4.4.6570881399921.1"	[829212385, -135853, -67940, -1, 1]	6570881399921	1601.05373153	"4T1"	[2]
"4.4.6578095441553.1"	[-2844584, -279884, -7026, -1, 1]	6578095441553	1601.49299209	"4T1"	[4]
"4.4.6578095441553.2"	[-895936, -204936, -7026, -1, 1]	6578095441553	1601.49299209	"4T1"	[4]
"4.4.6581286898225.1"	[-1161456, 304828, -8812, -1, 1]	6581286898225	1601.68720354	"4T1"	[2, 4, 8]
"4.4.6581286898225.2"	[6016624, -207892, -8812, -1, 1]	6581286898225	1601.68720354	"4T1"	[2, 4, 8]
"4.4.6581286898225.3"	[9894069, 144603, -8812, -1, 1]	6581286898225	1601.68720354	"4T1"	[2, 4, 8]
"4.4.6581286898225.4"	[12970389, 16423, -8812, -1, 1]	6581286898225	1601.68720354	"4T1"	[2, 4, 8]
"4.4.6583318794593.1"	[68777351, -156591, -19716, -1, 1]	6583318794593	1601.81081484	"4T1"	[2, 2]
"4.4.6583318794593.2"	[90161168, 78396, -19716, -1, 1]	6583318794593	1601.81081484	"4T1"	[2, 2]
"4.4.6603405245081.1"	[-3732926, 310729, -7035, -1, 1]	6603405245081	1603.03124586	"4T1"	[4]
"4.4.6603405245081.2"	[-3132574, -289623, -7035, -1, 1]	6603405245081	1603.03124586	"4T1"	[4]
"4.4.6652656928768.1"	[1069282, 0, -5924, 0, 1]	6652656928768	1606.0119852	"4T1"	[60]
"4.4.6652656928768.2"	[7704162, 0, -5924, 0, 1]	6652656928768	1606.0119852	"4T1"	[12]
"4.4.6657924892829.1"	[-2314675, -314565, -9639, -1, 1]	6657924892829	1606.32982446	"4T1"	[2, 4]
"4.4.6657924892829.2"	[5602465, -242591, -9639, -1, 1]	6657924892829	1606.32982446	"4T1"	[2, 4]
"4.4.6658315516873.1"	[176586014, -261991, -65511, -1, 1]	6658315516873	1606.353385	"4T1"	[2, 2]
"4.4.6705293668793.1"	[328156, 142606, -7071, -1, 1]	6705293668793	1609.17935002	"4T1"	[2, 2]
"4.4.6705293668793.2"	[1271006, 48321, -7071, -1, 1]	6705293668793	1609.17935002	"4T1"	[2, 2]
"4.4.6717034868032.1"	[9981172, 0, -9434, 0, 1]	6717034868032	1609.88332	"4T1"	[2, 4]
"4.4.6717034868032.2"	[20547252, 0, -9434, 0, 1]	6717034868032	1609.88332	"4T1"	[2, 4]
"4.4.6734137431104.1"	[19337216, 0, -9442, 0, 1]	6734137431104	1610.9070932	"4T1"	[4, 4]
"4.4.6761048410112.1"	[503282, 0, -5956, 0, 1]	6761048410112	1612.5140649	"4T1"	[52]
"4.4.6761048410112.2"	[8365202, 0, -5956, 0, 1]	6761048410112	1612.5140649	"4T1"	[4]
"4.4.6815682881536.1"	[2869546, 0, -5972, 0, 1]	6815682881536	1615.76182822	"4T1"	[10]
"4.4.6815682881536.2"	[6046650, 0, -5972, 0, 1]	6815682881536	1615.76182822	"4T1"	[10]
"4.4.6826361780257.1"	[1280601407, 152903, -76458, -1, 1]	6826361780257	1616.39435575	"4T1"	[26]
"4.4.6856123136825.1"	[-2563904, 325256, -8933, -1, 1]	6856123136825	1618.15325897	"4T1"	[2, 2, 2, 8]
"4.4.6856123136825.2"	[7311536, -194504, -8933, -1, 1]	6856123136825	1618.15325897	"4T1"	[2, 2, 4, 8]
"4.4.6877395576400.3"	[14518125, 0, -12905, 0, 1]	6877395576400	1619.40695909	"4T1"	[2, 2, 4]
"4.4.6877395576400.4"	[40328125, 0, -12905, 0, 1]	6877395576400	1619.40695909	"4T1"	[2, 2, 20]
"4.4.6932743457993.2"	[54935756, -280260, -35079, -1, 1]	6932743457993	1622.65533661	"4T1"	[2, 2]
"4.4.6952639032677.1"	[14583637, -290624, -19524, -1, 1]	6952639032677	1623.81825919	"4T1"	[4]
"4.4.6952639032677.2"	[92412713, 19452, -19524, -1, 1]	6952639032677	1623.81825919	"4T1"	[4]
"4.4.6955123165184.1"	[18046850, 0, -23668, 0, 1]	6955123165184	1623.96328467	"4T1"	[2, 4]
"4.4.6955123165184.2"	[121996706, 0, -23668, 0, 1]	6955123165184	1623.96328467	"4T1"	[2, 4]
"4.4.6959698912373.1"	[18421507, 307276, -20610, -1, 1]	6959698912373	1624.23031851	"4T1"	[4]
"4.4.6959698912373.2"	[67083769, -184262, -20610, -1, 1]	6959698912373	1624.23031851	"4T1"	[20]
"4.4.6979901324461.1"	[1089637, -316117, -18757, -1, 1]	6979901324461	1625.40772978	"4T1"	[5, 20]
"4.4.6979901324461.2"	[60311241, -167319, -18757, -1, 1]	6979901324461	1625.40772978	"4T1"	[4]
"4.4.6990614302769.2"	[882191593, -140125, -70076, -1, 1]	6990614302769	1626.03105322	"4T1"	[2, 2]
"4.4.7007797752989.1"	[15722815, 202397, -11123, -1, 1]	7007797752989	1627.02935981	"4T1"	[4]
"4.4.7007797752989.2"	[25596503, 32161, -11123, -1, 1]	7007797752989	1627.02935981	"4T1"	[4]
"4.4.7014388496400.2"	[71942400, 0, -18735, 0, 1]	7014388496400	1627.411775	"4T1"	[2, 2, 2, 2]
"4.4.7018025501017.1"	[186134888, -268975, -67257, -1, 1]	7018025501017	1627.62268981	"4T1"	[2]
"4.4.7061350596413.1"	[156886301, -273755, -91259, -1, 1]	7061350596413	1630.12888779	"4T1"	[2, 2]
"4.4.7093274003456.1"	[3026, 0, -6052, 0, 1]	7093274003456	1631.96817037	"4T1"	[2, 2, 8, 8]
"4.4.7093274003456.2"	[1891250, 0, -6052, 0, 1]	7093274003456	1631.96817037	"4T1"	[2, 2, 4, 8]
"4.4.7093274003456.3"	[7265426, 0, -6052, 0, 1]	7093274003456	1631.96817037	"4T1"	[2, 2, 4, 8]
"4.4.7093274003456.4"	[9153650, 0, -6052, 0, 1]	7093274003456	1631.96817037	"4T1"	[2, 2, 4, 40]
"4.4.7111725978641.1"	[-391424, 340732, -19080, -1, 1]	7111725978641	1633.0284602	"4T1"	[2, 4]
"4.4.7111725978641.2"	[27466544, -264876, -19080, -1, 1]	7111725978641	1633.0284602	"4T1"	[2, 4]
"4.4.7113460994461.1"	[-532825, -320575, -13167, -1, 1]	7113460994461	1633.12805175	"4T1"	[2, 4]
"4.4.7113460994461.2"	[8088767, 295253, -13167, -1, 1]	7113460994461	1633.12805175	"4T1"	[2, 20]
"4.4.7149681485824.1"	[27306, 0, -6068, 0, 1]	7149681485824	1635.20299412	"4T1"	[4, 4]
"4.4.7149681485824.2"	[682650, 0, -6068, 0, 1]	7149681485824	1635.20299412	"4T1"	[4, 4]
"4.4.7149681485824.3"	[8522506, 0, -6068, 0, 1]	7149681485824	1635.20299412	"4T1"	[4, 4]
"4.4.7149681485824.4"	[9177850, 0, -6068, 0, 1]	7149681485824	1635.20299412	"4T1"	[4, 4]
"4.4.7175720187217.2"	[252006008, -145900, -36522, -1, 1]	7175720187217	1636.68979235	"4T1"	[2, 2]
"4.4.7230482705753.1"	[-4461484, 339606, -7251, -1, 1]	7230482705753	1639.80355243	"4T1"	[2, 34]
"4.4.7230482705753.2"	[1223594, -66471, -7251, -1, 1]	7230482705753	1639.80355243	"4T1"	[2, 2]
"4.4.7233547464000.1"	[62573940, 0, -72930, 0, 1]	7233547464000	1639.9772892	"4T1"	[2, 2, 2, 4]
"4.4.7233547464000.2"	[563165460, 0, -72930, 0, 1]	7233547464000	1639.9772892	"4T1"	[2, 2, 2, 116]
"4.4.7239460488625.1"	[-4129024, -327656, -7254, -1, 1]	7239460488625	1640.31233417	"4T1"	[2, 4]
"4.4.7239460488625.2"	[-3490639, -308311, -7254, -1, 1]	7239460488625	1640.31233417	"4T1"	[2, 4]
"4.4.7239460488625.3"	[-2890944, 291384, -7254, -1, 1]	7239460488625	1640.31233417	"4T1"	[2, 20]
"4.4.7239460488625.4"	[223601, 155969, -7254, -1, 1]	7239460488625	1640.31233417	"4T1"	[2, 4]
"4.4.7278077396992.3"	[8075682, 0, -25276, 0, 1]	7278077396992	1642.49542072	"4T1"	[2, 4]
"4.4.7278077396992.4"	[151643362, 0, -25276, 0, 1]	7278077396992	1642.49542072	"4T1"	[2, 4]
"4.4.7310290985413.3"	[151278581, 213130, -30504, -1, 1]	7310290985413	1644.30987919	"4T1"	[2, 2, 20]
"4.4.7310290985413.4"	[226533059, -30412, -30504, -1, 1]	7310290985413	1644.30987919	"4T1"	[2, 2, 20]
"4.4.7323065516369.2"	[283788325, 25, -33834, -1, 1]	7323065516369	1645.02775543	"4T1"	[4, 20]
"4.4.7359728688797.1"	[163520417, -279479, -93167, -1, 1]	7359728688797	1647.08287268	"4T1"	[2, 2]
"4.4.7368539724041.1"	[929894080, -143863, -71945, -1, 1]	7368539724041	1647.57562163	"4T1"	[2, 2]
"4.4.7434247181149.1"	[1123435287, 261831, -87283, -1, 1]	7434247181149	1651.23638302	"4T1"	[2, 4]
"4.4.7436208441344.1"	[150626, 0, -6148, 0, 1]	7436208441344	1651.34527716	"4T1"	[2, 4]
"4.4.7436208441344.2"	[3765650, 0, -6148, 0, 1]	7436208441344	1651.34527716	"4T1"	[2, 4]
"4.4.7436208441344.3"	[5683826, 0, -6148, 0, 1]	7436208441344	1651.34527716	"4T1"	[2, 4]
"4.4.7436208441344.4"	[9298850, 0, -6148, 0, 1]	7436208441344	1651.34527716	"4T1"	[2, 4]
"4.4.7457069312000.1"	[1007930, 0, -26180, 0, 1]	7457069312000	1652.5021947	"4T1"	[2, 2, 4, 4]
"4.4.7457069312000.2"	[49388570, 0, -26180, 0, 1]	7457069312000	1652.5021947	"4T1"	[2, 2, 4, 4]
"4.4.7457069312000.3"	[121959530, 0, -26180, 0, 1]	7457069312000	1652.5021947	"4T1"	[2, 4, 4, 4]
"4.4.7457069312000.4"	[170340170, 0, -26180, 0, 1]	7457069312000	1652.5021947	"4T1"	[2, 2, 4, 4]
"4.4.7496214431744.3"	[34342850, 0, -28324, 0, 1]	7496214431744	1654.66659882	"4T1"	[2, 2, 4]
"4.4.7496214431744.4"	[166219394, 0, -28324, 0, 1]	7496214431744	1654.66659882	"4T1"	[2, 2, 4]
"4.4.7537540876769.1"	[42671888, -202724, -17108, -1, 1]	7537540876769	1656.94243325	"4T1"	[2, 4]
"4.4.7537540876769.2"	[67552000, 67712, -17108, -1, 1]	7537540876769	1656.94243325	"4T1"	[2, 4]
"4.4.7545624153541.1"	[6781847, 338642, -20064, -1, 1]	7545624153541	1657.38648197	"4T1"	[20]
"4.4.7545624153541.2"	[73539441, 179316, -20064, -1, 1]	7545624153541	1657.38648197	"4T1"	[4]
"4.4.7548999695509.1"	[1140779295, 263844, -87954, -1, 1]	7548999695509	1657.57180923	"4T1"	[2, 2]
"4.4.7575332840353.1"	[200929619, -279451, -69876, -1, 1]	7575332840353	1659.0154474	"4T1"	[2]
"4.4.7578564424721.1"	[13413712, -294428, -16584, -1, 1]	7578564424721	1659.19235022	"4T1"	[2, 2, 4]
"4.4.7578564424721.2"	[58772641, -98069, -16584, -1, 1]	7578564424721	1659.19235022	"4T1"	[2, 2, 2]
"4.4.7611744561152.1"	[895322, 0, -6196, 0, 1]	7611744561152	1661.00542689	"4T1"	[2]
"4.4.7611744561152.2"	[8702282, 0, -6196, 0, 1]	7611744561152	1661.00542689	"4T1"	[2]
"4.4.7616148321600.5"	[243652500, 0, -46410, 0, 1]	7616148321600	1661.24561768	"4T1"	[2, 2, 2, 2, 4]
"4.4.7616148321600.6"	[477558900, 0, -46410, 0, 1]	7616148321600	1661.24561768	"4T1"	[2, 2, 2, 2, 4]
"4.4.7636202924032.3"	[79803882, 0, -45356, 0, 1]	7636202924032	1662.33812442	"4T1"	[2, 4]
"4.4.7636202924032.4"	[434487802, 0, -45356, 0, 1]	7636202924032	1662.33812442	"4T1"	[2, 4]
"4.4.7669848742361.1"	[-4520500, 346350, -7395, -1, 1]	7669848742361	1664.16621066	"4T1"	[2, 4]
"4.4.7669848742361.2"	[-3218914, -304443, -7395, -1, 1]	7669848742361	1664.16621066	"4T1"	[2, 4]
"4.4.7669848742361.3"	[1119706, 89977, -7395, -1, 1]	7669848742361	1664.16621066	"4T1"	[2, 4]
"4.4.7669848742361.4"	[1474684, 30814, -7395, -1, 1]	7669848742361	1664.16621066	"4T1"	[2, 4]
"4.4.7670864644096.1"	[251586, 0, -6212, 0, 1]	7670864644096	1664.22131427	"4T1"	[2, 2, 8]
"4.4.7670864644096.2"	[9395650, 0, -6212, 0, 1]	7670864644096	1664.22131427	"4T1"	[2, 2, 8]
"4.4.7679186557489.1"	[-3530335, 316897, -7398, -1, 1]	7679186557489	1664.67249792	"4T1"	[10]
"4.4.7679186557489.2"	[-77760, -176328, -7398, -1, 1]	7679186557489	1664.67249792	"4T1"	[2]
"4.4.7682321071517.1"	[20408399, 322831, -21647, -1, 1]	7682321071517	1664.84234471	"4T1"	[4]
"4.4.7682321071517.2"	[74116703, -193595, -21647, -1, 1]	7682321071517	1664.84234471	"4T1"	[4]
"4.4.7693885032448.3"	[8537058, 0, -25988, 0, 1]	7693885032448	1665.46850033	"4T1"	[2, 2, 4]
"4.4.7693885032448.4"	[160306978, 0, -25988, 0, 1]	7693885032448	1665.46850033	"4T1"	[2, 2, 4]
"4.4.7709732366336.3"	[44550506, 0, -68068, 0, 1]	7709732366336	1666.32544301	"4T1"	[2, 2, 2, 4]
"4.4.7709732366336.4"	[1113762650, 0, -68068, 0, 1]	7709732366336	1666.32544301	"4T1"	[2, 2, 2, 4]
"4.4.7711741407317.1"	[33648737, 267466, -18014, -1, 1]	7711741407317	1666.43398727	"4T1"	[2, 4]
"4.4.7711741407317.2"	[58888583, -160328, -18014, -1, 1]	7711741407317	1666.43398727	"4T1"	[2, 4]
"4.4.7725989333609.1"	[-653072, -206339, -7413, -1, 1]	7725989333609	1667.20316491	"4T1"	[2]
"4.4.7725989333609.2"	[1481980, -28418, -7413, -1, 1]	7725989333609	1667.20316491	"4T1"	[2]
"4.4.7748506349873.1"	[8175929, 305473, -13094, -1, 1]	7748506349873	1668.41658497	"4T1"	[2, 12]
"4.4.7748506349873.2"	[34227001, -101575, -13094, -1, 1]	7748506349873	1668.41658497	"4T1"	[2, 12]
"4.4.7807585957613.1"	[16460291, -307979, -20681, -1, 1]	7807585957613	1671.58780295	"4T1"	[20]
"4.4.7807585957613.2"	[103864699, 20609, -20681, -1, 1]	7807585957613	1671.58780295	"4T1"	[4]
"4.4.7840713860861.1"	[-2780263, 351867, -10179, -1, 1]	7840713860861	1673.35814226	"4T1"	[4]
"4.4.7840713860861.2"	[17285321, -104169, -10179, -1, 1]	7840713860861	1673.35814226	"4T1"	[4]
"4.4.7850230942361.2"	[990694430, -148491, -74259, -1, 1]	7850230942361	1673.86569304	"4T1"	[2, 2]
"4.4.7876529460800.4"	[6813606800, 0, -170170, 0, 1]	7876529460800	1675.26581092	"4T1"	[2, 2, 2, 2, 2, 2]
"4.4.7877035447273.1"	[-4547164, -346954, -7461, -1, 1]	7877035447273	1675.29271495	"4T1"	[6, 6]
"4.4.7877035447273.2"	[-4547164, 349441, -7461, -1, 1]	7877035447273	1675.29271495	"4T1"	[2, 10]
"4.4.7964599552000.1"	[16568370, 0, -30940, 0, 1]	7964599552000	1679.92922833	"4T1"	[2, 4, 4]
"4.4.7964599552000.2"	[90205570, 0, -30940, 0, 1]	7964599552000	1679.92922833	"4T1"	[2, 4, 4]
"4.4.7964599552000.3"	[149115330, 0, -30940, 0, 1]	7964599552000	1679.92922833	"4T1"	[2, 4, 4]
"4.4.7964599552000.4"	[222752530, 0, -30940, 0, 1]	7964599552000	1679.92922833	"4T1"	[2, 4, 4]
"4.4.7980203665408.1"	[159562, 0, -16796, 0, 1]	7980203665408	1680.75144698	"4T1"	[2, 2, 4, 4]
"4.4.7980203665408.2"	[12924522, 0, -16796, 0, 1]	7980203665408	1680.75144698	"4T1"	[2, 2, 4, 4]
"4.4.7980203665408.3"	[57601882, 0, -16796, 0, 1]	7980203665408	1680.75144698	"4T1"	[2, 2, 4, 4]
"4.4.7980203665408.4"	[70366842, 0, -16796, 0, 1]	7980203665408	1680.75144698	"4T1"	[2, 2, 4, 4]
"4.4.7999600233625.1"	[260016, -340271, -21409, -1, 1]	7999600233625	1681.77181998	"4T1"	[2, 4, 4]
"4.4.7999600233625.2"	[13192936, 340409, -21409, -1, 1]	7999600233625	1681.77181998	"4T1"	[2, 4, 4]
"4.4.7999600233625.3"	[57437136, 255324, -21409, -1, 1]	7999600233625	1681.77181998	"4T1"	[2, 4, 4]
"4.4.7999600233625.4"	[103383036, -85016, -21409, -1, 1]	7999600233625	1681.77181998	"4T1"	[2, 4, 4]
"4.4.8035564628717.1"	[-2344163, 360943, -13713, -1, 1]	8035564628717	1683.65885809	"4T1"	[4]
"4.4.8035564628717.2"	[20531153, 254049, -13713, -1, 1]	8035564628717	1683.65885809	"4T1"	[4]
"4.4.8070847172989.1"	[1219653027, 272811, -90943, -1, 1]	8070847172989	1685.50397444	"4T1"	[2]
"4.4.8123885745413.1"	[180511051, -293630, -97884, -1, 1]	8123885745413	1688.26630093	"4T1"	[2, 2]
"4.4.8135066617121.1"	[1026647315, -151161, -75594, -1, 1]	8135066617121	1688.84688992	"4T1"	[2]
"4.4.8175769454977.1"	[216869823, -290315, -72592, -1, 1]	8175769454977	1690.95542398	"4T1"	[2, 2]
"4.4.8211231467881.1"	[1285346, -331831, -12315, -1, 1]	8211231467881	1692.78605882	"4T1"	[2, 2, 4]
"4.4.8211231467881.2"	[32024522, 47665, -12315, -1, 1]	8211231467881	1692.78605882	"4T1"	[4, 4, 4]
"4.4.8275547718029.1"	[-245225, 359675, -14693, -1, 1]	8275547718029	1696.0911451	"4T1"	[2, 2, 4]
"4.4.8275547718029.2"	[49454647, 14537, -14693, -1, 1]	8275547718029	1696.0911451	"4T1"	[2, 2, 4]
"4.4.8332808668861.1"	[1259246907, 277203, -92407, -1, 1]	8332808668861	1699.01750137	"4T1"	[2, 2]
"4.4.8341510498304.1"	[539786, 0, -6388, 0, 1]	8341510498304	1699.46089252	"4T1"	[2]
"4.4.8341510498304.2"	[9661850, 0, -6388, 0, 1]	8341510498304	1699.46089252	"4T1"	[2]
"4.4.8390633670656.1"	[21771650, 0, -25996, 0, 1]	8390633670656	1701.95741816	"4T1"	[2, 4]
"4.4.8390633670656.2"	[147176354, 0, -25996, 0, 1]	8390633670656	1701.95741816	"4T1"	[2, 4]
"4.4.8404346472448.1"	[4870242, 0, -6404, 0, 1]	8404346472448	1702.6523691	"4T1"	[2, 8]
"4.4.8404346472448.2"	[5382562, 0, -6404, 0, 1]	8404346472448	1702.6523691	"4T1"	[2, 8]
"4.4.8451363592657.1"	[1585493937, 170131, -85072, -1, 1]	8451363592657	1705.0287113	"4T1"	[10]
"4.4.8473488830029.1"	[7714023, 358855, -21253, -1, 1]	8473488830029	1706.14353691	"4T1"	[4]
"4.4.8473488830029.2"	[82678095, 190017, -21253, -1, 1]	8473488830029	1706.14353691	"4T1"	[3, 12]
"4.4.8506850712457.2"	[225659478, -296135, -74047, -1, 1]	8506850712457	1707.82042331	"4T1"	[2]
"4.4.8530963515392.1"	[4405442, 0, -6436, 0, 1]	8530963515392	1709.02935005	"4T1"	[4]
"4.4.8530963515392.2"	[5950082, 0, -6436, 0, 1]	8530963515392	1709.02935005	"4T1"	[4]
"4.4.8559211873856.1"	[1272934544, 0, -114226, 0, 1]	8559211873856	1710.44236283	"4T1"	[2, 2, 2]
"4.4.8594746157056.1"	[2016250, 0, -6452, 0, 1]	8594746157056	1712.2148668	"4T1"	[10]
"4.4.8594746157056.2"	[8390826, 0, -6452, 0, 1]	8594746157056	1712.2148668	"4T1"	[2]
"4.4.8605168073792.1"	[521138432, 0, -45746, 0, 1]	8605168073792	1712.73368527	"4T1"	[2, 2, 2, 6]
"4.4.8631525145697.1"	[-5002688, 370516, -7692, -1, 1]	8631525145697	1714.04367963	"4T1"	[4]
"4.4.8631525145697.2"	[-2377024, -285900, -7692, -1, 1]	8631525145697	1714.04367963	"4T1"	[4]
"4.4.8638398443600.2"	[641973725, 0, -136445, 0, 1]	8638398443600	1714.38480174	"4T1"	[2, 2, 2, 2]
"4.4.8655662872513.2"	[1623826091, 172175, -86094, -1, 1]	8655662872513	1715.24073927	"4T1"	[2, 4, 8]
"4.4.8696065166144.1"	[514100, 0, -10282, 0, 1]	8696065166144	1717.23881522	"4T1"	[2, 4]
"4.4.8696065166144.2"	[10878356, 0, -10282, 0, 1]	8696065166144	1717.23881522	"4T1"	[2, 20]
"4.4.8723263612928.1"	[2726522, 0, -6484, 0, 1]	8723263612928	1718.57998352	"4T1"	[2]
"4.4.8723263612928.2"	[7784042, 0, -6484, 0, 1]	8723263612928	1718.57998352	"4T1"	[2]
"4.4.8742291028013.1"	[194261371, -304601, -101541, -1, 1]	8742291028013	1719.51637105	"4T1"	[2, 2]
"4.4.8763476225113.1"	[-4653724, 362086, -7731, -1, 1]	8763476225113	1720.5571519	"4T1"	[26]
"4.4.8763476225113.2"	[-1561174, 259001, -7731, -1, 1]	8763476225113	1720.5571519	"4T1"	[26]
"4.4.8803084754833.2"	[1651486521, 173635, -86824, -1, 1]	8803084754833	1722.49797811	"4T1"	[2, 2]
"4.4.8857343374400.2"	[70760000, 0, -17690, 0, 1]	8857343374400	1725.14605885	"4T1"	[2, 2, 2, 4]
"4.4.8876132811025.1"	[6170400, 265980, -9736, -1, 1]	8876132811025	1726.06023726	"4T1"	[2, 4]
"4.4.8876132811025.2"	[15800560, -17260, -9736, -1, 1]	8876132811025	1726.06023726	"4T1"	[2, 4]
"4.4.8917390455553.1"	[-3629056, -330496, -7776, -1, 1]	8917390455553	1728.06249962	"4T1"	[2, 2, 20]
"4.4.8917390455553.2"	[1679616, 1296, -7776, -1, 1]	8917390455553	1728.06249962	"4T1"	[2, 2, 20]
"4.4.8921261224000.1"	[26879040, 0, -10370, 0, 1]	8921261224000	1728.24999397	"4T1"	[2, 4, 4, 40]
"4.4.8941924241216.1"	[25426100, 0, -10378, 0, 1]	8941924241216	1729.24984936	"4T1"	[]
"4.4.8979726634409.1"	[1133263708, -158815, -79421, -1, 1]	8979726634409	1731.07457978	"4T1"	[2]
"4.4.8984129234944.1"	[81850, 0, -6548, 0, 1]	8984129234944	1731.28671957	"4T1"	[2]
"4.4.8984129234944.2"	[10637226, 0, -6548, 0, 1]	8984129234944	1731.28671957	"4T1"	[2]
"4.4.9001085046109.1"	[1616735, -358991, -21279, -1, 1]	9001085046109	1732.10300951	"4T1"	[20]
"4.4.9001085046109.2"	[77992983, -190017, -21279, -1, 1]	9001085046109	1732.10300951	"4T1"	[4]
"4.4.9010609211392.3"	[9998082, 0, -28124, 0, 1]	9010609211392	1732.56101801	"4T1"	[2, 4]
"4.4.9010609211392.4"	[187741762, 0, -28124, 0, 1]	9010609211392	1732.56101801	"4T1"	[2, 4]
"4.4.9050248915273.1"	[240086094, -305447, -76375, -1, 1]	9050248915273	1734.46336431	"4T1"	[2]
"4.4.9063297081541.2"	[1369656297, 289098, -96372, -1, 1]	9063297081541	1735.08819079	"4T1"	[2]
"4.4.9080649996449.1"	[1146002723, -159705, -79866, -1, 1]	9080649996449	1735.91811074	"4T1"	[2, 2]
"4.4.9095355649789.1"	[16755237, 311817, -15163, -1, 1]	9095355649789	1736.62049222	"4T1"	[4]
"4.4.9095355649789.2"	[50948325, 74365, -15163, -1, 1]	9095355649789	1736.62049222	"4T1"	[4]
"4.4.9117713924093.1"	[34656241, -245969, -16671, -1, 1]	9117713924093	1737.68675333	"4T1"	[4]
"4.4.9117713924093.2"	[65107169, 16539, -16671, -1, 1]	9117713924093	1737.68675333	"4T1"	[4]
"4.4.9183155095552.1"	[161602, 0, -6596, 0, 1]	9183155095552	1740.79639968	"4T1"	[2, 2, 4, 4]
"4.4.9183155095552.2"	[3591522, 0, -6596, 0, 1]	9183155095552	1740.79639968	"4T1"	[2, 4, 8]
"4.4.9183155095552.3"	[7285282, 0, -6596, 0, 1]	9183155095552	1740.79639968	"4T1"	[2, 4, 8]
"4.4.9183155095552.4"	[10715202, 0, -6596, 0, 1]	9183155095552	1740.79639968	"4T1"	[2, 2, 4, 4]
"4.4.9219842258353.2"	[109733321, -291815, -36534, -1, 1]	9219842258353	1742.53244311	"4T1"	[2, 2]
"4.4.9305746382729.1"	[16675748, -326270, -18353, -1, 1]	9305746382729	1746.57726639	"4T1"	[2, 2]
"4.4.9305746382729.2"	[72378020, -108683, -18353, -1, 1]	9305746382729	1746.57726639	"4T1"	[2, 2]
"4.4.9315348971921.1"	[-5088059, -377423, -7890, -1, 1]	9315348971921	1747.02766492	"4T1"	[50]
"4.4.9315348971921.2"	[-3005000, -314300, -7890, -1, 1]	9315348971921	1747.02766492	"4T1"	[2]
"4.4.9317458724864.1"	[957746, 0, -6628, 0, 1]	9317458724864	1747.12657382	"4T1"	[2, 4]
"4.4.9317458724864.2"	[10024850, 0, -6628, 0, 1]	9317458724864	1747.12657382	"4T1"	[2, 4]
"4.4.9328864571353.2"	[1750137626, 178745, -89379, -1, 1]	9328864571353	1747.66100914	"4T1"	[2]
"4.4.9422406846464.1"	[24448850, 0, -27548, 0, 1]	9422406846464	1752.02566251	"4T1"	[2, 4]
"4.4.9422406846464.2"	[165274226, 0, -27548, 0, 1]	9422406846464	1752.02566251	"4T1"	[2, 52]
"4.4.9511957316672.2"	[1356032, 0, -10594, 0, 1]	9511957316672	1756.17371703	"4T1"	[2, 12]
"4.4.9521359480832.1"	[1765802, 0, -6676, 0, 1]	9521359480832	1756.60753197	"4T1"	[2]
"4.4.9521359480832.2"	[9376442, 0, -6676, 0, 1]	9521359480832	1756.60753197	"4T1"	[2]
"4.4.9538647943168.3"	[99685818, 0, -50692, 0, 1]	9538647943168	1757.40438211	"4T1"	[2, 4, 4]
"4.4.9538647943168.4"	[542733898, 0, -50692, 0, 1]	9538647943168	1757.40438211	"4T1"	[2, 2, 4]
"4.4.9539521958497.3"	[253076043, -313595, -78412, -1, 1]	9539521958497	1757.44463796	"4T1"	[2, 2, 10]
"4.4.9586996723981.1"	[1448811117, 297333, -99117, -1, 1]	9586996723981	1759.62711143	"4T1"	[2, 4]
"4.4.9648632960569.1"	[-4025700, -349938, -7983, -1, 1]	9648632960569	1762.44854473	"4T1"	[18]
"4.4.9648632960569.2"	[-576882, 224865, -7983, -1, 1]	9648632960569	1762.44854473	"4T1"	[90]
"4.4.9649998861077.1"	[214444937, -320024, -106682, -1, 1]	9649998861077	1762.5109163	"4T1"	[2, 2]
"4.4.9666166229213.1"	[20553757, -342689, -22995, -1, 1]	9666166229213	1763.2486697	"4T1"	[4]
"4.4.9666166229213.2"	[128774909, 22923, -22995, -1, 1]	9666166229213	1763.2486697	"4T1"	[4]
"4.4.9669202886713.1"	[14877712, -327124, -16645, -1, 1]	9669202886713	1763.38713596	"4T1"	[2, 2, 4]
"4.4.9669202886713.2"	[36084484, 261953, -16645, -1, 1]	9669202886713	1763.38713596	"4T1"	[2, 2, 2]
"4.4.9718962767561.2"	[1226573800, -165223, -82625, -1, 1]	9718962767561	1765.65146701	"4T1"	[2, 2]
"4.4.9729007165873.1"	[7767216, -360756, -20236, -1, 1]	9729007165873	1766.10748371	"4T1"	[2, 2, 4]
"4.4.9729007165873.2"	[50107008, 280756, -20236, -1, 1]	9729007165873	1766.10748371	"4T1"	[2, 2, 4]
"4.4.9748669851648.1"	[194922, 0, -18564, 0, 1]	9748669851648	1766.99915046	"4T1"	[2, 2, 2, 4, 4]
"4.4.9748669851648.2"	[15788682, 0, -18564, 0, 1]	9748669851648	1766.99915046	"4T1"	[2, 2, 2, 4, 4]
"4.4.9748669851648.3"	[70366842, 0, -18564, 0, 1]	9748669851648	1766.99915046	"4T1"	[2, 2, 4, 4, 4]
"4.4.9748669851648.4"	[85960602, 0, -18564, 0, 1]	9748669851648	1766.99915046	"4T1"	[2, 2, 4, 4, 4]
"4.4.9765960347393.1"	[12132224, 329968, -14144, -1, 1]	9765960347393	1767.78212886	"4T1"	[2, 2]
"4.4.9765960347393.2"	[36699791, 165085, -14144, -1, 1]	9765960347393	1767.78212886	"4T1"	[2, 10]
"4.4.9785413430657.1"	[102568267, -190927, -24008, -1, 1]	9785413430657	1768.66179543	"4T1"	[2, 2, 4]
"4.4.9785413430657.2"	[134368768, 95564, -24008, -1, 1]	9785413430657	1768.66179543	"4T1"	[2, 2, 2]
"4.4.9845661826000.1"	[85170085, 0, -85085, 0, 1]	9845661826000	1771.37792709	"4T1"	[2, 2, 2, 4]
"4.4.9845661826000.2"	[766530765, 0, -85085, 0, 1]	9845661826000	1771.37792709	"4T1"	[2, 2, 2, 20]
"4.4.9860582400037.1"	[8392491, -353520, -17112, -1, 1]	9860582400037	1772.04865318	"4T1"	[4]
"4.4.9860582400037.2"	[44903237, -218794, -17112, -1, 1]	9860582400037	1772.04865318	"4T1"	[4]
"4.4.9867818381849.1"	[-2112140, 290902, -8043, -1, 1]	9867818381849	1772.37365895	"4T1"	[4]
"4.4.9867818381849.2"	[1148108, 119310, -8043, -1, 1]	9867818381849	1772.37365895	"4T1"	[4]
"4.4.9896888198377.1"	[262564098, -319415, -79867, -1, 1]	9896888198377	1773.67753775	"4T1"	[2, 2]
"4.4.9900979750817.1"	[-5156288, 387856, -8052, -1, 1]	9900979750817	1773.86082692	"4T1"	[4]
"4.4.9900979750817.2"	[-4404733, -363699, -8052, -1, 1]	9900979750817	1773.86082692	"4T1"	[20]
"4.4.9938041972736.1"	[1222346, 0, -6772, 0, 1]	9938041972736	1775.5185199	"4T1"	[2]
"4.4.9938041972736.2"	[10242650, 0, -6772, 0, 1]	9938041972736	1775.5185199	"4T1"	[2]
"4.4.9946176391168.1"	[11036178, 0, -29548, 0, 1]	9946176391168	1775.88172977	"4T1"	[2, 52]
"4.4.9946176391168.2"	[207234898, 0, -29548, 0, 1]	9946176391168	1775.88172977	"4T1"	[2, 4]
"4.4.9960723286016.3"	[25845650, 0, -28324, 0, 1]	9960723286016	1776.53070801	"4T1"	[2, 2, 4]
"4.4.9960723286016.4"	[174716594, 0, -28324, 0, 1]	9960723286016	1776.53070801	"4T1"	[2, 2, 4]
"4.4.10008649467904.1"	[4646386, 0, -6788, 0, 1]	10008649467904	1778.66381464	"4T1"	[12]
"4.4.10008649467904.2"	[6872850, 0, -6788, 0, 1]	10008649467904	1778.66381464	"4T1"	[12]
"4.4.10081957709824.1"	[306612306, 0, -68068, 0, 1]	10081957709824	1781.9118577	"4T1"	[2, 2, 2, 4]
"4.4.10081957709824.2"	[851700850, 0, -68068, 0, 1]	10081957709824	1781.9118577	"4T1"	[2, 2, 2, 4]
"4.4.10107923750821.1"	[1914331, -380428, -22540, -1, 1]	10107923750821	1783.05807795	"4T1"	[4]
"4.4.10107923750821.2"	[87685029, -201366, -22540, -1, 1]	10107923750821	1783.05807795	"4T1"	[4]
"4.4.10150812080437.1"	[1454357, 362786, -11094, -1, 1]	10150812080437	1784.9464728	"4T1"	[2, 4]
"4.4.10150812080437.2"	[21086963, 114272, -11094, -1, 1]	10150812080437	1784.9464728	"4T1"	[2, 4]
"4.4.10163133165937.1"	[269632973, -323683, -80934, -1, 1]	10163133165937	1785.48786974	"4T1"	[2]
"4.4.10222476961792.1"	[577642, 0, -6836, 0, 1]	10222476961792	1788.08860322	"4T1"	[2]
"4.4.10222476961792.2"	[11105082, 0, -6836, 0, 1]	10222476961792	1788.08860322	"4T1"	[10]
"4.4.10232621841377.1"	[16928512, 411896, -41234, -1, 1]	10232621841377	1788.53206708	"4T1"	[2, 2, 4]
"4.4.10232621841377.2"	[286952123, 247147, -41234, -1, 1]	10232621841377	1788.53206708	"4T1"	[2, 2, 4]
"4.4.10240932389696.1"	[542900, 0, -10858, 0, 1]	10240932389696	1788.89510105	"4T1"	[4]
"4.4.10240932389696.2"	[26602100, 0, -10858, 0, 1]	10240932389696	1788.89510105	"4T1"	[4]
"4.4.10281673016977.2"	[1928912217, 187651, -93832, -1, 1]	10281673016977	1790.67160518	"4T1"	[2, 2]
"4.4.10373068778129.1"	[-5208347, -391199, -8178, -1, 1]	10373068778129	1794.63781414	"4T1"	[12]
"4.4.10373068778129.2"	[1072645, 132217, -8178, -1, 1]	10373068778129	1794.63781414	"4T1"	[12]
"4.4.10415245568000.1"	[1407770, 0, -30940, 0, 1]	10415245568000	1796.45928389	"4T1"	[2, 2, 4, 52]
"4.4.10415245568000.2"	[68980730, 0, -30940, 0, 1]	10415245568000	1796.45928389	"4T1"	[2, 2, 4, 4]
"4.4.10415245568000.3"	[170340170, 0, -30940, 0, 1]	10415245568000	1796.45928389	"4T1"	[2, 2, 4, 4]
"4.4.10415245568000.4"	[237913130, 0, -30940, 0, 1]	10415245568000	1796.45928389	"4T1"	[2, 2, 4, 4]
"4.4.10423880515429.1"	[-262725, -388100, -15868, -1, 1]	10423880515429	1796.83151494	"4T1"	[2, 4]
"4.4.10423880515429.2"	[12410367, 357376, -15868, -1, 1]	10423880515429	1796.83151494	"4T1"	[2, 4]
"4.4.10439328483328.1"	[2894722, 0, -6884, 0, 1]	10439328483328	1797.49686175	"4T1"	[5, 60]
"4.4.10439328483328.2"	[8952642, 0, -6884, 0, 1]	10439328483328	1797.49686175	"4T1"	[12]
"4.4.10448457448000.1"	[2139280, 0, -24310, 0, 1]	10448457448000	1797.88970089	"4T1"	[2, 2, 4, 20]
"4.4.10448457448000.2"	[19253520, 0, -24310, 0, 1]	10448457448000	1797.88970089	"4T1"	[2, 2, 4, 4]
"4.4.10448457448000.3"	[77014080, 0, -24310, 0, 1]	10448457448000	1797.88970089	"4T1"	[4, 4, 4, 4]
"4.4.10448457448000.4"	[136913920, 0, -24310, 0, 1]	10448457448000	1797.88970089	"4T1"	[2, 2, 4, 4]
"4.4.10490585952829.1"	[9756725, 399281, -23631, -1, 1]	10490585952829	1799.69925389	"4T1"	[4]
"4.4.10490585952829.2"	[102560553, 211419, -23631, -1, 1]	10490585952829	1799.69925389	"4T1"	[4]
"4.4.10531889564857.2"	[279423668, -329503, -82389, -1, 1]	10531889564857	1801.4680917	"4T1"	[2, 2]
"4.4.10552794461009.2"	[1331824933, -172165, -86096, -1, 1]	10552794461009	1802.36136693	"4T1"	[2, 2, 10]
"4.4.10630494755777.1"	[-364781, -387509, -13422, -1, 1]	10630494755777	1805.66994512	"4T1"	[2, 4]
"4.4.10630494755777.2"	[29828603, -180705, -13422, -1, 1]	10630494755777	1805.66994512	"4T1"	[2, 4]
"4.4.10659225266176.1"	[1528506, 0, -6932, 0, 1]	10659225266176	1806.88873421	"4T1"	[2]
"4.4.10659225266176.2"	[10484650, 0, -6932, 0, 1]	10659225266176	1806.88873421	"4T1"	[2]
"4.4.10669799575877.1"	[22770569, -360044, -24152, -1, 1]	10669799575877	1807.33669119	"4T1"	[68]
"4.4.10669799575877.2"	[142233133, 24080, -24152, -1, 1]	10669799575877	1807.33669119	"4T1"	[4]
"4.4.10684235588917.1"	[839721, -379340, -12802, -1, 1]	10684235588917	1807.94770334	"4T1"	[2, 4]
"4.4.10684235588917.2"	[24939357, 208456, -12802, -1, 1]	10684235588917	1807.94770334	"4T1"	[2, 4]
"4.4.10712310058957.3"	[221931397, 257993, -36913, -1, 1]	10712310058957	1809.13419991	"4T1"	[2, 2, 100]
"4.4.10712310058957.4"	[332191833, -36821, -36913, -1, 1]	10712310058957	1809.13419991	"4T1"	[2, 2, 4]
"4.4.10728077953169.2"	[1353950333, -173589, -86808, -1, 1]	10728077953169	1809.7995677	"4T1"	[2]
"4.4.10765883378389.2"	[1626995655, 315084, -105034, -1, 1]	10765883378389	1811.39188488	"4T1"	[2, 4]
"4.4.10786479784481.2"	[418223575, 25, -41052, -1, 1]	10786479784481	1812.25761567	"4T1"	[2, 10]
"4.4.10807525419008.1"	[3482, 0, -6964, 0, 1]	10807525419008	1813.14094921	"4T1"	[6]
"4.4.10807525419008.2"	[12120842, 0, -6964, 0, 1]	10807525419008	1813.14094921	"4T1"	[510]
"4.4.10898641530433.3"	[2044674011, 193199, -96606, -1, 1]	10898641530433	1816.95048451	"4T1"	[2, 2]
"4.4.11001671401129.2"	[409982148, 82030, -41053, -1, 1]	11001671401129	1821.2294622	"4T1"	[2, 2]
"4.4.11015992932521.2"	[1390292860, -175903, -87965, -1, 1]	11015992932521	1821.82187382	"4T1"	[2]
"4.4.11032544823296.1"	[87650, 0, -7012, 0, 1]	11032544823296	1822.50582535	"4T1"	[4]
"4.4.11032544823296.2"	[12204386, 0, -7012, 0, 1]	11032544823296	1822.50582535	"4T1"	[4]
"4.4.11037433459625.1"	[-5683924, -410511, -8349, -1, 1]	11037433459625	1822.70768468	"4T1"	[4, 4]
"4.4.11037433459625.2"	[-2121524, 301969, -8349, -1, 1]	11037433459625	1822.70768468	"4T1"	[4, 4]
"4.4.11037433459625.3"	[-518444, 235174, -8349, -1, 1]	11037433459625	1822.70768468	"4T1"	[4, 4]
"4.4.11037433459625.4"	[1797116, 57054, -8349, -1, 1]	11037433459625	1822.70768468	"4T1"	[4, 4]
"4.4.11108972618297.1"	[-4130084, -366770, -8367, -1, 1]	11108972618297	1825.65400445	"4T1"	[2]
"4.4.11108972618297.2"	[-69118, -210579, -8367, -1, 1]	11108972618297	1825.65400445	"4T1"	[2]
"4.4.11150162632601.1"	[1407228670, -176971, -88499, -1, 1]	11150162632601	1827.34395329	"4T1"	[2, 2]
"4.4.11188039511225.1"	[9407284, 268193, -10517, -1, 1]	11188039511225	1828.89384301	"4T1"	[2, 2]
"4.4.11212045428176.1"	[19784525, 0, -27289, 0, 1]	11212045428176	1829.87410839	"4T1"	[2, 2]
"4.4.11220796882741.1"	[1695754611, 321672, -107230, -1, 1]	11220796882741	1830.2310766	"4T1"	[2]
"4.4.11330267433536.1"	[218723600, 0, -35278, 0, 1]	11330267433536	1834.67878969	"4T1"	[2]
"4.4.11337399519232.1"	[1022482, 0, -7076, 0, 1]	11337399519232	1834.96744128	"4T1"	[2, 4]
"4.4.11337399519232.2"	[2579202, 0, -7076, 0, 1]	11337399519232	1834.96744128	"4T1"	[2, 4]
"4.4.11337399519232.3"	[9938242, 0, -7076, 0, 1]	11337399519232	1834.96744128	"4T1"	[2, 4]
"4.4.11337399519232.4"	[11494962, 0, -7076, 0, 1]	11337399519232	1834.96744128	"4T1"	[2, 4]
"4.4.11465903007697.2"	[2151109617, 198163, -99088, -1, 1]	11465903007697	1840.14508459	"4T1"	[2, 2, 2]
"4.4.11491910518784.1"	[1880066, 0, -7108, 0, 1]	11491910518784	1841.18767452	"4T1"	[2, 8]
"4.4.11491910518784.2"	[10750850, 0, -7108, 0, 1]	11491910518784	1841.18767452	"4T1"	[2, 8]
"4.4.11544708347801.1"	[-5740036, -416706, -8475, -1, 1]	11544708347801	1843.29880471	"4T1"	[4]
"4.4.11544708347801.2"	[-496604, -235898, -8475, -1, 1]	11544708347801	1843.29880471	"4T1"	[4]
"4.4.11579818399141.1"	[10867251, 419494, -24820, -1, 1]	11579818399141	1844.69868065	"4T1"	[20]
"4.4.11579818399141.2"	[113304357, 222120, -24820, -1, 1]	11579818399141	1844.69868065	"4T1"	[4]
"4.4.11623652943953.1"	[121987421, -208095, -26154, -1, 1]	11623652943953	1846.44195052	"4T1"	[2, 4]
"4.4.11623652943953.2"	[159768824, 104148, -26154, -1, 1]	11623652943953	1846.44195052	"4T1"	[2, 4]
"4.4.11625410545153.1"	[308457999, -346187, -86560, -1, 1]	11625410545153	1846.51174623	"4T1"	[2]
"4.4.11665392011264.3"	[30268850, 0, -30652, 0, 1]	11665392011264	1848.09730798	"4T1"	[2, 4]
"4.4.11665392011264.4"	[204617426, 0, -30652, 0, 1]	11665392011264	1848.09730798	"4T1"	[2, 4]
"4.4.11693982656512.1"	[233818, 0, -20332, 0, 1]	11693982656512	1849.22864161	"4T1"	[2, 4, 4]
"4.4.11693982656512.3"	[18939258, 0, -20332, 0, 1]	11693982656512	1849.22864161	"4T1"	[2, 4, 4]
"4.4.11693982656512.4"	[84408298, 0, -20332, 0, 1]	11693982656512	1849.22864161	"4T1"	[2, 4, 4]
"4.4.11693982656512.5"	[103113738, 0, -20332, 0, 1]	11693982656512	1849.22864161	"4T1"	[2, 4, 4]
"4.4.11726299277312.1"	[4898282, 0, -7156, 0, 1]	11726299277312	1850.50491742	"4T1"	[2]
"4.4.11726299277312.2"	[7903802, 0, -7156, 0, 1]	11726299277312	1850.50491742	"4T1"	[2]
"4.4.11775107170613.1"	[-2827999, 436894, -16526, -1, 1]	11775107170613	1852.42748931	"4T1"	[4]
"4.4.11775107170613.2"	[30686083, 307496, -16526, -1, 1]	11775107170613	1852.42748931	"4T1"	[4]
"4.4.11779205551777.1"	[-5349888, 410976, -8532, -1, 1]	11779205551777	1852.58865479	"4T1"	[2]
"4.4.11779205551777.2"	[179091, -203355, -8532, -1, 1]	11779205551777	1852.58865479	"4T1"	[2]
"4.4.11928932826049.1"	[-4564177, 389861, -8568, -1, 1]	11928932826049	1858.44793305	"4T1"	[4]
"4.4.11928932826049.2"	[919583, -158515, -8568, -1, 1]	11928932826049	1858.44793305	"4T1"	[4]
"4.4.11963853621248.1"	[435842, 0, -7204, 0, 1]	11963853621248	1859.80654907	"4T1"	[12]
"4.4.11963853621248.2"	[12538562, 0, -7204, 0, 1]	11963853621248	1859.80654907	"4T1"	[12]
"4.4.11966561852617.1"	[-4183704, -375975, -8577, -1, 1]	11966561852617	1859.91179022	"4T1"	[2, 12]
"4.4.11966561852617.2"	[-3451768, 355961, -8577, -1, 1]	11966561852617	1859.91179022	"4T1"	[2, 12]
"4.4.11998227083600.2"	[891663725, 0, -160805, 0, 1]	11998227083600	1861.1409692	"4T1"	[2, 2, 2, 2]
"4.4.12024493451264.1"	[1207850, 0, -13804, 0, 1]	12024493451264	1862.15873065	"4T1"	[12, 12]
"4.4.12024493451264.2"	[17441354, 0, -13804, 0, 1]	12024493451264	1862.15873065	"4T1"	[4, 4]
"4.4.12024493451264.3"	[30196250, 0, -13804, 0, 1]	12024493451264	1862.15873065	"4T1"	[4, 4]
"4.4.12024493451264.4"	[46429754, 0, -13804, 0, 1]	12024493451264	1862.15873065	"4T1"	[4, 4]
"4.4.12030242189257.1"	[2256997212, 202981, -101497, -1, 1]	12030242189257	1862.38125861	"4T1"	[2]
"4.4.12079923558625.1"	[-238144, -228016, -8604, -1, 1]	12079923558625	1864.30106008	"4T1"	[2, 20]
"4.4.12089515894289.2"	[468809725, 25, -43458, -1, 1]	12089515894289	1864.6710475	"4T1"	[2, 10]
"4.4.12152363892653.1"	[53582117, 335731, -22565, -1, 1]	12152363892653	1867.08973563	"4T1"	[2, 4]
"4.4.12152363892653.2"	[93321449, -201287, -22565, -1, 1]	12152363892653	1867.08973563	"4T1"	[2, 4]
"4.4.12152424442273.1"	[322451219, -353947, -88500, -1, 1]	12152424442273	1867.09206134	"4T1"	[2, 2]
"4.4.12238817543977.2"	[2296132512, 204733, -102373, -1, 1]	12238817543977	1870.401599	"4T1"	[2, 26]
"4.4.12370599325649.1"	[1561281173, -186405, -93216, -1, 1]	12370599325649	1875.41629502	"4T1"	[2]
"4.4.12372873375689.1"	[1621108, 105526, -8673, -1, 1]	12372873375689	1875.50247711	"4T1"	[2]
"4.4.12372873375689.2"	[2083688, -10119, -8673, -1, 1]	12372873375689	1875.50247711	"4T1"	[2]
"4.4.12385846775389.1"	[1871849655, 337959, -112659, -1, 1]	12385846775389	1875.99391676	"4T1"	[2]
"4.4.12514094848021.1"	[2577617, -423302, -25062, -1, 1]	12514094848021	1880.83137385	"4T1"	[4]
"4.4.12514094848021.2"	[108771471, -224064, -25062, -1, 1]	12514094848021	1880.83137385	"4T1"	[4]
"4.4.12582446754337.2"	[333869283, -360155, -90052, -1, 1]	12582446754337	1883.39440234	"4T1"	[2, 2]
"4.4.12595450519241.1"	[71938340, -262088, -22055, -1, 1]	12595450519241	1883.88082864	"4T1"	[2, 4]
"4.4.12595450519241.2"	[113539312, 87500, -22055, -1, 1]	12595450519241	1883.88082864	"4T1"	[2, 4]
"4.4.12676533090761.1"	[79913500, 201125, -20345, -1, 1]	12676533090761	1886.90538372	"4T1"	[2, 2, 2]
"4.4.12676533090761.2"	[97280116, -40078, -20345, -1, 1]	12676533090761	1886.90538372	"4T1"	[2, 2, 2]
"4.4.12699394047373.1"	[15215181, -323999, -13561, -1, 1]	12699394047373	1887.7555239	"4T1"	[2, 4]
"4.4.12699394047373.2"	[35139789, -116451, -13561, -1, 1]	12699394047373	1887.7555239	"4T1"	[2, 4]
"4.4.12775159483633.1"	[-6304576, 445624, -8766, -1, 1]	12775159483633	1890.56486542	"4T1"	[2, 24]
"4.4.12775159483633.2"	[-3125304, 352116, -8766, -1, 1]	12775159483633	1890.56486542	"4T1"	[2, 24]
"4.4.12801408679457.1"	[-4623133, -396219, -8772, -1, 1]	12801408679457	1891.53525675	"4T1"	[10]
"4.4.12801408679457.2"	[2043872, -45324, -8772, -1, 1]	12801408679457	1891.53525675	"4T1"	[410]
"4.4.12876604000256.1"	[33411650, 0, -32204, 0, 1]	12876604000256	1894.30687288	"4T1"	[2, 4]
"4.4.12876604000256.2"	[225862754, 0, -32204, 0, 1]	12876604000256	1894.30687288	"4T1"	[2, 4]
"4.4.12887730745537.1"	[10599552, -415224, -23262, -1, 1]	12887730745537	1894.71596062	"4T1"	[2, 4]
"4.4.12887730745537.2"	[66713696, 323120, -23262, -1, 1]	12887730745537	1894.71596062	"4T1"	[2, 4]
"4.4.12890874907277.1"	[5708557, 422533, -16053, -1, 1]	12890874907277	1894.83151138	"4T1"	[20]
"4.4.12890874907277.2"	[23727853, -328271, -16053, -1, 1]	12890874907277	1894.83151138	"4T1"	[4]
"4.4.13054265292337.2"	[155575897, -347239, -43462, -1, 1]	13054265292337	1900.80737604	"4T1"	[2, 2]
"4.4.13119208726625.1"	[-6341509, 449589, -8844, -1, 1]	13119208726625	1903.16705171	"4T1"	[4, 4]
"4.4.13119208726625.2"	[-5468864, 426004, -8844, -1, 1]	13119208726625	1903.16705171	"4T1"	[4, 4]
"4.4.13119208726625.3"	[-2449984, -328716, -8844, -1, 1]	13119208726625	1903.16705171	"4T1"	[4, 4]
"4.4.13119208726625.4"	[1583051, -116451, -8844, -1, 1]	13119208726625	1903.16705171	"4T1"	[4, 4]
"4.4.13199852300288.1"	[3722, 0, -7444, 0, 1]	13199852300288	1906.08501866	"4T1"	[10]
"4.4.13199852300288.2"	[13849562, 0, -7444, 0, 1]	13199852300288	1906.08501866	"4T1"	[730]
"4.4.13258203533632.1"	[6840052, 0, -11834, 0, 1]	13258203533632	1908.18804427	"4T1"	[2, 4]
"4.4.13258203533632.2"	[32401492, 0, -11834, 0, 1]	13258203533632	1908.18804427	"4T1"	[2, 4]
"4.4.13278205118464.1"	[2280850, 0, -16588, 0, 1]	13278205118464	1908.90731992	"4T1"	[4, 4]
"4.4.13278205118464.2"	[20527650, 0, -16588, 0, 1]	13278205118464	1908.90731992	"4T1"	[4, 4]
"4.4.13278205118464.3"	[48262786, 0, -16588, 0, 1]	13278205118464	1908.90731992	"4T1"	[4, 4]
"4.4.13278205118464.4"	[66509586, 0, -16588, 0, 1]	13278205118464	1908.90731992	"4T1"	[4, 548]
"4.4.13328680453189.1"	[2014357977, 350586, -116868, -1, 1]	13328680453189	1910.71885406	"4T1"	[2, 2]
"4.4.13360979849489.1"	[1985728, -69704, -8898, -1, 1]	13360979849489	1911.87536505	"4T1"	[2]
"4.4.13360979849489.2"	[-5488907, -425639, -8898, -1, 1]	13360979849489	1911.87536505	"4T1"	[2]
"4.4.13422724761600.13"	[408211650, 0, -78540, 0, 1]	13422724761600	1914.08037829	"4T1"	[2, 2, 2, 2, 2, 4]
"4.4.13422724761600.14"	[1133921250, 0, -78540, 0, 1]	13422724761600	1914.08037829	"4T1"	[2, 2, 2, 2, 4, 4]
"4.4.13456846063616.1"	[93650, 0, -7492, 0, 1]	13456846063616	1915.29564474	"4T1"	[4]
"4.4.13456846063616.2"	[13938866, 0, -7492, 0, 1]	13456846063616	1915.29564474	"4T1"	[4]
"4.4.13509568027633.1"	[2534566061, 215099, -107556, -1, 1]	13509568027633	1917.16885725	"4T1"	[2]
"4.4.13510806450313.1"	[-928354, 468881, -23631, -1, 1]	13510806450313	1917.21279247	"4T1"	[2, 2, 2]
"4.4.13510806450313.2"	[49137884, 375124, -23631, -1, 1]	13510806450313	1917.21279247	"4T1"	[2, 2, 2]
"4.4.13543246096384.1"	[2736666, 0, -7508, 0, 1]	13543246096384	1918.36257182	"4T1"	[2]
"4.4.13543246096384.2"	[11355850, 0, -7508, 0, 1]	13543246096384	1918.36257182	"4T1"	[2]
"4.4.13584493201408.3"	[15073218, 0, -34532, 0, 1]	13584493201408	1919.82154059	"4T1"	[2, 2, 4]
"4.4.13584493201408.4"	[283041538, 0, -34532, 0, 1]	13584493201408	1919.82154059	"4T1"	[2, 2, 4]
"4.4.13616089344000.5"	[531878490, 0, -145860, 0, 1]	13616089344000	1920.9368954	"4T1"	[2, 2, 2, 2, 4]
"4.4.13616089344000.6"	[4786906410, 0, -145860, 0, 1]	13616089344000	1920.9368954	"4T1"	[2, 2, 2, 2, 4]
"4.4.13619831006113.3"	[2555254991, 215975, -107994, -1, 1]	13619831006113	1921.06884878	"4T1"	[2, 2, 2]
"4.4.13661949077353.3"	[362533074, -375287, -93835, -1, 1]	13661949077353	1922.55231164	"4T1"	[2, 2, 2]
"4.4.13717154048000.1"	[184730, 0, -7540, 0, 1]	13717154048000	1924.49152977	"4T1"	[2, 4, 4]
"4.4.13717154048000.2"	[1089530, 0, -7540, 0, 1]	13717154048000	1924.49152977	"4T1"	[2, 4, 52]
"4.4.13717154048000.3"	[3622970, 0, -7540, 0, 1]	13717154048000	1924.49152977	"4T1"	[2, 4, 4]
"4.4.13717154048000.4"	[5161130, 0, -7540, 0, 1]	13717154048000	1924.49152977	"4T1"	[2, 4, 4]
"4.4.13717154048000.5"	[9051770, 0, -7540, 0, 1]	13717154048000	1924.49152977	"4T1"	[2, 4, 4]
"4.4.13717154048000.6"	[10589930, 0, -7540, 0, 1]	13717154048000	1924.49152977	"4T1"	[2, 4, 4]
"4.4.13717154048000.7"	[13123370, 0, -7540, 0, 1]	13717154048000	1924.49152977	"4T1"	[2, 4, 4]
"4.4.13717154048000.8"	[14028170, 0, -7540, 0, 1]	13717154048000	1924.49152977	"4T1"	[2, 4, 20]
"4.4.13793122904329.2"	[514149540, 91846, -45961, -1, 1]	13793122904329	1927.15058646	"4T1"	[2, 2]
"4.4.13804663539712.1"	[1998562, 0, -7556, 0, 1]	13804663539712	1927.5535693	"4T1"	[2, 4, 4]
"4.4.13804663539712.2"	[12274722, 0, -7556, 0, 1]	13804663539712	1927.5535693	"4T1"	[2, 4, 4]
"4.4.13813427240509.1"	[2943307, -444739, -26323, -1, 1]	13813427240509	1927.85941672	"4T1"	[20]
"4.4.13813427240509.2"	[120165867, -235413, -26323, -1, 1]	13813427240509	1927.85941672	"4T1"	[4]
"4.4.13888876092073.1"	[368558714, -378391, -94611, -1, 1]	13888876092073	1930.48653081	"4T1"	[2]
"4.4.13978977639521.2"	[1764304235, -198153, -99090, -1, 1]	13978977639521	1933.60986249	"4T1"	[2, 2, 4]
"4.4.14041691681761.1"	[3215667, -434003, -15964, -1, 1]	14041691681761	1935.77491731	"4T1"	[2, 4]
"4.4.14041691681761.2"	[55819651, 62261, -15964, -1, 1]	14041691681761	1935.77491731	"4T1"	[2, 20]
"4.4.14069423515648.1"	[307962, 0, -7604, 0, 1]	14069423515648	1936.72998165	"4T1"	[2]
"4.4.14069423515648.2"	[14147242, 0, -7604, 0, 1]	14069423515648	1936.72998165	"4T1"	[2]
"4.4.14202376626313.1"	[-4302396, 401094, -9081, -1, 1]	14202376626313	1941.28928	"4T1"	[2]
"4.4.14202376626313.2"	[928476, 183141, -9081, -1, 1]	14202376626313	1941.28928	"4T1"	[2]
"4.4.14261619046657.1"	[378456303, -383435, -95872, -1, 1]	14261619046657	1943.31054759	"4T1"	[2]
"4.4.14336279193600.3"	[82841850, 0, -92820, 0, 1]	14336279193600	1945.84889701	"4T1"	[2, 2, 2, 2, 2, 4]
"4.4.14336279193600.4"	[2071046250, 0, -92820, 0, 1]	14336279193600	1945.84889701	"4T1"	[2, 2, 2, 2, 6, 12]
"4.4.14337547257856.1"	[4686850, 0, -7652, 0, 1]	14337547257856	1945.89192386	"4T1"	[4]
"4.4.14337547257856.2"	[9951426, 0, -7652, 0, 1]	14337547257856	1945.89192386	"4T1"	[4]
"4.4.14399280420525.3"	[459858025, -319055, -63841, -1, 1]	14399280420525	1947.98315652	"4T1"	[2, 2, 2, 2, 4, 4]
"4.4.14399280420525.4"	[901959685, 191455, -63841, -1, 1]	14399280420525	1947.98315652	"4T1"	[2, 2, 2, 2, 2, 4]
"4.4.14585804390737.1"	[-6488584, -462700, -9162, -1, 1]	14585804390737	1954.26113986	"4T1"	[12]
"4.4.14585804390737.2"	[-2457139, -340535, -9162, -1, 1]	14585804390737	1954.26113986	"4T1"	[12]
"4.4.14712590873581.1"	[2223535761, 368337, -122785, -1, 1]	14712590873581	1958.49419927	"4T1"	[2, 2]
"4.4.14791952869376.1"	[3251306, 0, -7732, 0, 1]	14791952869376	1961.1299789	"4T1"	[2]
"4.4.14791952869376.2"	[11694650, 0, -7732, 0, 1]	14791952869376	1961.1299789	"4T1"	[2]
"4.4.14805571241984.3"	[38416850, 0, -34532, 0, 1]	14805571241984	1961.58120706	"4T1"	[2, 4, 4]
"4.4.14805571241984.4"	[259697906, 0, -34532, 0, 1]	14805571241984	1961.58120706	"4T1"	[2, 4, 4]
"4.4.14826408396800.5"	[14478914450, 0, -340340, 0, 1]	14826408396800	1962.27101863	"4T1"	[2, 2, 2, 2, 2]
"4.4.14888751553801.1"	[-6990624, 481257, -9225, -1, 1]	14888751553801	1964.33054881	"4T1"	[52]
"4.4.14888751553801.2"	[-1480000, -305975, -9225, -1, 1]	14888751553801	1964.33054881	"4T1"	[52]
"4.4.15033650958461.1"	[630125, 484725, -19695, -1, 1]	15033650958461	1969.09248957	"4T1"	[2, 2, 8]
"4.4.15033650958461.2"	[90876209, 19539, -19695, -1, 1]	15033650958461	1969.09248957	"4T1"	[2, 4, 4]
"4.4.15138936166841.1"	[199292, 497098, -27767, -1, 1]	15138936166841	1972.53101001	"4T1"	[2, 4]
"4.4.15138936166841.2"	[59399956, -386494, -27767, -1, 1]	15138936166841	1972.53101001	"4T1"	[2, 4]
"4.4.15142083579569.2"	[468101693, 183669, -45966, -1, 1]	15142083579569	1972.63352523	"4T1"	[2, 2]
"4.4.15162313418752.1"	[4244922, 0, -7796, 0, 1]	15162313418752	1973.2920555	"4T1"	[6]
"4.4.15162313418752.2"	[10949482, 0, -7796, 0, 1]	15162313418752	1973.2920555	"4T1"	[6]
"4.4.15218745755600.2"	[1131000725, 0, -181105, 0, 1]	15218745755600	1975.12558831	"4T1"	[2, 2, 2]
"4.4.15315395832449.1"	[1932999463, -207409, -103718, -1, 1]	15315395832449	1978.25401782	"4T1"	[2]
"4.4.15444104562688.1"	[1729602, 0, -7844, 0, 1]	15444104562688	1982.39723517	"4T1"	[2, 4]
"4.4.15444104562688.2"	[5965362, 0, -7844, 0, 1]	15444104562688	1982.39723517	"4T1"	[2, 4]
"4.4.15444104562688.3"	[9416722, 0, -7844, 0, 1]	15444104562688	1982.39723517	"4T1"	[2, 4]
"4.4.15444104562688.4"	[13652482, 0, -7844, 0, 1]	15444104562688	1982.39723517	"4T1"	[2, 4]
"4.4.15492252717089.1"	[408115, -222803, -9348, -1, 1]	15492252717089	1983.94050015	"4T1"	[4]
"4.4.15492252717089.2"	[1205843, 176061, -9348, -1, 1]	15492252717089	1983.94050015	"4T1"	[4]
"4.4.15550173461681.1"	[28584656, -421796, -23660, -1, 1]	15550173461681	1985.79224109	"4T1"	[2, 2]
"4.4.15550173461681.2"	[121685357, -140525, -23660, -1, 1]	15550173461681	1985.79224109	"4T1"	[2, 2]
"4.4.15551989015681.1"	[836096, -198128, -9360, -1, 1]	15551989015681	1985.85020114	"4T1"	[2]
"4.4.15551989015681.2"	[2208951, -73323, -9360, -1, 1]	15551989015681	1985.85020114	"4T1"	[2]
"4.4.15641881075729.1"	[-6585280, -473608, -9378, -1, 1]	15641881075729	1988.71360551	"4T1"	[4]
"4.4.15641881075729.2"	[-1783552, 326680, -9378, -1, 1]	15641881075729	1988.71360551	"4T1"	[4]
"4.4.15671347748957.1"	[69434767, 381241, -25599, -1, 1]	15671347748957	1989.64954507	"4T1"	[2, 4]
"4.4.15671347748957.2"	[120660823, -228593, -25599, -1, 1]	15671347748957	1989.64954507	"4T1"	[2, 4]
"4.4.15729365641216.1"	[887850, 0, -7892, 0, 1]	15729365641216	1991.488496	"4T1"	[2]
"4.4.15729365641216.2"	[14683066, 0, -7892, 0, 1]	15729365641216	1991.488496	"4T1"	[2]
"4.4.15952778044481.2"	[2013456175, -211681, -105854, -1, 1]	15952778044481	1998.52267784	"4T1"	[2, 2]
"4.4.16015331168233.1"	[425024354, -406327, -101595, -1, 1]	16015331168233	2000.47892695	"4T1"	[2]
"4.4.16043651315609.2"	[496012880, 189057, -47313, -1, 1]	16043651315609	2001.36271025	"4T1"	[4, 4]
"4.4.16085154303425.1"	[3690304, -409528, -11870, -1, 1]	16085154303425	2002.65577743	"4T1"	[2, 4]
"4.4.16085154303425.2"	[23028224, -64208, -11870, -1, 1]	16085154303425	2002.65577743	"4T1"	[2, 20]
"4.4.16212569409536.1"	[3830546, 0, -7972, 0, 1]	16212569409536	2006.60995318	"4T1"	[2, 4]
"4.4.16212569409536.2"	[12057650, 0, -7972, 0, 1]	16212569409536	2006.60995318	"4T1"	[2, 4]
"4.4.16310382536704.1"	[99850, 0, -7988, 0, 1]	16310382536704	2009.62968267	"4T1"	[2]
"4.4.16310382536704.2"	[15852186, 0, -7988, 0, 1]	16310382536704	2009.62968267	"4T1"	[2]
"4.4.16366520961937.2"	[195195397, -388807, -48658, -1, 1]	16366520961937	2011.35668268	"4T1"	[2, 2]
"4.4.16440998204741.1"	[-3342875, -494500, -14780, -1, 1]	16440998204741	2013.64100057	"4T1"	[2, 4]
"4.4.16440998204741.2"	[16223771, -381398, -14780, -1, 1]	16440998204741	2013.64100057	"4T1"	[2, 4]
"4.4.16522942872301.1"	[31575339, 420219, -20325, -1, 1]	16522942872301	2016.14540489	"4T1"	[4]
"4.4.16522942872301.2"	[93663875, 100175, -20325, -1, 1]	16522942872301	2016.14540489	"4T1"	[4]
"4.4.16684824272729.1"	[95670748, -301664, -25353, -1, 1]	16684824272729	2021.06559586	"4T1"	[2, 4]
"4.4.16684824272729.2"	[150793520, 100692, -25353, -1, 1]	16684824272729	2021.06559586	"4T1"	[2, 20]
"4.4.16688894794309.1"	[46765385, 290036, -17496, -1, 1]	16688894794309	2021.18885216	"4T1"	[4]
"4.4.16688894794309.2"	[64358663, -119110, -17496, -1, 1]	16688894794309	2021.18885216	"4T1"	[4]
"4.4.16725493763233.2"	[3137981871, 239335, -119674, -1, 1]	16725493763233	2022.29606555	"4T1"	[2]
"4.4.16779182156801.1"	[2560000, 1600, -9600, -1, 1]	16779182156801	2023.91699492	"4T1"	[35]
"4.4.16805353293824.1"	[4941650, 0, -8068, 0, 1]	16805353293824	2024.70572908	"4T1"	[4]
"4.4.16805353293824.2"	[11331506, 0, -8068, 0, 1]	16805353293824	2024.70572908	"4T1"	[4]
"4.4.16848094459456.1"	[5024656, 0, -12818, 0, 1]	16848094459456	2025.99186494	"4T1"	[2, 4, 8]
"4.4.16848094459456.2"	[23072400, 0, -12818, 0, 1]	16848094459456	2025.99186494	"4T1"	[2, 4, 8]
"4.4.16848094459456.3"	[33224256, 0, -12818, 0, 1]	16848094459456	2025.99186494	"4T1"	[2, 4, 8]
"4.4.16848094459456.4"	[41017600, 0, -12818, 0, 1]	16848094459456	2025.99186494	"4T1"	[2, 4, 8]
"4.4.16905585946121.1"	[2133729440, -217911, -108969, -1, 1]	16905585946121	2027.71800276	"4T1"	[2]
"4.4.16936972896241.1"	[-7696375, 515225, -9630, -1, 1]	16936972896241	2028.65851469	"4T1"	[2]
"4.4.16936972896241.2"	[2550344, -24076, -9630, -1, 1]	16936972896241	2028.65851469	"4T1"	[10]
"4.4.16971288480161.2"	[524732267, 194445, -48660, -1, 1]	16971288480161	2029.68528867	"4T1"	[2, 2]
"4.4.16984502277625.1"	[-6216694, 477149, -9639, -1, 1]	16984502277625	2030.08025019	"4T1"	[2, 12]
"4.4.16984502277625.3"	[-818644, 297214, -9639, -1, 1]	16984502277625	2030.08025019	"4T1"	[2, 12]
"4.4.16984502277625.4"	[1494806, 168689, -9639, -1, 1]	16984502277625	2030.08025019	"4T1"	[2, 12]
"4.4.16984502277625.5"	[2060316, -114066, -9639, -1, 1]	16984502277625	2030.08025019	"4T1"	[2, 12]
"4.4.17107088156672.1"	[7503242, 0, -8116, 0, 1]	17107088156672	2033.73341052	"4T1"	[10]
"4.4.17107088156672.2"	[8964122, 0, -8116, 0, 1]	17107088156672	2033.73341052	"4T1"	[2]
"4.4.17111681831609.1"	[-2824222, 375261, -9663, -1, 1]	17111681831609	2033.86992366	"4T1"	[4]
"4.4.17111681831609.2"	[2535730, -37043, -9663, -1, 1]	17111681831609	2033.86992366	"4T1"	[4]
"4.4.17127623772433.1"	[-2456971, 362489, -9666, -1, 1]	17127623772433	2034.3434673	"4T1"	[2, 2]
"4.4.17127623772433.2"	[507384, 233604, -9666, -1, 1]	17127623772433	2034.3434673	"4T1"	[2, 2]
"4.4.17542823148437.1"	[67795759, -341234, -23022, -1, 1]	17542823148437	2046.56183647	"4T1"	[4]
"4.4.17542823148437.2"	[126419723, 22890, -23022, -1, 1]	17542823148437	2046.56183647	"4T1"	[20]
"4.4.17551675230272.3"	[1663232, 0, -12994, 0, 1]	17551675230272	2046.81996063	"4T1"	[2, 2, 2, 8]
"4.4.17551675230272.4"	[26611712, 0, -12994, 0, 1]	17551675230272	2046.81996063	"4T1"	[2, 2, 2, 8]
"4.4.17598410336933.1"	[78130211, 403996, -27116, -1, 1]	17598410336933	2048.18112672	"4T1"	[2, 4]
"4.4.17598410336933.2"	[135645749, -242246, -27116, -1, 1]	17598410336933	2048.18112672	"4T1"	[2, 4]
"4.4.17721349892096.1"	[2566250, 0, -8212, 0, 1]	17721349892096	2051.74885675	"4T1"	[6]
"4.4.17721349892096.2"	[14292986, 0, -8212, 0, 1]	17721349892096	2051.74885675	"4T1"	[6]
"4.4.17722191286800.1"	[15330615300, 0, -255255, 0, 1]	17722191286800	2051.77321014	"4T1"	[2, 2, 2, 2, 2, 2]
"4.4.17838912144689.1"	[-4022335, 419697, -9798, -1, 1]	17838912144689	2055.1432154	"4T1"	[2, 2, 4]
"4.4.17838912144689.2"	[994433, -207399, -9798, -1, 1]	17838912144689	2055.1432154	"4T1"	[2, 2, 4]
"4.4.17838912144689.3"	[1386368, 184536, -9798, -1, 1]	17838912144689	2055.1432154	"4T1"	[2, 6, 12]
"4.4.17838912144689.4"	[2431528, 80020, -9798, -1, 1]	17838912144689	2055.1432154	"4T1"	[2, 2, 4]
"4.4.17982862062089.1"	[457420, 541774, -30249, -1, 1]	17982862062089	2059.27668874	"4T1"	[2, 4]
"4.4.17982862062089.2"	[70757588, -421242, -30249, -1, 1]	17982862062089	2059.27668874	"4T1"	[2, 4]
"4.4.18037322930225.2"	[21111029, 202363, -12332, -1, 1]	18037322930225	2060.83404448	"4T1"	[2, 10]
"4.4.18097583665657.4"	[480318428, -431935, -107997, -1, 1]	18097583665657	2062.55314786	"4T1"	[2, 4, 8]
"4.4.18108570376000.1"	[26260, 0, -13130, 0, 1]	18108570376000	2062.86611115	"4T1"	[2, 4, 8, 8]
"4.4.18138919954432.1"	[699322, 0, -8276, 0, 1]	18138919954432	2063.72989838	"4T1"	[2]
"4.4.18138919954432.2"	[16423722, 0, -8276, 0, 1]	18138919954432	2063.72989838	"4T1"	[2]
"4.4.18178775055737.1"	[585722, -506819, -17399, -1, 1]	18178775055737	2064.86257994	"4T1"	[2, 4]
"4.4.18178775055737.2"	[52238998, -236383, -17399, -1, 1]	18178775055737	2064.86257994	"4T1"	[2, 4]
"4.4.18208052610112.1"	[105232, 0, -13154, 0, 1]	18208052610112	2065.69346168	"4T1"	[2]
"4.4.18251690409289.1"	[-7303932, 515061, -9873, -1, 1]	18251690409289	2066.93002192	"4T1"	[4]
"4.4.18251690409289.2"	[2385140, 93797, -9873, -1, 1]	18251690409289	2066.93002192	"4T1"	[4]
"4.4.18456365959168.1"	[1835442, 0, -8324, 0, 1]	18456365959168	2072.70048122	"4T1"	[4]
"4.4.18456365959168.2"	[15486802, 0, -8324, 0, 1]	18456365959168	2072.70048122	"4T1"	[4]
"4.4.18457059162313.1"	[15665076, -496926, -27801, -1, 1]	18457059162313	2072.7199431	"4T1"	[2, 4]
"4.4.18457059162313.2"	[96071948, 386666, -27801, -1, 1]	18457059162313	2072.7199431	"4T1"	[2, 4]
"4.4.18485603284121.1"	[-3621694, -408183, -9915, -1, 1]	18485603284121	2073.52085197	"4T1"	[20]
"4.4.18485603284121.2"	[2406854, -90891, -9915, -1, 1]	18485603284121	2073.52085197	"4T1"	[4]
"4.4.18591000782848.1"	[371722, 0, -25636, 0, 1]	18591000782848	2076.4701497	"4T1"	[2, 2, 2, 8]
"4.4.18591000782848.2"	[30109482, 0, -25636, 0, 1]	18591000782848	2076.4701497	"4T1"	[2, 2, 2, 8]
"4.4.18591000782848.3"	[134191642, 0, -25636, 0, 1]	18591000782848	2076.4701497	"4T1"	[2, 2, 2, 8]
"4.4.18591000782848.4"	[163929402, 0, -25636, 0, 1]	18591000782848	2076.4701497	"4T1"	[2, 2, 2, 8]
"4.4.18632246778689.3"	[2351687503, -228769, -114398, -1, 1]	18632246778689	2077.62090695	"4T1"	[2, 2, 10]
"4.4.18670041024512.1"	[5719682, 0, -8356, 0, 1]	18670041024512	2078.67368467	"4T1"	[4]
"4.4.18670041024512.2"	[11736002, 0, -8356, 0, 1]	18670041024512	2078.67368467	"4T1"	[4]
"4.4.18738432796481.1"	[2330624, 107904, -9960, -1, 1]	18738432796481	2080.57471561	"4T1"	[]
"4.4.18747442022400.5"	[570146850, 0, -92820, 0, 1]	18747442022400	2080.82474972	"4T1"	[2, 2, 2, 2, 4]
"4.4.18747442022400.6"	[1583741250, 0, -92820, 0, 1]	18747442022400	2080.82474972	"4T1"	[2, 2, 2, 2, 20]
"4.4.18807223406400.5"	[601672500, 0, -72930, 0, 1]	18807223406400	2082.48159055	"4T1"	[2, 2, 2, 2, 4]
"4.4.18807223406400.6"	[1179278100, 0, -72930, 0, 1]	18807223406400	2082.48159055	"4T1"	[2, 2, 2, 2, 4]
"4.4.18889952426453.1"	[9192551, 511444, -19346, -1, 1]	18889952426453	2084.76792221	"4T1"	[20]
"4.4.18889952426453.2"	[35549723, -397424, -19346, -1, 1]	18889952426453	2084.76792221	"4T1"	[4]
"4.4.18936387855061.1"	[682625, -523150, -21270, -1, 1]	18936387855061	2086.04794106	"4T1"	[2, 4]
"4.4.18936387855061.2"	[23792381, 481622, -21270, -1, 1]	18936387855061	2086.04794106	"4T1"	[2, 4]
"4.4.18972129924733.1"	[17310483, -490419, -23631, -1, 1]	18972129924733	2087.03158899	"4T1"	[4]
"4.4.18972129924733.2"	[87576611, -303541, -23631, -1, 1]	18972129924733	2087.03158899	"4T1"	[4]
"4.4.19154179889216.2"	[42809600, 0, -13378, 0, 1]	19154179889216	2092.02028098	"4T1"	[2, 10]
"4.4.19320948525056.1"	[4226, 0, -8452, 0, 1]	19320948525056	2096.55910775	"4T1"	[2, 2, 8]
"4.4.19320948525056.2"	[17854850, 0, -8452, 0, 1]	19320948525056	2096.55910775	"4T1"	[2, 2, 136]
"4.4.19326908504833.1"	[31019776, -462544, -23416, -1, 1]	19326908504833	2096.72077172	"4T1"	[2, 4]
"4.4.19326908504833.2"	[73494259, 370289, -23416, -1, 1]	19326908504833	2096.72077172	"4T1"	[2, 20]
"4.4.19349391984337.1"	[-776191, 561101, -28242, -1, 1]	19349391984337	2097.3302979	"4T1"	[2, 2, 2]
"4.4.19349391984337.2"	[70920248, 448900, -28242, -1, 1]	19349391984337	2097.3302979	"4T1"	[2, 2, 2]
"4.4.19361762799269.1"	[-4061507, 552740, -15608, -1, 1]	19361762799269	2097.66544366	"4T1"	[4]
"4.4.19361762799269.2"	[45385825, -163888, -15608, -1, 1]	19361762799269	2097.66544366	"4T1"	[4]
"4.4.19367607323600.2"	[1439328725, 0, -204305, 0, 1]	19367607323600	2097.8237256	"4T1"	[2, 2, 10]
"4.4.19430882535424.1"	[38106, 0, -8468, 0, 1]	19430882535424	2099.53506145	"4T1"	[2, 4]
"4.4.19430882535424.2"	[8573850, 0, -8468, 0, 1]	19430882535424	2099.53506145	"4T1"	[2, 4]
"4.4.19430882535424.3"	[9352906, 0, -8468, 0, 1]	19430882535424	2099.53506145	"4T1"	[2, 4]
"4.4.19430882535424.4"	[17888650, 0, -8468, 0, 1]	19430882535424	2099.53506145	"4T1"	[2, 4]
"4.4.19615280811209.1"	[-8492812, 554550, -10113, -1, 1]	19615280811209	2104.49855778	"4T1"	[2]
"4.4.19615280811209.2"	[2294788, -119675, -10113, -1, 1]	19615280811209	2104.49855778	"4T1"	[26]
"4.4.19667684608000.1"	[40913730, 0, -48620, 0, 1]	19667684608000	2105.90273599	"4T1"	[2, 4, 4]
"4.4.19667684608000.2"	[222752530, 0, -48620, 0, 1]	19667684608000	2105.90273599	"4T1"	[2, 4, 4]
"4.4.19667684608000.3"	[368223570, 0, -48620, 0, 1]	19667684608000	2105.90273599	"4T1"	[2, 4, 4]
"4.4.19667684608000.4"	[550062370, 0, -48620, 0, 1]	19667684608000	2105.90273599	"4T1"	[2, 4, 4]
"4.4.19750305053681.3"	[2492821745, -235533, -117780, -1, 1]	19750305053681	2108.11089124	"4T1"	[2, 2]
"4.4.19763185027072.1"	[1230562, 0, -8516, 0, 1]	19763185027072	2108.45450333	"4T1"	[2, 8]
"4.4.19763185027072.2"	[16900002, 0, -8516, 0, 1]	19763185027072	2108.45450333	"4T1"	[2, 104]
"4.4.19827748823833.1"	[526264224, -452111, -113041, -1, 1]	19827748823833	2110.17441051	"4T1"	[2]
"4.4.19986811602944.1"	[209426, 0, -8548, 0, 1]	19986811602944	2114.39381484	"4T1"	[2, 4]
"4.4.19986811602944.2"	[18057650, 0, -8548, 0, 1]	19986811602944	2114.39381484	"4T1"	[2, 4]
"4.4.20001821073625.1"	[-8529574, 558169, -10179, -1, 1]	20001821073625	2114.79066401	"4T1"	[2, 2, 4]
"4.4.20001821073625.2"	[-2829124, -391906, -10179, -1, 1]	20001821073625	2114.79066401	"4T1"	[2, 2, 4]
"4.4.20001821073625.3"	[-711814, -310471, -10179, -1, 1]	20001821073625	2114.79066401	"4T1"	[2, 2, 4]
"4.4.20001821073625.4"	[1731236, -174746, -10179, -1, 1]	20001821073625	2114.79066401	"4T1"	[2, 2, 4]
"4.4.20037210774281.1"	[-7446464, 531337, -10185, -1, 1]	20037210774281	2115.72548142	"4T1"	[2, 2]
"4.4.20037210774281.2"	[-4513076, 449854, -10185, -1, 1]	20037210774281	2115.72548142	"4T1"	[2, 2]
"4.4.20054921267809.1"	[-2441920, -378668, -10188, -1, 1]	20054921267809	2116.1928385	"4T1"	[2]
"4.4.20054921267809.2"	[-404245, 300557, -10188, -1, 1]	20054921267809	2116.1928385	"4T1"	[2]
"4.4.20099254724608.1"	[7198042, 0, -8564, 0, 1]	20099254724608	2117.36138548	"4T1"	[2]
"4.4.20099254724608.2"	[11137482, 0, -8564, 0, 1]	20099254724608	2117.36138548	"4T1"	[26]
"4.4.20196981058337.1"	[-4973533, -461259, -10212, -1, 1]	20196981058337	2119.93045769	"4T1"	[4]
"4.4.20196981058337.2"	[690931, -243395, -10212, -1, 1]	20196981058337	2119.93045769	"4T1"	[4]
"4.4.20250425943593.1"	[-2065676, -366266, -10221, -1, 1]	20250425943593	2121.33149857	"4T1"	[4]
"4.4.20250425943593.2"	[2731556, 69846, -10221, -1, 1]	20250425943593	2121.33149857	"4T1"	[4]
"4.4.20274952992832.2"	[3926592, 0, -13634, 0, 1]	20274952992832	2121.97353922	"4T1"	[2, 2, 4]
"4.4.20274952992832.3"	[1745152, 0, -13634, 0, 1]	20274952992832	2121.97353922	"4T1"	[2, 4, 4]
"4.4.20307055477897.3"	[538992758, -457543, -114399, -1, 1]	20307055477897	2122.81300127	"4T1"	[2, 2, 26]
"4.4.20439112861696.1"	[348786, 0, -8612, 0, 1]	20439112861696	2126.25579585	"4T1"	[2, 2, 8]
"4.4.20439112861696.2"	[18192850, 0, -8612, 0, 1]	20439112861696	2126.25579585	"4T1"	[2, 2, 20]
"4.4.20652922037977.1"	[548177688, -461423, -115369, -1, 1]	20652922037977	2131.79469148	"4T1"	[2]
"4.4.20667800127488.1"	[3634802, 0, -8644, 0, 1]	20667800127488	2132.17851692	"4T1"	[4]
"4.4.20667800127488.2"	[15044882, 0, -8644, 0, 1]	20667800127488	2132.17851692	"4T1"	[4]
"4.4.20844555141761.1"	[-8050000, -548700, -10320, -1, 1]	20844555141761	2136.72266986	"4T1"	[2, 4]
"4.4.20844555141761.2"	[-1004624, 331972, -10320, -1, 1]	20844555141761	2136.72266986	"4T1"	[2, 4]
"4.4.20844555141761.3"	[-371641, -301011, -10320, -1, 1]	20844555141761	2136.72266986	"4T1"	[2, 4]
"4.4.20844555141761.4"	[2710711, -80843, -10320, -1, 1]	20844555141761	2136.72266986	"4T1"	[2, 4]
"4.4.20849636808000.2"	[52124092020, 0, -510510, 0, 1]	20849636808000	2136.85288515	"4T1"	[2, 2, 2, 2, 2]
"4.4.20907561891149.1"	[50087273, 349419, -18861, -1, 1]	20907561891149	2138.3355085	"4T1"	[4]
"4.4.20907561891149.2"	[79491673, 55375, -18861, -1, 1]	20907561891149	2138.3355085	"4T1"	[4]
"4.4.20958407969117.1"	[81289517, -372989, -25139, -1, 1]	20958407969117	2139.63440408	"4T1"	[4]
"4.4.20958407969117.2"	[151336813, 25007, -25139, -1, 1]	20958407969117	2139.63440408	"4T1"	[4]
"4.4.21014019516416.1"	[525866, 0, -8692, 0, 1]	21014019516416	2141.05233341	"4T1"	[2, 4]
"4.4.21014019516416.2"	[2716250, 0, -8692, 0, 1]	21014019516416	2141.05233341	"4T1"	[2, 4]
"4.4.21014019516416.3"	[16171466, 0, -8692, 0, 1]	21014019516416	2141.05233341	"4T1"	[2, 4]
"4.4.21014019516416.4"	[18361850, 0, -8692, 0, 1]	21014019516416	2141.05233341	"4T1"	[2, 20]
"4.4.21391073706917.1"	[-3778793, 588796, -22152, -1, 1]	21391073706917	2150.59259475	"4T1"	[4]
"4.4.21391073706917.2"	[57088901, 414390, -22152, -1, 1]	21391073706917	2150.59259475	"4T1"	[68]
"4.4.21617378791793.1"	[-8111719, -555399, -10446, -1, 1]	21617378791793	2156.25817096	"4T1"	[4]
"4.4.21617378791793.2"	[2585369, 113169, -10446, -1, 1]	21617378791793	2156.25817096	"4T1"	[4]
"4.4.21787676832533.1"	[97059337, 449506, -30150, -1, 1]	21787676832533	2160.49234185	"4T1"	[2, 4]
"4.4.21787676832533.2"	[168246079, -269552, -30150, -1, 1]	21787676832533	2160.49234185	"4T1"	[2, 4]
"4.4.21800969638649.1"	[2751681538, -247459, -123743, -1, 1]	21800969638649	2160.82179916	"4T1"	[2]
"4.4.21886454357857.1"	[580936043, -475003, -118764, -1, 1]	21886454357857	2162.93691438	"4T1"	[2]
"4.4.21897948423833.1"	[-6517876, -515826, -10491, -1, 1]	21897948423833	2163.22083479	"4T1"	[2]
"4.4.21897948423833.2"	[-4559486, 463369, -10491, -1, 1]	21897948423833	2163.22083479	"4T1"	[2]
"4.4.22178945817689.2"	[2799394438, -249595, -124811, -1, 1]	22178945817689	2170.12737301	"4T1"	[2, 2]
"4.4.22195973318656.1"	[8962650, 0, -8852, 0, 1]	22195973318656	2170.54377256	"4T1"	[2]
"4.4.22195973318656.2"	[10626826, 0, -8852, 0, 1]	22195973318656	2170.54377256	"4T1"	[10]
"4.4.22237823615561.1"	[-7604204, 550117, -10545, -1, 1]	22237823615561	2171.56618486	"4T1"	[2, 2]
"4.4.22237823615561.2"	[2519356, 128302, -10545, -1, 1]	22237823615561	2171.56618486	"4T1"	[2, 2]
"4.4.22437560035328.1"	[4268762, 0, -8884, 0, 1]	22437560035328	2176.42600781	"4T1"	[2]
"4.4.22437560035328.2"	[15462602, 0, -8884, 0, 1]	22437560035328	2176.42600781	"4T1"	[2]
"4.4.22542871522249.1"	[-8754652, -577339, -10593, -1, 1]	22542871522249	2178.97530846	"4T1"	[2, 4]
"4.4.22542871522249.2"	[-7624692, -549090, -10593, -1, 1]	22542871522249	2178.97530846	"4T1"	[2, 4]
"4.4.22542871522249.3"	[-618940, -323098, -10593, -1, 1]	22542871522249	2178.97530846	"4T1"	[2, 4]
"4.4.22542871522249.4"	[3109928, -12359, -10593, -1, 1]	22542871522249	2178.97530846	"4T1"	[2, 4]
"4.4.22548421592537.2"	[26681648, 520969, -22073, -1, 1]	22548421592537	2179.10941238	"4T1"	[2, 12]
"4.4.22548421592537.3"	[102368632, -173407, -22073, -1, 1]	22548421592537	2179.10941238	"4T1"	[2, 12]
"4.4.22666000542853.1"	[20987199, -536052, -25804, -1, 1]	22666000542853	2181.94462079	"4T1"	[4]
"4.4.22666000542853.2"	[104938881, -331790, -25804, -1, 1]	22666000542853	2181.94462079	"4T1"	[4]
"4.4.22722899996224.3"	[25491600, 0, -14162, 0, 1]	22722899996224	2183.31269136	"4T1"	[2, 2, 4]
"4.4.22722899996224.4"	[49963536, 0, -14162, 0, 1]	22722899996224	2183.31269136	"4T1"	[2, 2, 4]
"4.4.22925979756544.1"	[5480650, 0, -8948, 0, 1]	22925979756544	2188.17461837	"4T1"	[2]
"4.4.22925979756544.2"	[14536026, 0, -8948, 0, 1]	22925979756544	2188.17461837	"4T1"	[2]
"4.4.22947463187713.1"	[-8212624, 570116, -10656, -1, 1]	22947463187713	2188.6870609	"4T1"	[2]
"4.4.22947463187713.2"	[2443751, 143861, -10656, -1, 1]	22947463187713	2188.6870609	"4T1"	[2]
"4.4.23546406078464.1"	[112850, 0, -9028, 0, 1]	23546406078464	2202.83088736	"4T1"	[2, 4]
"4.4.23546406078464.2"	[1304546, 0, -9028, 0, 1]	23546406078464	2202.83088736	"4T1"	[2, 4]
"4.4.23546406078464.3"	[19071650, 0, -9028, 0, 1]	23546406078464	2202.83088736	"4T1"	[2, 4]
"4.4.23546406078464.4"	[20263346, 0, -9028, 0, 1]	23546406078464	2202.83088736	"4T1"	[2, 4]
"4.4.23895035890721.1"	[137601520, -361028, -30300, -1, 1]	23895035890721	2210.93982102	"4T1"	[2, 4]
"4.4.23895035890721.2"	[216568832, 120480, -30300, -1, 1]	23895035890721	2210.93982102	"4T1"	[2, 4]
"4.4.23923980511232.1"	[222362, 0, -9076, 0, 1]	23923980511232	2211.60905798	"4T1"	[2]
"4.4.23923980511232.2"	[20371082, 0, -9076, 0, 1]	23923980511232	2211.60905798	"4T1"	[2]
"4.4.24049880740157.1"	[107293019, 472261, -31667, -1, 1]	24049880740157	2214.51298818	"4T1"	[2, 4]
"4.4.24049880740157.2"	[185861483, -283205, -31667, -1, 1]	24049880740157	2214.51298818	"4T1"	[2, 4]
"4.4.24050729814016.1"	[6914466, 0, -9092, 0, 1]	24050729814016	2214.5325336	"4T1"	[2, 2, 4]
"4.4.24050729814016.2"	[13751650, 0, -9092, 0, 1]	24050729814016	2214.5325336	"4T1"	[2, 2, 4]
"4.4.24073245960192.1"	[481338, 0, -29172, 0, 1]	24073245960192	2215.05065969	"4T1"	[2, 2, 4, 4]
"4.4.24073245960192.2"	[38988378, 0, -29172, 0, 1]	24073245960192	2215.05065969	"4T1"	[2, 2, 4, 4]
"4.4.24073245960192.3"	[173763018, 0, -29172, 0, 1]	24073245960192	2215.05065969	"4T1"	[2, 2, 4, 4]
"4.4.24073245960192.4"	[212270058, 0, -29172, 0, 1]	24073245960192	2215.05065969	"4T1"	[2, 2, 4, 4]
"4.4.24118078621025.1"	[-1212005, 568775, -13586, -1, 1]	24118078621025	2216.08123672	"4T1"	[2, 2, 2, 2, 8]
"4.4.24118078621025.4"	[17364275, 371155, -13586, -1, 1]	24118078621025	2216.08123672	"4T1"	[2, 2, 2, 2, 20]
"4.4.24305569875968.1"	[3836642, 0, -9124, 0, 1]	24305569875968	2220.37562999	"4T1"	[4]
"4.4.24305569875968.2"	[16975202, 0, -9124, 0, 1]	24305569875968	2220.37562999	"4T1"	[4]
"4.4.24455471873101.1"	[69498111, 351049, -21085, -1, 1]	24455471873101	2223.7912228	"4T1"	[4]
"4.4.24455471873101.2"	[95252775, -144233, -21085, -1, 1]	24455471873101	2223.7912228	"4T1"	[20]
"4.4.24481774994081.1"	[3090087395, -262233, -131130, -1, 1]	24481774994081	2224.38893231	"4T1"	[2]
"4.4.24492589315921.1"	[-5098624, 495512, -10890, -1, 1]	24492589315921	2224.63453618	"4T1"	[2, 28]
"4.4.24492589315921.2"	[-3240000, -433800, -10890, -1, 1]	24492589315921	2224.63453618	"4T1"	[2, 140]
"4.4.24681591407441.1"	[3115310885, -263301, -131664, -1, 1]	24681591407441	2228.91388481	"4T1"	[2, 10]
"4.4.24691195406336.1"	[1655546, 0, -9172, 0, 1]	24691195406336	2229.13067962	"4T1"	[530]
"4.4.24691195406336.2"	[19375850, 0, -9172, 0, 1]	24691195406336	2229.13067962	"4T1"	[10]
"4.4.24820637845504.1"	[2871250, 0, -9188, 0, 1]	24820637845504	2232.04648201	"4T1"	[2, 2, 4]
"4.4.24820637845504.2"	[18233586, 0, -9188, 0, 1]	24820637845504	2232.04648201	"4T1"	[2, 2, 4]
"4.4.24869055744000.1"	[19890, 0, -13260, 0, 1]	24869055744000	2233.13420621	"4T1"	[4, 4, 20]
"4.4.24869055744000.2"	[7180290, 0, -13260, 0, 1]	24869055744000	2233.13420621	"4T1"	[4, 12, 12]
"4.4.24869055744000.3"	[10521810, 0, -13260, 0, 1]	24869055744000	2233.13420621	"4T1"	[4, 4, 4]
"4.4.24869055744000.4"	[16727490, 0, -13260, 0, 1]	24869055744000	2233.13420621	"4T1"	[4, 4, 4]
"4.4.24869055744000.5"	[27229410, 0, -13260, 0, 1]	24869055744000	2233.13420621	"4T1"	[4, 4, 4]
"4.4.24869055744000.6"	[33435090, 0, -13260, 0, 1]	24869055744000	2233.13420621	"4T1"	[4, 4, 4]
"4.4.24869055744000.7"	[36776610, 0, -13260, 0, 1]	24869055744000	2233.13420621	"4T1"	[4, 4, 4]
"4.4.24869055744000.8"	[43937010, 0, -13260, 0, 1]	24869055744000	2233.13420621	"4T1"	[4, 4, 4]
"4.4.25066291055773.1"	[6909831, 569881, -17011, -1, 1]	25066291055773	2237.54881888	"4T1"	[2, 4]
"4.4.25066291055773.2"	[55334559, 179359, -17011, -1, 1]	25066291055773	2237.54881888	"4T1"	[2, 20]
"4.4.25084283369417.1"	[-8954908, 601926, -10977, -1, 1]	25084283369417	2237.95023296	"4T1"	[12]
"4.4.25084283369417.2"	[-7783988, -568994, -10977, -1, 1]	25084283369417	2237.95023296	"4T1"	[3, 3, 12]
"4.4.25207880643161.1"	[-5621500, 514950, -10995, -1, 1]	25207880643161	2240.70190536	"4T1"	[2]
"4.4.25207880643161.2"	[1708750, -218075, -10995, -1, 1]	25207880643161	2240.70190536	"4T1"	[2]
"4.4.25211677960192.1"	[6322042, 0, -9236, 0, 1]	25211677960192	2240.78628547	"4T1"	[2]
"4.4.25211677960192.2"	[15003882, 0, -9236, 0, 1]	25211677960192	2240.78628547	"4T1"	[10]
"4.4.25290503969977.1"	[-6680674, 544865, -11007, -1, 1]	25290503969977	2242.53572797	"4T1"	[2]
"4.4.25290503969977.2"	[-4625964, -482490, -11007, -1, 1]	25290503969977	2242.53572797	"4T1"	[2]
"4.4.25569308954377.1"	[678742598, -513415, -128367, -1, 1]	25569308954377	2248.69082389	"4T1"	[2]
"4.4.25598720747600.3"	[818943125, 0, -85085, 0, 1]	25598720747600	2249.33719959	"4T1"	[2, 2, 2, 2, 2, 4]
"4.4.25598720747600.4"	[1605128525, 0, -85085, 0, 1]	25598720747600	2249.33719959	"4T1"	[2, 2, 2, 2, 2, 4]
"4.4.25634214539600.2"	[1905039725, 0, -235045, 0, 1]	25634214539600	2250.11649662	"4T1"	[2, 2, 2]
"4.4.25719279872000.1"	[3476330, 0, -48620, 0, 1]	25719279872000	2251.98089136	"4T1"	[2, 4, 4, 20]
"4.4.25719279872000.2"	[170340170, 0, -48620, 0, 1]	25719279872000	2251.98089136	"4T1"	[2, 4, 4, 4]
"4.4.25719279872000.3"	[420635930, 0, -48620, 0, 1]	25719279872000	2251.98089136	"4T1"	[2, 2, 4, 4]
"4.4.25719279872000.4"	[587499770, 0, -48620, 0, 1]	25719279872000	2251.98089136	"4T1"	[2, 2, 4, 20]
"4.4.25894928776625.1"	[-9628184, -619436, -11094, -1, 1]	25894928776625	2255.81603908	"4T1"	[4, 8]
"4.4.25894928776625.2"	[-5131264, -501096, -11094, -1, 1]	25894928776625	2255.81603908	"4T1"	[4, 8]
"4.4.25894928776625.3"	[-4154959, 475209, -11094, -1, 1]	25894928776625	2255.81603908	"4T1"	[4, 8]
"4.4.25894928776625.4"	[3418801, 1849, -11094, -1, 1]	25894928776625	2255.81603908	"4T1"	[4, 40]
"4.4.25915940990857.1"	[2821392, -131319, -11097, -1, 1]	25915940990857	2256.27351547	"4T1"	[2]
"4.4.25915940990857.2"	[3413252, 16646, -11097, -1, 1]	25915940990857	2256.27351547	"4T1"	[2]
"4.4.26006036555776.1"	[2057706, 0, -9332, 0, 1]	26006036555776	2258.23192171	"4T1"	[2]
"4.4.26006036555776.2"	[19713850, 0, -9332, 0, 1]	26006036555776	2258.23192171	"4T1"	[2]
"4.4.26274483857408.1"	[4499402, 0, -9364, 0, 1]	26274483857408	2264.03714764	"4T1"	[2]
"4.4.26274483857408.2"	[17421722, 0, -9364, 0, 1]	26274483857408	2264.03714764	"4T1"	[10]
"4.4.26466256209401.1"	[-7862924, 582982, -11175, -1, 1]	26466256209401	2268.15708006	"4T1"	[2, 2, 4]
"4.4.26615737485793.1"	[-9684981, -625131, -11196, -1, 1]	26615737485793	2271.35295397	"4T1"	[4]
"4.4.26615737485793.2"	[-7296421, 569149, -11196, -1, 1]	26615737485793	2271.35295397	"4T1"	[4]
"4.4.26623761256000.1"	[4299840, 0, -14930, 0, 1]	26623761256000	2271.52411919	"4T1"	[2, 468]
"4.4.26816907864064.1"	[1060650, 0, -9428, 0, 1]	26816907864064	2275.63274809	"4T1"	[2]
"4.4.26816907864064.2"	[21161146, 0, -9428, 0, 1]	26816907864064	2275.63274809	"4T1"	[2]
"4.4.26900161421593.3"	[714087264, -526607, -131665, -1, 1]	26900161421593	2277.396881	"4T1"	[2, 2, 2]
"4.4.26981104409657.1"	[-10350514, -642975, -11247, -1, 1]	26981104409657	2279.10813158	"4T1"	[20]
"4.4.26981104409657.2"	[207022, 316801, -11247, -1, 1]	26981104409657	2279.10813158	"4T1"	[4]
"4.4.27079638476800.1"	[541450, 0, -30940, 0, 1]	27079638476800	2281.18609417	"4T1"	[2, 2, 4, 4]
"4.4.27079638476800.2"	[43857450, 0, -30940, 0, 1]	27079638476800	2281.18609417	"4T1"	[2, 2, 4, 4]
"4.4.27079638476800.3"	[195463450, 0, -30940, 0, 1]	27079638476800	2281.18609417	"4T1"	[2, 2, 4, 4]
"4.4.27079638476800.4"	[238779450, 0, -30940, 0, 1]	27079638476800	2281.18609417	"4T1"	[2, 2, 4, 4]
"4.4.27197579999017.1"	[-10368724, -644690, -11277, -1, 1]	27197579999017	2283.66589325	"4T1"	[2, 4]
"4.4.27197579999017.2"	[-6759964, 558230, -11277, -1, 1]	27197579999017	2283.66589325	"4T1"	[2, 4]
"4.4.27197579999017.3"	[-2790328, -434179, -11277, -1, 1]	27197579999017	2283.66589325	"4T1"	[2, 20]
"4.4.27197579999017.4"	[2622812, 167281, -11277, -1, 1]	27197579999017	2283.66589325	"4T1"	[2, 4]
"4.4.27505370384384.1"	[2514866, 0, -9508, 0, 1]	27505370384384	2290.09961834	"4T1"	[2, 2, 4]
"4.4.27505370384384.2"	[20085650, 0, -9508, 0, 1]	27505370384384	2290.09961834	"4T1"	[2, 2, 8]
"4.4.27524459599057.1"	[-9754344, 635940, -11322, -1, 1]	27524459599057	2290.4968574	"4T1"	[2]
"4.4.27524459599057.2"	[-2357059, -420815, -11322, -1, 1]	27524459599057	2290.4968574	"4T1"	[3, 6]
"4.4.27644461754368.1"	[4762, 0, -9524, 0, 1]	27644461754368	2292.98933424	"4T1"	[22]
"4.4.27644461754368.2"	[22671882, 0, -9524, 0, 1]	27644461754368	2292.98933424	"4T1"	[1430]
"4.4.27876355981889.1"	[536255168, -331976, -55406, -1, 1]	27876355981889	2297.78293886	"4T1"	[2]
"4.4.27924049651712.1"	[1380842, 0, -9556, 0, 1]	27924049651712	2298.76512839	"4T1"	[6]
"4.4.27924049651712.2"	[21448442, 0, -9556, 0, 1]	27924049651712	2298.76512839	"4T1"	[6]
"4.4.27928443304000.1"	[7767040, 0, -15170, 0, 1]	27928443304000	2298.85554668	"4T1"	[2, 2, 2, 4, 8]
"4.4.27986475935881.1"	[-9158704, -620503, -11385, -1, 1]	27986475935881	2300.04881771	"4T1"	[4]
"4.4.27986475935881.2"	[1406924, -256171, -11385, -1, 1]	27986475935881	2300.04881771	"4T1"	[4]
"4.4.28060309120001.1"	[178698875, 299175, -30150, -1, 1]	28060309120001	2301.5643013	"4T1"	[2, 2, 2]
"4.4.28060309120001.2"	[217097216, -59688, -30150, -1, 1]	28060309120001	2301.5643013	"4T1"	[2, 2, 2]
"4.4.28064547751936.1"	[119650, 0, -9572, 0, 1]	28064547751936	2301.65121171	"4T1"	[4]
"4.4.28064547751936.2"	[22786146, 0, -9572, 0, 1]	28064547751936	2301.65121171	"4T1"	[4]
"4.4.28224157889233.1"	[749250249, -539411, -134866, -1, 1]	28224157889233	2304.91677266	"4T1"	[2]
"4.4.28419282533417.1"	[38668688, 562744, -23843, -1, 1]	28419282533417	2308.89018411	"4T1"	[2, 2]
"4.4.28419282533417.2"	[110111522, 281473, -23843, -1, 1]	28419282533417	2308.89018411	"4T1"	[2, 2]
"4.4.28713496644913.1"	[762246309, -544067, -136030, -1, 1]	28713496644913	2314.84289117	"4T1"	[10]
"4.4.28760843292913.1"	[-401163, 684061, -34390, -1, 1]	28760843292913	2315.7965572	"4T1"	[2, 2, 2]
"4.4.28760843292913.2"	[106160584, 547268, -34390, -1, 1]	28760843292913	2315.7965572	"4T1"	[2, 2, 2]
"4.4.28849764004225.1"	[6447744, 551328, -14422, -1, 1]	28849764004225	2317.58443907	"4T1"	[2, 4]
"4.4.28917444020224.1"	[9788850, 0, -9668, 0, 1]	28917444020224	2318.94247748	"4T1"	[4]
"4.4.28917444020224.2"	[13578706, 0, -9668, 0, 1]	28917444020224	2318.94247748	"4T1"	[4]
"4.4.28925307619349.1"	[2881025, 672300, -27198, -1, 1]	28925307619349	2319.10011049	"4T1"	[2, 2, 4]
"4.4.28925307619349.2"	[176455427, 27042, -27198, -1, 1]	28925307619349	2319.10011049	"4T1"	[2, 2, 4]
"4.4.28992927008713.2"	[5439806556, 315109, -157561, -1, 1]	28992927008713	2320.45427801	"4T1"	[2, 4, 4]
"4.4.29500489276361.1"	[55508836, -581006, -32505, -1, 1]	29500489276361	2330.54398949	"4T1"	[2, 2]
"4.4.29500489276361.2"	[232168252, -193595, -32505, -1, 1]	29500489276361	2330.54398949	"4T1"	[2, 2]
"4.4.29586775455089.1"	[-717287, 373081, -11598, -1, 1]	29586775455089	2332.24627942	"4T1"	[2, 2]
"4.4.29586775455089.2"	[1231240, -276428, -11598, -1, 1]	29586775455089	2332.24627942	"4T1"	[2, 2]
"4.4.29641251743744.1"	[9012026, 0, -9748, 0, 1]	29641251743744	2333.31909395	"4T1"	[2]
"4.4.29641251743744.2"	[14743850, 0, -9748, 0, 1]	29641251743744	2333.31909395	"4T1"	[2]
"4.4.29693136889856.1"	[2982650, 0, -21692, 0, 1]	29693136889856	2334.33950645	"4T1"	[4, 4]
"4.4.29693136889856.2"	[43069466, 0, -21692, 0, 1]	29693136889856	2334.33950645	"4T1"	[4, 4]
"4.4.29693136889856.3"	[74566250, 0, -21692, 0, 1]	29693136889856	2334.33950645	"4T1"	[4, 20]
"4.4.29693136889856.4"	[114653066, 0, -21692, 0, 1]	29693136889856	2334.33950645	"4T1"	[4, 4]
"4.4.29787447543808.1"	[590722, 0, -9764, 0, 1]	29787447543808	2336.19087158	"4T1"	[4]
"4.4.29787447543808.2"	[23243202, 0, -9764, 0, 1]	29787447543808	2336.19087158	"4T1"	[20]
"4.4.30011933952000.17"	[62432370, 0, -60060, 0, 1]	30011933952000	2340.58003121	"4T1"	[2, 2, 2, 2, 4, 4]
"4.4.30011933952000.18"	[339909570, 0, -60060, 0, 1]	30011933952000	2340.58003121	"4T1"	[2, 2, 2, 2, 4, 4]
"4.4.30011933952000.19"	[561891330, 0, -60060, 0, 1]	30011933952000	2340.58003121	"4T1"	[2, 2, 2, 2, 4, 4]
"4.4.30011933952000.20"	[839368530, 0, -60060, 0, 1]	30011933952000	2340.58003121	"4T1"	[2, 2, 2, 2, 4, 4]
"4.4.30116142056000.3"	[1782020240, 0, -170170, 0, 1]	30116142056000	2342.60914455	"4T1"	[2, 2, 2, 2, 4]
"4.4.30116142056000.4"	[7128080960, 0, -170170, 0, 1]	30116142056000	2342.60914455	"4T1"	[2, 2, 2, 6, 12]
"4.4.30309612723281.2"	[3825758725, -291781, -145904, -1, 1]	30309612723281	2346.36243389	"4T1"	[2]
"4.4.30637396787861.1"	[74523877, 422930, -22730, -1, 1]	30637396787861	2352.68056726	"4T1"	[4]
"4.4.30637396787861.2"	[117593585, 66982, -22730, -1, 1]	30637396787861	2352.68056726	"4T1"	[4]
"4.4.30674728192000.1"	[833170, 0, -9860, 0, 1]	30674728192000	2353.39692027	"4T1"	[4, 4, 4]
"4.4.30674728192000.2"	[2174130, 0, -9860, 0, 1]	30674728192000	2353.39692027	"4T1"	[4, 4, 4]
"4.4.30674728192000.3"	[4737730, 0, -9860, 0, 1]	30674728192000	2353.39692027	"4T1"	[4, 4, 4]
"4.4.30674728192000.4"	[8287330, 0, -9860, 0, 1]	30674728192000	2353.39692027	"4T1"	[4, 4, 4]
"4.4.30674728192000.5"	[16017570, 0, -9860, 0, 1]	30674728192000	2353.39692027	"4T1"	[4, 4, 20]
"4.4.30674728192000.6"	[19567170, 0, -9860, 0, 1]	30674728192000	2353.39692027	"4T1"	[4, 4, 4]
"4.4.30674728192000.7"	[22130770, 0, -9860, 0, 1]	30674728192000	2353.39692027	"4T1"	[4, 4, 4]
"4.4.30674728192000.8"	[23471730, 0, -9860, 0, 1]	30674728192000	2353.39692027	"4T1"	[4, 4, 4]
"4.4.30702520781297.1"	[-5219608, -530364, -11742, -1, 1]	30702520781297	2353.9298083	"4T1"	[82]
"4.4.30702520781297.2"	[-679223, -373799, -11742, -1, 1]	30702520781297	2353.9298083	"4T1"	[2]
"4.4.30974357129216.1"	[6058850, 0, -9892, 0, 1]	30974357129216	2359.12294903	"4T1"	[4]
"4.4.30974357129216.2"	[18404066, 0, -9892, 0, 1]	30974357129216	2359.12294903	"4T1"	[4]
"4.4.31009455188713.1"	[-6897136, -579251, -11781, -1, 1]	31009455188713	2359.79096513	"4T1"	[4]
"4.4.31009455188713.2"	[3658976, -76579, -11781, -1, 1]	31009455188713	2359.79096513	"4T1"	[4]
"4.4.31124900521984.1"	[3611466, 0, -9908, 0, 1]	31124900521984	2361.98422638	"4T1"	[18]
"4.4.31124900521984.2"	[20930650, 0, -9908, 0, 1]	31124900521984	2361.98422638	"4T1"	[18]
"4.4.31581464799529.1"	[-6915580, 586742, -11853, -1, 1]	31581464799529	2370.59883892	"4T1"	[4]
"4.4.31581464799529.2"	[2946428, -171874, -11853, -1, 1]	31581464799529	2370.59883892	"4T1"	[4]
"4.4.31694805061177.1"	[841426148, -571615, -142917, -1, 1]	31694805061177	2372.72289691	"4T1"	[2]
"4.4.31714060158976.1"	[5447650, 0, -25636, 0, 1]	31714060158976	2373.08318156	"4T1"	[2, 2, 4]
"4.4.31714060158976.2"	[49028850, 0, -25636, 0, 1]	31714060158976	2373.08318156	"4T1"	[2, 2, 4]
"4.4.31714060158976.3"	[115272274, 0, -25636, 0, 1]	31714060158976	2373.08318156	"4T1"	[2, 2, 4]
"4.4.31714060158976.4"	[158853474, 0, -25636, 0, 1]	31714060158976	2373.08318156	"4T1"	[2, 2, 4]
"4.4.31790761051909.1"	[62516367, 582822, -28068, -1, 1]	31790761051909	2374.5167157	"4T1"	[4]
"4.4.31790761051909.2"	[181934075, 138890, -28068, -1, 1]	31790761051909	2374.5167157	"4T1"	[4]
"4.4.31876107831397.1"	[6512843, -655426, -21708, -1, 1]	31876107831397	2376.108795	"4T1"	[2, 4]
"4.4.31876107831397.2"	[78598007, 359858, -21708, -1, 1]	31876107831397	2376.108795	"4T1"	[2, 4]
"4.4.32015057794777.1"	[-9405958, 652921, -11907, -1, 1]	32015057794777	2378.69397497	"4T1"	[4]
"4.4.32015057794777.2"	[-261094, -363175, -11907, -1, 1]	32015057794777	2378.69397497	"4T1"	[4]
"4.4.32038415362048.1"	[7608042, 0, -10004, 0, 1]	32038415362048	2379.1277186	"4T1"	[2, 2, 4, 8]
"4.4.32038415362048.2"	[12009802, 0, -10004, 0, 1]	32038415362048	2379.1277186	"4T1"	[2, 2, 4, 8]
"4.4.32038415362048.3"	[13010202, 0, -10004, 0, 1]	32038415362048	2379.1277186	"4T1"	[2, 2, 2, 8]
"4.4.32038415362048.4"	[17411962, 0, -10004, 0, 1]	32038415362048	2379.1277186	"4T1"	[2, 2, 2, 8]
"4.4.32295827477737.2"	[53011984, -597964, -30187, -1, 1]	32295827477737	2383.89215315	"4T1"	[2, 10]
"4.4.32295827477737.3"	[124066858, 478625, -30187, -1, 1]	32295827477737	2383.89215315	"4T1"	[2, 2]
"4.4.32525910642961.1"	[-11469739, 704257, -11970, -1, 1]	32525910642961	2388.12671072	"4T1"	[4]
"4.4.32525910642961.2"	[-2276491, 448889, -11970, -1, 1]	32525910642961	2388.12671072	"4T1"	[4]
"4.4.32574844773953.1"	[1397119, 289429, -11976, -1, 1]	32574844773953	2389.02441835	"4T1"	[272]
"4.4.32574844773953.2"	[3473024, 129744, -11976, -1, 1]	32574844773953	2389.02441835	"4T1"	[16]
"4.4.32579459942400.1"	[2491650, 0, -47460, 0, 1]	32579459942400	2389.10903245	"4T1"	[2, 2, 2, 2, 208]
"4.4.32588190966073.1"	[28737396, -660330, -36879, -1, 1]	32588190966073	2389.26908169	"4T1"	[2, 4]
"4.4.32588190966073.2"	[170802044, 513758, -36879, -1, 1]	32588190966073	2389.26908169	"4T1"	[2, 4]
"4.4.32795655776729.1"	[-3688162, -494139, -12003, -1, 1]	32795655776729	2393.06271243	"4T1"	[3, 15]
"4.4.32820251748913.1"	[-7554136, 610324, -12006, -1, 1]	32820251748913	2393.51127151	"4T1"	[2, 2]
"4.4.32820251748913.2"	[-4192351, -510271, -12006, -1, 1]	32820251748913	2393.51127151	"4T1"	[2, 2]
"4.4.33026807668853.1"	[129112547, -468254, -31490, -1, 1]	33026807668853	2397.26833728	"4T1"	[4]
"4.4.33026807668853.2"	[239526799, 31358, -31490, -1, 1]	33026807668853	2397.26833728	"4T1"	[20]
"4.4.33773439708224.2"	[51718400, 0, -16162, 0, 1]	33773439708224	2410.70363961	"4T1"	[2, 2]
"4.4.34075248488000.1"	[37477520, 0, -16210, 0, 1]	34075248488000	2416.07136344	"4T1"	[2, 16]
"4.4.34075248488000.2"	[62765120, 0, -16210, 0, 1]	34075248488000	2416.07136344	"4T1"	[2, 16]
"4.4.34163713488577.1"	[-139873, 745541, -37464, -1, 1]	34163713488577	2417.63796964	"4T1"	[2, 2, 34]
"4.4.34163713488577.2"	[126436688, 596452, -37464, -1, 1]	34163713488577	2417.63796964	"4T1"	[2, 2, 2]
"4.4.34316151761477.1"	[18551257, 689266, -25932, -1, 1]	34316151761477	2420.33034014	"4T1"	[4]
"4.4.34316151761477.2"	[66326101, -535730, -25932, -1, 1]	34316151761477	2420.33034014	"4T1"	[4]
"4.4.34369335229697.1"	[-10209209, 684805, -12192, -1, 1]	34369335229697	2421.26755784	"4T1"	[4, 4]
"4.4.34369335229697.2"	[-4194304, 522240, -12192, -1, 1]	34369335229697	2421.26755784	"4T1"	[4, 20]
"4.4.34369335229697.3"	[-1365673, 424701, -12192, -1, 1]	34369335229697	2421.26755784	"4T1"	[4, 4]
"4.4.34369335229697.4"	[-552848, -388124, -12192, -1, 1]	34369335229697	2421.26755784	"4T1"	[4, 4]
"4.4.34557060319709.1"	[3881425, 734825, -29699, -1, 1]	34557060319709	2424.56704434	"4T1"	[2, 4]
"4.4.34557060319709.2"	[211234333, 29543, -29699, -1, 1]	34557060319709	2424.56704434	"4T1"	[2, 4]
"4.4.34930508298769.1"	[-6417387, -586359, -12258, -1, 1]	34930508298769	2431.09106046	"4T1"	[4]
"4.4.34930508298769.2"	[4043093, -63335, -12258, -1, 1]	34930508298769	2431.09106046	"4T1"	[4]
"4.4.35212265351168.1"	[624602, 0, -10324, 0, 1]	35212265351168	2435.97872772	"4T1"	[2, 4]
"4.4.35212265351168.2"	[8677322, 0, -10324, 0, 1]	35212265351168	2435.97872772	"4T1"	[2, 4]
"4.4.35212265351168.3"	[17968922, 0, -10324, 0, 1]	35212265351168	2435.97872772	"4T1"	[2, 4]
"4.4.35212265351168.4"	[26021642, 0, -10324, 0, 1]	35212265351168	2435.97872772	"4T1"	[2, 4]
"4.4.35213371081433.1"	[-12397004, -735434, -12291, -1, 1]	35213371081433	2435.99785105	"4T1"	[260]
"4.4.35213371081433.2"	[-5841604, 575646, -12291, -1, 1]	35213371081433	2435.99785105	"4T1"	[4]
"4.4.35347541147609.2"	[4461722198, -315099, -157563, -1, 1]	35347541147609	2438.31495407	"4T1"	[2, 4, 4]
"4.4.35401832294400.15"	[204568650, 0, -145860, 0, 1]	35401832294400	2439.25068208	"4T1"	[2, 2, 2, 2, 2, 20]
"4.4.35401832294400.16"	[5114216250, 0, -145860, 0, 1]	35401832294400	2439.25068208	"4T1"	[2, 2, 2, 2, 2, 4]
"4.4.35517466558529.3"	[205329248, -440180, -36896, -1, 1]	35517466558529	2441.24009976	"4T1"	[2, 2, 4]
"4.4.35517466558529.4"	[322738048, 146864, -36896, -1, 1]	35517466558529	2441.24009976	"4T1"	[2, 2, 4]
"4.4.35717676726877.1"	[34129503, -672951, -32323, -1, 1]	35717676726877	2444.67313815	"4T1"	[4]
"4.4.35717676726877.2"	[166439127, -416537, -32323, -1, 1]	35717676726877	2444.67313815	"4T1"	[4]
"4.4.35992567615913.1"	[-12456824, -740819, -12381, -1, 1]	35992567615913	2449.36330557	"4T1"	[4]
"4.4.35992567615913.2"	[-7042036, -608751, -12381, -1, 1]	35992567615913	2449.36330557	"4T1"	[4]
"4.4.36065829574025.2"	[828189820, 394690, -65841, -1, 1]	36065829574025	2450.60875953	"4T1"	[2, 2, 4, 4]
"4.4.36434319608749.1"	[3113525, -725725, -29373, -1, 1]	36434319608749	2456.84447847	"4T1"	[2, 4]
"4.4.36434319608749.2"	[47712437, 667991, -29373, -1, 1]	36434319608749	2456.84447847	"4T1"	[2, 20]
"4.4.36704862259433.3"	[44885074, 664633, -28059, -1, 1]	36704862259433	2461.39265144	"4T1"	[2, 2, 12]
"4.4.36704862259433.4"	[168029066, -221295, -28059, -1, 1]	36704862259433	2461.39265144	"4T1"	[2, 2, 12]
"4.4.36862157876544.5"	[1179278100, 0, -102102, 0, 1]	36862157876544	2464.0254473	"4T1"	[2, 2, 2, 2, 2, 4]
"4.4.36862157876544.6"	[2311385076, 0, -102102, 0, 1]	36862157876544	2464.0254473	"4T1"	[2, 2, 2, 2, 4, 4]
"4.4.37049260603753.1"	[-12535884, -747999, -12501, -1, 1]	37049260603753	2467.14620161	"4T1"	[2, 6, 12]
"4.4.37049260603753.2"	[-12535884, 752166, -12501, -1, 1]	37049260603753	2467.14620161	"4T1"	[2, 2, 4]
"4.4.37049260603753.3"	[-11069056, 718829, -12501, -1, 1]	37049260603753	2467.14620161	"4T1"	[2, 2, 4]
"4.4.37049260603753.4"	[-5868484, -581314, -12501, -1, 1]	37049260603753	2467.14620161	"4T1"	[2, 2, 4]
"4.4.37129335824881.1"	[-456759, 402417, -12510, -1, 1]	37129335824881	2468.47819419	"4T1"	[4]
"4.4.37129335824881.2"	[3813449, 135529, -12510, -1, 1]	37129335824881	2468.47819419	"4T1"	[20]
"4.4.37774095203377.1"	[-13352128, 773816, -12582, -1, 1]	37774095203377	2479.12552945	"4T1"	[2, 4]
"4.4.37774095203377.2"	[-4192159, 538945, -12582, -1, 1]	37774095203377	2479.12552945	"4T1"	[2, 4]
"4.4.37774095203377.3"	[1679616, -299880, -12582, -1, 1]	37774095203377	2479.12552945	"4T1"	[2, 4]
"4.4.37774095203377.4"	[2250017, 270521, -12582, -1, 1]	37774095203377	2479.12552945	"4T1"	[2, 4]
"4.4.37888274802493.1"	[49922867, -559849, -22995, -1, 1]	37888274802493	2480.99682024	"4T1"	[2, 4]
"4.4.37888274802493.2"	[109432539, -201357, -22995, -1, 1]	37888274802493	2480.99682024	"4T1"	[2, 4]
"4.4.37980417070669.1"	[75152943, 637023, -30649, -1, 1]	37980417070669	2482.50385961	"4T1"	[4]
"4.4.37980417070669.2"	[217809975, 151795, -30649, -1, 1]	37980417070669	2482.50385961	"4T1"	[4]
"4.4.38080741608000.1"	[7796880, 0, -46410, 0, 1]	38080741608000	2484.1416097	"4T1"	[2, 2, 2, 4, 4]
"4.4.38080741608000.2"	[70171920, 0, -46410, 0, 1]	38080741608000	2484.1416097	"4T1"	[2, 2, 2, 4, 4]
"4.4.38080741608000.3"	[280687680, 0, -46410, 0, 1]	38080741608000	2484.1416097	"4T1"	[2, 2, 2, 4, 4]
"4.4.38080741608000.4"	[499000320, 0, -46410, 0, 1]	38080741608000	2484.1416097	"4T1"	[2, 2, 2, 4, 20]
"4.4.38256227585600.2"	[5689504400, 0, -241490, 0, 1]	38256227585600	2486.99857024	"4T1"	[2, 2, 2, 2, 10]
"4.4.38524848217057.3"	[1022829243, -630203, -157564, -1, 1]	38524848217057	2491.35281051	"4T1"	[2, 2, 2]
"4.4.39239690217577.1"	[1041815538, -636023, -159019, -1, 1]	39239690217577	2502.83023372	"4T1"	[2]
"4.4.39382647304000.1"	[340680340, 0, -170170, 0, 1]	39382647304000	2505.10668858	"4T1"	[2, 2, 2, 4]
"4.4.39382647304000.2"	[3066123060, 0, -170170, 0, 1]	39382647304000	2505.10668858	"4T1"	[2, 2, 2, 4]
"4.4.39585577753441.1"	[3684875, -168275, -12780, -1, 1]	39585577753441	2508.3275428	"4T1"	[4]
"4.4.39585577753441.2"	[4400576, 70292, -12780, -1, 1]	39585577753441	2508.3275428	"4T1"	[4]
"4.4.39615140890624.1"	[6804850, 0, -28652, 0, 1]	39615140890624	2508.7957264	"4T1"	[4, 4]
"4.4.39615140890624.2"	[61243650, 0, -28652, 0, 1]	39615140890624	2508.7957264	"4T1"	[4, 4]
"4.4.39615140890624.3"	[143990626, 0, -28652, 0, 1]	39615140890624	2508.7957264	"4T1"	[4, 4]
"4.4.39615140890624.4"	[198429426, 0, -28652, 0, 1]	39615140890624	2508.7957264	"4T1"	[4, 4]
"4.4.39725123153561.1"	[-3650014, -526743, -12795, -1, 1]	39725123153561	2510.53518905	"4T1"	[8]
"4.4.39725123153561.2"	[785716, -356138, -12795, -1, 1]	39725123153561	2510.53518905	"4T1"	[8]
"4.4.40145726259521.1"	[-13533889, -785403, -12840, -1, 1]	40145726259521	2517.15425012	"4T1"	[2, 2, 40]
"4.4.40145726259521.2"	[-3124625, -511475, -12840, -1, 1]	40145726259521	2517.15425012	"4T1"	[2, 2, 8]
"4.4.40186344343049.1"	[256795700, 358005, -36033, -1, 1]	40186344343049	2517.7907015	"4T1"	[2, 2, 2]
"4.4.40186344343049.2"	[311766452, -71454, -36033, -1, 1]	40186344343049	2517.7907015	"4T1"	[2, 2, 2]
"4.4.40355590350848.1"	[1950122, 0, -10804, 0, 1]	40355590350848	2520.43746304	"4T1"	[2, 4, 8]
"4.4.40355590350848.2"	[9080762, 0, -10804, 0, 1]	40355590350848	2520.43746304	"4T1"	[2, 2, 2, 8]
"4.4.40355590350848.3"	[20100842, 0, -10804, 0, 1]	40355590350848	2520.43746304	"4T1"	[2, 4, 8]
"4.4.40355590350848.4"	[27231482, 0, -10804, 0, 1]	40355590350848	2520.43746304	"4T1"	[2, 2, 2, 8]
"4.4.40835520673856.2"	[55097600, 0, -17218, 0, 1]	40835520673856	2527.8978723	"4T1"	[8, 8]
"4.4.40861808665609.1"	[13385430, -740519, -26911, -1, 1]	40861808665609	2528.30460962	"4T1"	[2, 2, 4]
"4.4.40861808665609.2"	[166614238, 106049, -26911, -1, 1]	40861808665609	2528.30460962	"4T1"	[2, 4, 4]
"4.4.41157227142653.1"	[-5162789, 816649, -30591, -1, 1]	41157227142653	2532.86199126	"4T1"	[4]
"4.4.41157227142653.2"	[111925523, 574731, -30591, -1, 1]	41157227142653	2532.86199126	"4T1"	[4]
"4.4.41177995016768.3"	[23343632, 0, -17266, 0, 1]	41177995016768	2533.18145039	"4T1"	[2, 2, 4]
"4.4.41177995016768.4"	[73069712, 0, -17266, 0, 1]	41177995016768	2533.18145039	"4T1"	[2, 2, 4]
"4.4.41222783357264.1"	[1658789, 0, -13709, 0, 1]	41222783357264	2533.86999014	"4T1"	[]
"4.4.41253165630377.1"	[-11308684, -740730, -12957, -1, 1]	41253165630377	2534.33674333	"4T1"	[10]
"4.4.41253165630377.2"	[-1633844, 468625, -12957, -1, 1]	41253165630377	2534.33674333	"4T1"	[2]
"4.4.41472232515584.1"	[4165850, 0, -25636, 0, 1]	41472232515584	2537.69458918	"4T1"	[2, 2, 4]
"4.4.41472232515584.2"	[60154874, 0, -25636, 0, 1]	41472232515584	2537.69458918	"4T1"	[2, 2, 20]
"4.4.41472232515584.3"	[104146250, 0, -25636, 0, 1]	41472232515584	2537.69458918	"4T1"	[2, 2, 4]
"4.4.41472232515584.4"	[160135274, 0, -25636, 0, 1]	41472232515584	2537.69458918	"4T1"	[2, 2, 20]
"4.4.41868677455424.1"	[3472400, 0, -17362, 0, 1]	41868677455424	2543.73760673	"4T1"	[2, 2]
"4.4.42590445166757.1"	[167112697, -531764, -35724, -1, 1]	42590445166757	2554.63021711	"4T1"	[20]
"4.4.42590445166757.2"	[309519053, 35592, -35724, -1, 1]	42590445166757	2554.63021711	"4T1"	[4]
"4.4.43291617187897.1"	[-14575324, 827350, -13167, -1, 1]	43291617187897	2565.08022377	"4T1"	[2, 36]
"4.4.43291617187897.2"	[-11415154, -752735, -13167, -1, 1]	43291617187897	2565.08022377	"4T1"	[2, 180]
"4.4.43291617187897.3"	[-4743684, -577170, -13167, -1, 1]	43291617187897	2565.08022377	"4T1"	[2, 36]
"4.4.43291617187897.4"	[944622, 370881, -13167, -1, 1]	43291617187897	2565.08022377	"4T1"	[2, 36]
"4.4.43528075725109.1"	[4193925, -793250, -32074, -1, 1]	43528075725109	2568.57568529	"4T1"	[2, 4]
"4.4.43528075725109.2"	[57511665, 730114, -32074, -1, 1]	43528075725109	2568.57568529	"4T1"	[2, 4]
"4.4.43647670634329.1"	[1664588, 336686, -13203, -1, 1]	43647670634329	2570.33818324	"4T1"	[4]
"4.4.43647670634329.2"	[3354620, -226658, -13203, -1, 1]	43647670634329	2570.33818324	"4T1"	[4]
"4.4.43796600543249.1"	[-13793512, -808524, -13218, -1, 1]	43796600543249	2572.52794155	"4T1"	[6]
"4.4.43796600543249.2"	[-12207307, 777681, -13218, -1, 1]	43796600543249	2572.52794155	"4T1"	[30]
"4.4.43849385542889.1"	[83416580, -708374, -39581, -1, 1]	43849385542889	2573.30271377	"4T1"	[2, 2, 2]
"4.4.43849385542889.2"	[346028168, -236051, -39581, -1, 1]	43849385542889	2573.30271377	"4T1"	[2, 2, 4]
"4.4.44245422148409.1"	[-14646220, 833382, -13263, -1, 1]	44245422148409	2579.09349317	"4T1"	[4]
"4.4.44245422148409.2"	[4877468, -15474, -13263, -1, 1]	44245422148409	2579.09349317	"4T1"	[4]
"4.4.44426670075709.1"	[128422313, 473075, -28263, -1, 1]	44426670075709	2581.73070937	"4T1"	[4]
"4.4.44426670075709.2"	[175151093, -194479, -28263, -1, 1]	44426670075709	2581.73070937	"4T1"	[4]
"4.4.45335081738393.1"	[-7237396, -657426, -13371, -1, 1]	45335081738393	2594.82815027	"4T1"	[2, 2]
"4.4.45335081738393.2"	[-4741406, 590569, -13371, -1, 1]	45335081738393	2594.82815027	"4T1"	[2, 2]
"4.4.45457247787769.1"	[-10023172, -729394, -13383, -1, 1]	45457247787769	2596.57448036	"4T1"	[20]
"4.4.45457247787769.2"	[-8595612, 698166, -13383, -1, 1]	45457247787769	2596.57448036	"4T1"	[4]
"4.4.45586804320256.1"	[5626, 0, -11252, 0, 1]	45586804320256	2598.42261382	"4T1"	[2, 28]
"4.4.45586804320256.2"	[14633226, 0, -11252, 0, 1]	45586804320256	2598.42261382	"4T1"	[2, 28]
"4.4.45586804320256.3"	[17018650, 0, -11252, 0, 1]	45586804320256	2598.42261382	"4T1"	[2, 476]
"4.4.45586804320256.4"	[31646250, 0, -11252, 0, 1]	45586804320256	2598.42261382	"4T1"	[2, 1148]
"4.4.46060514457613.1"	[44651169, -764217, -36669, -1, 1]	46060514457613	2605.14677166	"4T1"	[4]
"4.4.46060514457613.2"	[215283821, -473035, -36669, -1, 1]	46060514457613	2605.14677166	"4T1"	[4]
"4.4.46261590711353.1"	[64636144, 717928, -30309, -1, 1]	46261590711353	2607.98530806	"4T1"	[2, 10]
"4.4.46261590711353.2"	[180907756, 359065, -30309, -1, 1]	46261590711353	2607.98530806	"4T1"	[2, 2]
"4.4.46294703769600.13"	[1407913650, 0, -145860, 0, 1]	46294703769600	2608.45186788	"4T1"	[2, 2, 2, 2, 2, 4]
"4.4.46294703769600.14"	[3910871250, 0, -145860, 0, 1]	46294703769600	2608.45186788	"4T1"	[2, 2, 2, 4, 4, 4]
"4.4.46347392404937.1"	[-4227136, 845016, -21927, -1, 1]	46347392404937	2609.19373002	"4T1"	[2, 2, 4]
"4.4.46347392404937.2"	[61990288, -506360, -21927, -1, 1]	46347392404937	2609.19373002	"4T1"	[2, 2, 4]
"4.4.46473502468177.1"	[-12352243, -788719, -13482, -1, 1]	46473502468177	2610.96680912	"4T1"	[2]
"4.4.46473502468177.2"	[-7930024, -680860, -13482, -1, 1]	46473502468177	2610.96680912	"4T1"	[2]
"4.4.46710418401133.1"	[10965843, -793469, -26161, -1, 1]	46710418401133	2614.28805978	"4T1"	[2, 4]
"4.4.46710418401133.2"	[116662251, 435559, -26161, -1, 1]	46710418401133	2614.28805978	"4T1"	[2, 20]
"4.4.47827675225133.1"	[187948211, -563519, -37841, -1, 1]	47827675225133	2629.78242042	"4T1"	[4]
"4.4.47827675225133.2"	[347874859, 37709, -37841, -1, 1]	47827675225133	2629.78242042	"4T1"	[4]
"4.4.48232518989201.1"	[-12442459, 803097, -13650, -1, 1]	48232518989201	2635.32987879	"4T1"	[4]
"4.4.48232518989201.2"	[-6618299, -652943, -13650, -1, 1]	48232518989201	2635.32987879	"4T1"	[4]
"4.4.48903422408009.1"	[-14971720, 861657, -13713, -1, 1]	48903422408009	2644.44667144	"4T1"	[2, 4]
"4.4.48903422408009.2"	[-10144612, 751950, -13713, -1, 1]	48903422408009	2644.44667144	"4T1"	[2, 4]
"4.4.48903422408009.3"	[-8681852, 715381, -13713, -1, 1]	48903422408009	2644.44667144	"4T1"	[2, 4]
"4.4.48903422408009.4"	[4482988, 166846, -13713, -1, 1]	48903422408009	2644.44667144	"4T1"	[2, 4]
"4.4.49051242577781.1"	[-4628125, -854370, -25062, -1, 1]	49051242577781	2646.44274975	"4T1"	[2, 340]
"4.4.49051242577781.2"	[53783917, -659012, -25062, -1, 1]	49051242577781	2646.44274975	"4T1"	[2, 4]
"4.4.49170532589573.1"	[-5612869, 892600, -33404, -1, 1]	49170532589573	2648.05028644	"4T1"	[4]
"4.4.49170532589573.2"	[134266369, 628178, -33404, -1, 1]	49170532589573	2648.05028644	"4T1"	[4]
"4.4.50100575514625.1"	[5308416, 2304, -13824, -1, 1]	50100575514625	2660.48416683	"4T1"	[2, 52]
"4.4.50499177268025.2"	[19585600, 632840, -17381, -1, 1]	50499177268025	2665.76017569	"4T1"	[2, 4]
"4.4.51724449405397.1"	[50440041, -809850, -38842, -1, 1]	51724449405397	2681.78507279	"4T1"	[4]
"4.4.51724449405397.2"	[242059527, -501284, -38842, -1, 1]	51724449405397	2681.78507279	"4T1"	[4]
"4.4.52086714881081.1"	[99493252, -772058, -43119, -1, 1]	52086714881081	2686.46843301	"4T1"	[2, 2]
"4.4.52086714881081.2"	[411449326, -257279, -43119, -1, 1]	52086714881081	2686.46843301	"4T1"	[2, 2]
"4.4.52900864435553.1"	[6491567, -864749, -29330, -1, 1]	52900864435553	2696.90527159	"4T1"	[2, 52]
"4.4.52900864435553.2"	[156885799, -403417, -29330, -1, 1]	52900864435553	2696.90527159	"4T1"	[2, 4]
"4.4.53467590940217.1"	[-15261244, 887670, -14127, -1, 1]	53467590940217	2704.09941493	"4T1"	[2, 2]
"4.4.53467590940217.2"	[-11870674, -807615, -14127, -1, 1]	53467590940217	2704.09941493	"4T1"	[2, 2]
"4.4.54209055700800.5"	[20047727700, 0, -510510, 0, 1]	54209055700800	2713.42586531	"4T1"	[2, 2, 2, 2, 2, 2]
"4.4.54455919860981.1"	[7632925, 922400, -37202, -1, 1]	54455919860981	2716.50979061	"4T1"	[2, 2, 8]
"4.4.54455919860981.2"	[334328551, 37046, -37202, -1, 1]	54455919860981	2716.50979061	"4T1"	[2, 8, 16]
"4.4.54609472820288.1"	[4276722752, 0, -173794, 0, 1]	54609472820288	2718.42274959	"4T1"	[2, 4, 4]
"4.4.54909830465536.1"	[2160946, 0, -11972, 0, 1]	54909830465536	2722.15296496	"4T1"	[2, 4, 8]
"4.4.54909830465536.2"	[7332850, 0, -11972, 0, 1]	54909830465536	2722.15296496	"4T1"	[2, 4, 200]
"4.4.54909830465536.3"	[28499346, 0, -11972, 0, 1]	54909830465536	2722.15296496	"4T1"	[2, 4, 8]
"4.4.54909830465536.4"	[33671250, 0, -11972, 0, 1]	54909830465536	2722.15296496	"4T1"	[2, 4, 8]
"4.4.55049803702921.1"	[-17181604, 934382, -14265, -1, 1]	55049803702921	2723.88610119	"4T1"	[2, 34]
"4.4.55049803702921.2"	[-10334224, -777463, -14265, -1, 1]	55049803702921	2723.88610119	"4T1"	[2, 2]
"4.4.55223640485441.1"	[-16270256, 916324, -14280, -1, 1]	55223640485441	2726.03393766	"4T1"	[4]
"4.4.55223640485441.2"	[3227216, -302268, -14280, -1, 1]	55223640485441	2726.03393766	"4T1"	[4]
"4.4.55520491331077.1"	[74762589, -677774, -27712, -1, 1]	55520491331077	2729.68997764	"4T1"	[2, 4]
"4.4.55520491331077.2"	[161989353, -243810, -27712, -1, 1]	55520491331077	2729.68997764	"4T1"	[2, 4]
"4.4.55656972236549.1"	[137905835, 569952, -30468, -1, 1]	55656972236549	2731.36596976	"4T1"	[4]
"4.4.55656972236549.2"	[216106063, 90196, -30468, -1, 1]	55656972236549	2731.36596976	"4T1"	[4]
"4.4.56099719931904.1"	[143584650, 0, -38676, 0, 1]	56099719931904	2736.78180136	"4T1"	[2, 2, 164]
"4.4.56486080597409.1"	[-12820192, 846516, -14388, -1, 1]	56486080597409	2741.4817576	"4T1"	[2, 4]
"4.4.56486080597409.2"	[-5338237, -649875, -14388, -1, 1]	56486080597409	2741.4817576	"4T1"	[2, 4]
"4.4.56486080597409.3"	[-1769920, -534768, -14388, -1, 1]	56486080597409	2741.4817576	"4T1"	[2, 4]
"4.4.56486080597409.4"	[3870323, 270981, -14388, -1, 1]	56486080597409	2741.4817576	"4T1"	[2, 20]
"4.4.56698339857713.1"	[5764801, 2401, -14406, -1, 1]	56698339857713	2744.05357125	"4T1"	[44]
"4.4.56804772816497.2"	[80102816, 795520, -33542, -1, 1]	56804772816497	2745.34043598	"4T1"	[2, 2]
"4.4.56804772816497.3"	[222862397, 397861, -33542, -1, 1]	56804772816497	2745.34043598	"4T1"	[2, 2]
"4.4.57053285789473.1"	[-2872989, 579861, -14436, -1, 1]	57053285789473	2748.33814305	"4T1"	[2, 2, 4]
"4.4.57053285789473.2"	[5750339, -36091, -14436, -1, 1]	57053285789473	2748.33814305	"4T1"	[4, 4, 4]
"4.4.57231312920153.1"	[-13708484, -864674, -14451, -1, 1]	57231312920153	2750.47959408	"4T1"	[4]
"4.4.57231312920153.2"	[5714164, 60214, -14451, -1, 1]	57231312920153	2750.47959408	"4T1"	[4]
"4.4.57765259260629.1"	[-5809645, 954486, -26466, -1, 1]	57765259260629	2756.87250269	"4T1"	[4]
"4.4.57765259260629.2"	[141489983, -283326, -26466, -1, 1]	57765259260629	2756.87250269	"4T1"	[4]
"4.4.58050995931136.5"	[9971650, 0, -34684, 0, 1]	58050995931136	2760.27542415	"4T1"	[4, 4]
"4.4.58050995931136.6"	[89744850, 0, -34684, 0, 1]	58050995931136	2760.27542415	"4T1"	[4, 4]
"4.4.58050995931136.7"	[211000114, 0, -34684, 0, 1]	58050995931136	2760.27542415	"4T1"	[4, 4]
"4.4.58050995931136.8"	[290773314, 0, -34684, 0, 1]	58050995931136	2760.27542415	"4T1"	[4, 4]
"4.4.58850251160273.1"	[1203224, -425436, -14586, -1, 1]	58850251160273	2769.72773672	"4T1"	[4]
"4.4.58850251160273.2"	[2759104, 352504, -14586, -1, 1]	58850251160273	2769.72773672	"4T1"	[4]
"4.4.59212957960733.1"	[233290117, -627029, -42075, -1, 1]	59212957960733	2773.98551618	"4T1"	[4]
"4.4.59212957960733.2"	[431305829, 41943, -42075, -1, 1]	59212957960733	2773.98551618	"4T1"	[4]
"4.4.59732789180201.1"	[382888000, 436445, -43877, -1, 1]	59732789180201	2780.05378748	"4T1"	[2, 2, 2]
"4.4.59732789180201.2"	[464567572, -87142, -43877, -1, 1]	59732789180201	2780.05378748	"4T1"	[2, 2, 2]
"4.4.59850535003621.1"	[120031371, 799626, -38392, -1, 1]	59850535003621	2781.42279282	"4T1"	[4]
"4.4.59850535003621.2"	[344795175, 190510, -38392, -1, 1]	59850535003621	2781.42279282	"4T1"	[4]
"4.4.60002657802529.1"	[57153600, 690840, -23898, -1, 1]	60002657802529	2783.18850438	"4T1"	[2, 20]
"4.4.60002657802529.2"	[121958912, -45584, -23898, -1, 1]	60002657802529	2783.18850438	"4T1"	[2, 4]
"4.4.60402397576256.1"	[3923600, 0, -19618, 0, 1]	60402397576256	2787.8123931	"4T1"	[2, 2, 20]
"4.4.60647503094569.1"	[-2231032, -567235, -14733, -1, 1]	60647503094569	2790.63624981	"4T1"	[2]
"4.4.60647503094569.2"	[1697868, 414990, -14733, -1, 1]	60647503094569	2790.63624981	"4T1"	[2]
"4.4.61268944332097.3"	[102665984, -823664, -41472, -1, 1]	61268944332097	2797.75769799	"4T1"	[2, 2, 2]
"4.4.61268944332097.4"	[237605243, 659185, -41472, -1, 1]	61268944332097	2797.75769799	"4T1"	[2, 2, 26]
"4.4.62179146498113.1"	[-18630049, 992901, -14856, -1, 1]	62179146498113	2808.09107445	"4T1"	[10, 10]
"4.4.62179146498113.2"	[-16688816, 953284, -14856, -1, 1]	62179146498113	2808.09107445	"4T1"	[2, 2]
"4.4.62443196514217.1"	[-1082484, 538065, -14877, -1, 1]	62443196514217	2811.06754915	"4T1"	[12]
"4.4.62443196514217.2"	[4471736, -255395, -14877, -1, 1]	62443196514217	2811.06754915	"4T1"	[12]
"4.4.63468677152369.1"	[-14886232, 919940, -14958, -1, 1]	63468677152369	2822.53841649	"4T1"	[4]
"4.4.63468677152369.2"	[4260488, 281716, -14958, -1, 1]	63468677152369	2822.53841649	"4T1"	[4]
"4.4.63812982460681.1"	[-17749084, 981542, -14985, -1, 1]	63812982460681	2826.35858524	"4T1"	[2, 32]
"4.4.63812982460681.2"	[-3363124, -616898, -14985, -1, 1]	63812982460681	2826.35858524	"4T1"	[2, 32]
"4.4.64019201920064.1"	[57765776, 0, -20002, 0, 1]	64019201920064	2828.63925413	"4T1"	[2, 2, 2, 32]
"4.4.64037351465797.1"	[63073863, -901116, -43188, -1, 1]	64037351465797	2828.83971375	"4T1"	[4]
"4.4.64037351465797.2"	[300317657, -557782, -43188, -1, 1]	64037351465797	2828.83971375	"4T1"	[4]
"4.4.64389587851441.1"	[-16811631, 964449, -15030, -1, 1]	64389587851441	2832.72171202	"4T1"	[4]
"4.4.64389587851441.2"	[6234944, -37576, -15030, -1, 1]	64389587851441	2832.72171202	"4T1"	[4]
"4.4.64466729992673.1"	[2270336, 403476, -15036, -1, 1]	64466729992673	2833.56976882	"4T1"	[2]
"4.4.64466729992673.2"	[5277611, -197979, -15036, -1, 1]	64466729992673	2833.56976882	"4T1"	[2]
"4.4.65361010637957.1"	[257796509, -658784, -44192, -1, 1]	65361010637957	2843.34585947	"4T1"	[4]
"4.4.65361010637957.2"	[476380993, 44060, -44192, -1, 1]	65361010637957	2843.34585947	"4T1"	[20]
"4.4.66025561505693.1"	[38566111, 955999, -35811, -1, 1]	66025561505693	2850.5458169	"4T1"	[4]
"4.4.66025561505693.2"	[130322263, -743189, -35811, -1, 1]	66025561505693	2850.5458169	"4T1"	[4]
"4.4.66515833606681.1"	[23814272, -944863, -34209, -1, 1]	66515833606681	2855.8228198	"4T1"	[2, 4]
"4.4.66515833606681.2"	[273318296, 135241, -34209, -1, 1]	66515833606681	2855.8228198	"4T1"	[2, 4]
"4.4.66870127667200.1"	[1337050, 0, -48620, 0, 1]	66870127667200	2859.61810533	"4T1"	[2, 2, 4, 4]
"4.4.66870127667200.2"	[108301050, 0, -48620, 0, 1]	66870127667200	2859.61810533	"4T1"	[2, 2, 4, 4]
"4.4.66870127667200.3"	[482675050, 0, -48620, 0, 1]	66870127667200	2859.61810533	"4T1"	[2, 2, 4, 4]
"4.4.66870127667200.4"	[589639050, 0, -48620, 0, 1]	66870127667200	2859.61810533	"4T1"	[2, 2, 4, 4]
"4.4.67113623808000.1"	[9071370, 0, -78540, 0, 1]	67113623808000	2862.21776084	"4T1"	[2, 2, 4, 4, 4]
"4.4.67113623808000.2"	[444497130, 0, -78540, 0, 1]	67113623808000	2862.21776084	"4T1"	[2, 2, 2, 4, 4]
"4.4.67113623808000.3"	[1097635770, 0, -78540, 0, 1]	67113623808000	2862.21776084	"4T1"	[2, 2, 2, 4, 4]
"4.4.67113623808000.4"	[1533061530, 0, -78540, 0, 1]	67113623808000	2862.21776084	"4T1"	[2, 2, 2, 4, 4]
"4.4.67205681473393.1"	[-18953944, -1013884, -15246, -1, 1]	67205681473393	2863.1987601	"4T1"	[2, 6]
"4.4.67205681473393.2"	[-9806119, 815681, -15246, -1, 1]	67205681473393	2863.1987601	"4T1"	[2, 6]
"4.4.67285056301217.1"	[-5292733, -688899, -15252, -1, 1]	67285056301217	2864.04379774	"4T1"	[52]
"4.4.67285056301217.2"	[3167251, -363515, -15252, -1, 1]	67285056301217	2864.04379774	"4T1"	[4]
"4.4.67761319626000.1"	[4009545540, 0, -255255, 0, 1]	67761319626000	2869.09853546	"4T1"	[2, 2, 2, 2, 2, 20]
"4.4.67761319626000.2"	[16038182160, 0, -255255, 0, 1]	67761319626000	2869.09853546	"4T1"	[2, 2, 2, 2, 2, 4]
"4.4.68592680669581.1"	[8245425, -995825, -40177, -1, 1]	68592680669581	2877.85854934	"4T1"	[2, 4]
"4.4.68592680669581.2"	[92386977, 916483, -40177, -1, 1]	68592680669581	2877.85854934	"4T1"	[2, 4]
"4.4.69206528690176.1"	[1454850, 0, -12932, 0, 1]	69206528690176	2884.27567002	"4T1"	[2, 4]
"4.4.69206528690176.2"	[5437906, 0, -12932, 0, 1]	69206528690176	2884.27567002	"4T1"	[2, 4]
"4.4.69206528690176.3"	[36371250, 0, -12932, 0, 1]	69206528690176	2884.27567002	"4T1"	[2, 4]
"4.4.69206528690176.4"	[40354306, 0, -12932, 0, 1]	69206528690176	2884.27567002	"4T1"	[2, 4]
"4.4.69387591297024.3"	[400954554, 0, -204204, 0, 1]	69387591297024	2886.16032923	"4T1"	[2, 2, 2, 2, 4]
"4.4.69387591297024.4"	[10023863850, 0, -204204, 0, 1]	69387591297024	2886.16032923	"4T1"	[2, 2, 2, 2, 4]
"4.4.70224827421989.1"	[10759175, 1047450, -42204, -1, 1]	70224827421989	2894.82737006	"4T1"	[2, 4]
"4.4.70224827421989.2"	[432022613, 42048, -42204, -1, 1]	70224827421989	2894.82737006	"4T1"	[2, 4]
"4.4.70306926413417.1"	[-20183948, 1055041, -15477, -1, 1]	70306926413417	2895.67307625	"4T1"	[6]
"4.4.70306926413417.2"	[2928932, -389514, -15477, -1, 1]	70306926413417	2895.67307625	"4T1"	[6]
"4.4.70686318578413.1"	[69918813, -946749, -45361, -1, 1]	70686318578413	2899.57162368	"4T1"	[52]
"4.4.70686318578413.2"	[331800081, -586031, -45361, -1, 1]	70686318578413	2899.57162368	"4T1"	[4]
"4.4.70888765147200.3"	[61322461200, 0, -510510, 0, 1]	70888765147200	2901.6455007	"4T1"	[2, 2, 2, 2, 2, 2]
"4.4.70953896401529.1"	[455346950, 475665, -47799, -1, 1]	70953896401529	2902.31176542	"4T1"	[2, 2, 2]
"4.4.70953896401529.2"	[552357620, -94986, -47799, -1, 1]	70953896401529	2902.31176542	"4T1"	[2, 2, 2]
"4.4.71210194441849.1"	[-9050292, 810846, -15543, -1, 1]	71210194441849	2904.9291387	"4T1"	[2, 10]
"4.4.71210194441849.2"	[-2003962, 603601, -15543, -1, 1]	71210194441849	2904.9291387	"4T1"	[2, 10]
"4.4.71681395968000.1"	[149115330, 0, -92820, 0, 1]	71681395968000	2909.72277659	"4T1"	[2, 2, 2, 4, 4]
"4.4.71681395968000.2"	[811850130, 0, -92820, 0, 1]	71681395968000	2909.72277659	"4T1"	[2, 2, 4, 4, 4]
"4.4.71681395968000.3"	[1342037970, 0, -92820, 0, 1]	71681395968000	2909.72277659	"4T1"	[2, 2, 2, 4, 4]
"4.4.71681395968000.4"	[2004772770, 0, -92820, 0, 1]	71681395968000	2909.72277659	"4T1"	[2, 2, 2, 4, 4]
"4.4.71878413638909.1"	[-4885175, -1034305, -30203, -1, 1]	71878413638909	2911.72007617	"4T1"	[2, 4]
"4.4.71878413638909.2"	[80722757, -797819, -30203, -1, 1]	71878413638909	2911.72007617	"4T1"	[2, 4]
"4.4.72335026259968.1"	[43053282, 0, -13124, 0, 1]	72335026259968	2916.33332698	"4T1"	[2, 2, 4, 104]
"4.4.72335026259968.2"	[6562, 0, -13124, 0, 1]	72335026259968	2916.33332698	"4T1"	[2, 2, 4, 16]
"4.4.73131611662336.1"	[164650, 0, -13172, 0, 1]	73131611662336	2924.32937046	"4T1"	[2, 4]
"4.4.73131611662336.2"	[6329146, 0, -13172, 0, 1]	73131611662336	2924.32937046	"4T1"	[2, 4]
"4.4.73131611662336.3"	[37046250, 0, -13172, 0, 1]	73131611662336	2924.32937046	"4T1"	[2, 4]
"4.4.73131611662336.4"	[43210746, 0, -13172, 0, 1]	73131611662336	2924.32937046	"4T1"	[2, 20]
"4.4.74093292126001.1"	[-19360000, -1047400, -15750, -1, 1]	74093292126001	2933.89605367	"4T1"	[20]
"4.4.74093292126001.2"	[-207544, -543388, -15750, -1, 1]	74093292126001	2933.89605367	"4T1"	[4]
"4.4.74132041984000.1"	[2895782890, 0, -340340, 0, 1]	74132041984000	2934.27957613	"4T1"	[2, 2, 2, 4, 4]
"4.4.74132041984000.2"	[26062046010, 0, -340340, 0, 1]	74132041984000	2934.27957613	"4T1"	[2, 2, 2, 2, 4]
"4.4.74784554306893.1"	[28080857, 984071, -28845, -1, 1]	74784554306893	2940.71527509	"4T1"	[2, 4]
"4.4.74784554306893.2"	[172431989, 309533, -28845, -1, 1]	74784554306893	2940.71527509	"4T1"	[2, 4]
"4.4.75313336805513.1"	[95370998, 951961, -40031, -1, 1]	75313336805513	2945.89981014	"4T1"	[2, 12]
"4.4.75313336805513.2"	[347908366, -317071, -40031, -1, 1]	75313336805513	2945.89981014	"4T1"	[2, 12]
"4.4.75327889063337.1"	[-20495048, 1079581, -15837, -1, 1]	75327889063337	2946.04210362	"4T1"	[10]
"4.4.75327889063337.2"	[2310772, 446086, -15837, -1, 1]	75327889063337	2946.04210362	"4T1"	[2]
"4.4.76230417407201.1"	[-8284261, 808269, -15900, -1, 1]	76230417407201	2954.82710667	"4T1"	[10]
"4.4.76230417407201.2"	[5496064, -251756, -15900, -1, 1]	76230417407201	2954.82710667	"4T1"	[2]
"4.4.76879474986761.1"	[-9106304, 831817, -15945, -1, 1]	76879474986761	2961.09678125	"4T1"	[4]
"4.4.76879474986761.2"	[-3153364, -656418, -15945, -1, 1]	76879474986761	2961.09678125	"4T1"	[4]
"4.4.77181571856149.1"	[155757573, 908028, -43554, -1, 1]	77181571856149	2964.00140218	"4T1"	[4]
"4.4.77181571856149.2"	[445583225, 216320, -43554, -1, 1]	77181571856149	2964.00140218	"4T1"	[20]
"4.4.77484211835357.1"	[-6929353, 1120453, -41843, -1, 1]	77484211835357	2966.90270782	"4T1"	[4]
"4.4.77484211835357.2"	[213474823, 788519, -41843, -1, 1]	77484211835357	2966.90270782	"4T1"	[4]
"4.4.78452222081129.1"	[-20678252, -1088954, -16053, -1, 1]	78452222081129	2976.12598843	"4T1"	[2, 12]
"4.4.78452222081129.2"	[-20678252, 1094305, -16053, -1, 1]	78452222081129	2976.12598843	"4T1"	[2, 12]
"4.4.78452222081129.4"	[-1842292, 623406, -16053, -1, 1]	78452222081129	2976.12598843	"4T1"	[2, 12]
"4.4.78452222081129.5"	[5349620, -275583, -16053, -1, 1]	78452222081129	2976.12598843	"4T1"	[2, 60]
"4.4.78848732083841.1"	[-17517056, 1031824, -16080, -1, 1]	78848732083841	2979.87933562	"4T1"	[12]
"4.4.78848732083841.2"	[1007536, 517252, -16080, -1, 1]	78848732083841	2979.87933562	"4T1"	[12]
"4.4.78860181562541.1"	[12509875, 1109975, -44705, -1, 1]	78860181562541	2979.98750542	"4T1"	[2, 4]
"4.4.78860181562541.2"	[485559019, 44549, -44705, -1, 1]	78860181562541	2979.98750542	"4T1"	[2, 20]
"4.4.78880727618213.1"	[46831541, 1044910, -39104, -1, 1]	78880727618213	2980.18158628	"4T1"	[4]
"4.4.78880727618213.2"	[156409409, -812342, -39104, -1, 1]	78880727618213	2980.18158628	"4T1"	[4]
"4.4.79256783461697.1"	[-3811328, 1104896, -28424, -1, 1]	79256783461697	2983.72718196	"4T1"	[2, 2, 8]
"4.4.79256783461697.2"	[109288448, -662288, -28424, -1, 1]	79256783461697	2983.72718196	"4T1"	[2, 2, 8]
"4.4.81030965587417.1"	[-1783828, -624754, -16227, -1, 1]	81030965587417	3000.28667731	"4T1"	[2]
"4.4.81030965587417.2"	[7303502, 24341, -16227, -1, 1]	81030965587417	3000.28667731	"4T1"	[2]
"4.4.82250446539169.1"	[-15618157, 1002965, -16308, -1, 1]	82250446539169	3011.51177851	"4T1"	[2, 2]
"4.4.82250446539169.2"	[7213568, 89696, -16308, -1, 1]	82250446539169	3011.51177851	"4T1"	[2, 2]
"4.4.82614109473377.1"	[-6701888, 786676, -16332, -1, 1]	82614109473377	3014.83505544	"4T1"	[4]
"4.4.82614109473377.2"	[7235072, -84384, -16332, -1, 1]	82614109473377	3014.83505544	"4T1"	[20]
"4.4.83207345314393.1"	[-5925244, 766726, -16371, -1, 1]	83207345314393	3020.23277805	"4T1"	[2, 18]
"4.4.83207345314393.2"	[623306, 548441, -16371, -1, 1]	83207345314393	3020.23277805	"4T1"	[2, 18]
"4.4.84647706783581.1"	[-6276539, 1155359, -31895, -1, 1]	84647706783581	3033.21922014	"4T1"	[4]
"4.4.84647706783581.2"	[209493637, -343045, -31895, -1, 1]	84647706783581	3033.21922014	"4T1"	[4]
"4.4.84855788437597.1"	[23104721, -1069555, -35067, -1, 1]	84855788437597	3035.08157504	"4T1"	[2, 4]
"4.4.84855788437597.2"	[215260577, 586961, -35067, -1, 1]	84855788437597	3035.08157504	"4T1"	[2, 4]
"4.4.85143350467657.1"	[-18847048, -1075079, -16497, -1, 1]	85143350467657	3037.64965934	"4T1"	[2, 4]
"4.4.85143350467657.2"	[-10928308, 904606, -16497, -1, 1]	85143350467657	3037.64965934	"4T1"	[2, 4]
"4.4.85143350467657.3"	[1741676, -503170, -16497, -1, 1]	85143350467657	3037.64965934	"4T1"	[2, 4]
"4.4.85143350467657.4"	[7020836, 156725, -16497, -1, 1]	85143350467657	3037.64965934	"4T1"	[2, 4]
"4.4.85478577492181.1"	[250455491, 656114, -39030, -1, 1]	85478577492181	3040.63521905	"4T1"	[4]
"4.4.85478577492181.2"	[340273805, -269848, -39030, -1, 1]	85478577492181	3040.63521905	"4T1"	[4]
"4.4.86113297755377.1"	[12974077, -1103369, -37284, -1, 1]	86113297755377	3046.26412028	"4T1"	[2, 4]
"4.4.86113297755377.2"	[257830013, -514773, -37284, -1, 1]	86113297755377	3046.26412028	"4T1"	[2, 4]
"4.4.86672377751581.1"	[175362849, 962229, -46135, -1, 1]	86672377751581	3051.19650169	"4T1"	[4]
"4.4.86672377751581.2"	[500816625, 229225, -46135, -1, 1]	86672377751581	3051.19650169	"4T1"	[4]
"4.4.86967747672625.1"	[-15769984, 1021784, -16614, -1, 1]	86967747672625	3053.79272162	"4T1"	[2, 2]
"4.4.87109155423289.1"	[-21149262, -1127619, -16623, -1, 1]	87109155423289	3055.03331631	"4T1"	[4]
"4.4.87109155423289.2"	[-12815410, -950303, -16623, -1, 1]	87109155423289	3055.03331631	"4T1"	[4]
"4.4.88455197795389.1"	[11621675, -1130875, -45579, -1, 1]	88455197795389	3066.76741038	"4T1"	[2, 4]
"4.4.88455197795389.2"	[120201875, 1040729, -45579, -1, 1]	88455197795389	3066.76741038	"4T1"	[2, 4]
"4.4.88588615018496.1"	[8898650, 0, -37468, 0, 1]	88588615018496	3067.92316035	"4T1"	[4, 20]
"4.4.88588615018496.2"	[128496506, 0, -37468, 0, 1]	88588615018496	3067.92316035	"4T1"	[4, 4]
"4.4.88588615018496.3"	[222466250, 0, -37468, 0, 1]	88588615018496	3067.92316035	"4T1"	[4, 4]
"4.4.88588615018496.4"	[342064106, 0, -37468, 0, 1]	88588615018496	3067.92316035	"4T1"	[4, 4]
"4.4.90737619388416.5"	[2759510754, 0, -204204, 0, 1]	90737619388416	3086.36187215	"4T1"	[2, 2, 2, 4, 4, 4]
"4.4.90737619388416.6"	[7665307650, 0, -204204, 0, 1]	90737619388416	3086.36187215	"4T1"	[2, 2, 2, 2, 2, 4]
"4.4.90936804705209.1"	[-16935220, 1059582, -16863, -1, 1]	90936804705209	3088.05425882	"4T1"	[4]
"4.4.90936804705209.2"	[7887668, -19674, -16863, -1, 1]	90936804705209	3088.05425882	"4T1"	[4]
"4.4.91069864525153.1"	[154089472, -1004224, -50500, -1, 1]	91069864525153	3089.183259	"4T1"	[2, 2, 4]
"4.4.91069864525153.2"	[354761599, 803633, -50500, -1, 1]	91069864525153	3089.183259	"4T1"	[2, 2, 2]
"4.4.91813200257897.1"	[6584912, 250941, -16917, -1, 1]	91813200257897	3095.46773348	"4T1"	[2]
"4.4.91813200257897.2"	[7848076, -64850, -16917, -1, 1]	91813200257897	3095.46773348	"4T1"	[10]
"4.4.93039731479297.1"	[-11962809, 954405, -16992, -1, 1]	93039731479297	3105.75442079	"4T1"	[36]
"4.4.93039731479297.2"	[-8337769, -858115, -16992, -1, 1]	93039731479297	3105.75442079	"4T1"	[36]
"4.4.93737210112000.1"	[12669930, 0, -92820, 0, 1]	93737210112000	3111.55875342	"4T1"	[2, 2, 2, 4, 4]
"4.4.93737210112000.2"	[620826570, 0, -92820, 0, 1]	93737210112000	3111.55875342	"4T1"	[2, 2, 2, 4, 4]
"4.4.93737210112000.3"	[1533061530, 0, -92820, 0, 1]	93737210112000	3111.55875342	"4T1"	[2, 2, 2, 4, 4]
"4.4.93737210112000.4"	[2141218170, 0, -92820, 0, 1]	93737210112000	3111.55875342	"4T1"	[2, 2, 2, 4, 20]
"4.4.94036117032000.9"	[19253520, 0, -72930, 0, 1]	94036117032000	3114.03630834	"4T1"	[2, 2, 2, 2, 4, 4]
"4.4.94036117032000.10"	[173281680, 0, -72930, 0, 1]	94036117032000	3114.03630834	"4T1"	[2, 2, 2, 2, 4, 4]
"4.4.94036117032000.11"	[693126720, 0, -72930, 0, 1]	94036117032000	3114.03630834	"4T1"	[2, 2, 2, 2, 4, 4]
"4.4.94036117032000.12"	[1232225280, 0, -72930, 0, 1]	94036117032000	3114.03630834	"4T1"	[2, 2, 2, 2, 4, 4]
"4.4.94678272960512.1"	[2074442, 0, -14356, 0, 1]	94678272960512	3119.3390484	"4T1"	[2, 4]
"4.4.94678272960512.2"	[13272122, 0, -14356, 0, 1]	94678272960512	3119.3390484	"4T1"	[2, 4]
"4.4.94678272960512.3"	[38251562, 0, -14356, 0, 1]	94678272960512	3119.3390484	"4T1"	[2, 4]
"4.4.94678272960512.4"	[49449242, 0, -14356, 0, 1]	94678272960512	3119.3390484	"4T1"	[2, 4]
"4.4.95303635938441.1"	[137377494, -755751, -32255, -1, 1]	95303635938441	3124.47725446	"4T1"	[2, 2, 4, 8]
"4.4.96633070930369.1"	[-16049857, -1052579, -17208, -1, 1]	96633070930369	3135.31691394	"4T1"	[2, 2]
"4.4.96633070930369.2"	[1617408, 553536, -17208, -1, 1]	96633070930369	3135.31691394	"4T1"	[2, 2]
"4.4.97342348138001.1"	[-20485000, 1152900, -17250, -1, 1]	97342348138001	3141.05437506	"4T1"	[2]
"4.4.97342348138001.2"	[-13998859, 1014897, -17250, -1, 1]	97342348138001	3141.05437506	"4T1"	[2]
"4.4.97632690563741.1"	[16386425, 1235025, -49707, -1, 1]	97632690563741	3143.39396075	"4T1"	[2, 4]
"4.4.97632690563741.2"	[602010581, 49551, -49707, -1, 1]	97632690563741	3143.39396075	"4T1"	[2, 4]
"4.4.98412758244809.1"	[-11076412, 949350, -17313, -1, 1]	98412758244809	3149.654024	"4T1"	[4]
"4.4.98412758244809.2"	[7391188, 210646, -17313, -1, 1]	98412758244809	3149.654024	"4T1"	[4]
"4.4.98720024500313.1"	[-15053924, -1036994, -17331, -1, 1]	98720024500313	3152.10962875	"4T1"	[20]
"4.4.98720024500313.2"	[-5810524, 811686, -17331, -1, 1]	98720024500313	3152.10962875	"4T1"	[4]
"4.4.99332290507141.1"	[13512375, -1198400, -48280, -1, 1]	99332290507141	3156.98568401	"4T1"	[2, 4]
"4.4.99332290507141.2"	[135478731, 1102852, -48280, -1, 1]	99332290507141	3156.98568401	"4T1"	[2, 4]
"4.4.99506520983552.1"	[9990962, 0, -14596, 0, 1]	99506520983552	3158.36912562	"4T1"	[4, 20]
"4.4.99506520983552.2"	[20500082, 0, -14596, 0, 1]	99506520983552	3158.36912562	"4T1"	[4, 4]
"4.4.99506520983552.3"	[32760722, 0, -14596, 0, 1]	99506520983552	3158.36912562	"4T1"	[4, 4]
"4.4.99506520983552.4"	[43269842, 0, -14596, 0, 1]	99506520983552	3158.36912562	"4T1"	[4, 4]
"4.4.99765370684697.1"	[127653496, 1095625, -46017, -1, 1]	99765370684697	3160.42111827	"4T1"	[2, 4, 12]
"4.4.99765370684697.2"	[462127232, -364959, -46017, -1, 1]	99765370684697	3160.42111827	"4T1"	[4, 4, 12]
"4.4.99921467086733.1"	[-7778879, 1272355, -47469, -1, 1]	99921467086733	3161.65662005	"4T1"	[4]
"4.4.99921467086733.2"	[276435389, 895413, -47469, -1, 1]	99921467086733	3161.65662005	"4T1"	[4]
"4.4.100628976327697.1"	[-8340544, -880840, -17442, -1, 1]	100628976327697	3167.23846906	"4T1"	[4]
"4.4.100628976327697.2"	[6171512, -322684, -17442, -1, 1]	100628976327697	3167.23846906	"4T1"	[4]
"4.4.100784825776153.1"	[-17240686, -1090711, -17451, -1, 1]	100784825776153	3168.46407515	"4T1"	[8]
"4.4.100784825776153.2"	[-7467916, -858026, -17451, -1, 1]	100784825776153	3168.46407515	"4T1"	[40]
"4.4.100860476690293.1"	[139413791, -913624, -37146, -1, 1]	100860476690293	3169.05848448	"4T1"	[2, 4]
"4.4.100860476690293.2"	[297923859, -328716, -37146, -1, 1]	100860476690293	3169.05848448	"4T1"	[2, 4]
"4.4.100940836056481.1"	[-2008125, 701325, -17460, -1, 1]	100940836056481	3169.68952324	"4T1"	[2]
"4.4.100940836056481.2"	[3812000, -462700, -17460, -1, 1]	100940836056481	3169.68952324	"4T1"	[2]
"4.4.101113335910001.1"	[1888133920, -176716, -88484, -1, 1]	101113335910001	3171.04284305	"4T1"	[2, 2]
"4.4.101566487155393.1"	[-20657569, 1169341, -17496, -1, 1]	101566487155393	3174.58973755	"4T1"	[2, 260]
"4.4.101566487155393.2"	[-10159744, -930224, -17496, -1, 1]	101566487155393	3174.58973755	"4T1"	[2, 52]
"4.4.101566487155393.3"	[4723839, 422829, -17496, -1, 1]	101566487155393	3174.58973755	"4T1"	[2, 52]
"4.4.101566487155393.4"	[8503056, 2916, -17496, -1, 1]	101566487155393	3174.58973755	"4T1"	[2, 52]
"4.4.102121242661021.1"	[300105717, 717127, -42619, -1, 1]	102121242661021	3178.91578402	"4T1"	[20]
"4.4.102121242661021.2"	[407388105, -294971, -42619, -1, 1]	102121242661021	3178.91578402	"4T1"	[4]
"4.4.102394882990400.13"	[3275772500, 0, -170170, 0, 1]	102394882990400	3181.04317401	"4T1"	[2, 2, 2, 2, 2, 4]
"4.4.102394882990400.14"	[6420514100, 0, -170170, 0, 1]	102394882990400	3181.04317401	"4T1"	[2, 2, 2, 2, 4, 4]
"4.4.102608095295449.1"	[101763900, 903270, -30979, -1, 1]	102608095295449	3182.69781869	"4T1"	[2, 4]
"4.4.102608095295449.2"	[212510740, -59746, -30979, -1, 1]	102608095295449	3182.69781869	"4T1"	[2, 100]
"4.4.105374758398337.1"	[-25718553, -1272339, -17712, -1, 1]	105374758398337	3203.93832897	"4T1"	[8]
"4.4.105374758398337.2"	[5691392, 380816, -17712, -1, 1]	105374758398337	3203.93832897	"4T1"	[712]
"4.4.107086099547741.1"	[269250647, 790485, -42075, -1, 1]	107086099547741	3216.86825572	"4T1"	[4]
"4.4.107086099547741.2"	[419646415, 125017, -42075, -1, 1]	107086099547741	3216.86825572	"4T1"	[4]
"4.4.107304564480781.1"	[218057751, 1070631, -51297, -1, 1]	107304564480781	3218.50767462	"4T1"	[4]
"4.4.107304564480781.2"	[620962175, 255035, -51297, -1, 1]	107304564480781	3218.50767462	"4T1"	[52]
"4.4.107380678373225.2"	[1556136784, -159907, -80117, -1, 1]	107380678373225	3219.07826547	"4T1"	[2, 2, 2, 4]
"4.4.107769845424389.1"	[18512275, 1297550, -52208, -1, 1]	107769845424389	3221.99094078	"4T1"	[2, 2, 4]
"4.4.107769845424389.2"	[664925737, 52052, -52208, -1, 1]	107769845424389	3221.99094078	"4T1"	[2, 2, 4]
"4.4.108177800191537.1"	[183701312, -1094504, -55014, -1, 1]	108177800191537	3225.03577395	"4T1"	[2, 2]
"4.4.108177800191537.2"	[422114993, 875857, -55014, -1, 1]	108177800191537	3225.03577395	"4T1"	[2, 2]
"4.4.108735643091153.1"	[47062496, -1065636, -29136, -1, 1]	108735643091153	3229.18541176	"4T1"	[2, 4]
"4.4.108735643091153.2"	[178145968, -167804, -29136, -1, 1]	108735643091153	3229.18541176	"4T1"	[2, 20]
"4.4.109587338582677.1"	[43796409, 1191166, -34762, -1, 1]	109587338582677	3235.49024652	"4T1"	[2, 4]
"4.4.109587338582677.2"	[255281823, 374620, -34762, -1, 1]	109587338582677	3235.49024652	"4T1"	[2, 4]
"4.4.110046850210961.1"	[-6556379, -859583, -17970, -1, 1]	110046850210961	3238.87661699	"4T1"	[2]
"4.4.110046850210961.2"	[3171584, -524136, -17970, -1, 1]	110046850210961	3238.87661699	"4T1"	[10]
"4.4.110455247648225.1"	[85045219, -39997, -22562, -1, 1]	110455247648225	3241.87741177	"4T1"	[2, 2, 24]
"4.4.112208535438677.1"	[-8195203, 1348306, -50282, -1, 1]	112208535438677	3254.66634785	"4T1"	[4]
"4.4.112208535438677.2"	[310962151, 948860, -50282, -1, 1]	112208535438677	3254.66634785	"4T1"	[68]
"4.4.113106045269881.1"	[-27437500, 1332950, -18135, -1, 1]	113106045269881	3261.15510103	"4T1"	[5, 20]
"4.4.113106045269881.2"	[-9253764, 946062, -18135, -1, 1]	113106045269881	3261.15510103	"4T1"	[20]
"4.4.115423054906769.1"	[-26234432, -1311560, -18258, -1, 1]	115423054906769	3277.72973626	"4T1"	[2]
"4.4.115423054906769.2"	[9065093, -94335, -18258, -1, 1]	115423054906769	3277.72973626	"4T1"	[10]
"4.4.117138327669089.1"	[-26317877, 1324141, -18348, -1, 1]	117138327669089	3289.83983445	"4T1"	[4]
"4.4.117138327669089.2"	[8911003, 149845, -18348, -1, 1]	117138327669089	3289.83983445	"4T1"	[4]
"4.4.118445945314549.1"	[241147377, 1124832, -53878, -1, 1]	118445945314549	3298.98278738	"4T1"	[4]
"4.4.118445945314549.2"	[685874325, 267940, -53878, -1, 1]	118445945314549	3298.98278738	"4T1"	[4]
"4.4.118611320645632.1"	[1307722, 0, -15476, 0, 1]	118611320645632	3300.13370257	"4T1"	[2, 4]
"4.4.118611320645632.2"	[25140762, 0, -15476, 0, 1]	118611320645632	3300.13370257	"4T1"	[2, 52]
"4.4.118611320645632.3"	[34735882, 0, -15476, 0, 1]	118611320645632	3300.13370257	"4T1"	[2, 4]
"4.4.118611320645632.4"	[58568922, 0, -15476, 0, 1]	118611320645632	3300.13370257	"4T1"	[2, 4]
"4.4.122031316628801.1"	[-21390625, 1243125, -18600, -1, 1]	122031316628801	3323.66944256	"4T1"	[2, 2, 8]
"4.4.122031316628801.2"	[-16628929, -1137723, -18600, -1, 1]	122031316628801	3323.66944256	"4T1"	[2, 2, 8]
"4.4.122978144228341.1"	[17698925, -1333450, -53682, -1, 1]	122978144228341	3330.09776558	"4T1"	[2, 4]
"4.4.122978144228341.2"	[168771257, 1227098, -53682, -1, 1]	122978144228341	3330.09776558	"4T1"	[2, 4]
"4.4.123275491823609.1"	[-22687082, -1265999, -18663, -1, 1]	123275491823609	3332.10889531	"4T1"	[4]
"4.4.123275491823609.2"	[8667388, -220850, -18663, -1, 1]	123275491823609	3332.10889531	"4T1"	[4]
"4.4.124302314549117.1"	[76409267, 1311643, -48983, -1, 1]	124302314549117	3339.02602357	"4T1"	[4]
"4.4.124302314549117.2"	[248936123, -1019801, -48983, -1, 1]	124302314549117	3339.02602357	"4T1"	[68]
"4.4.126030317921353.1"	[-28097284, -1375634, -18801, -1, 1]	126030317921353	3350.57048078	"4T1"	[10]
"4.4.126030317921353.2"	[6998616, 379161, -18801, -1, 1]	126030317921353	3350.57048078	"4T1"	[2]
"4.4.126876815588249.1"	[-9244442, -976715, -18843, -1, 1]	126876815588249	3356.18249193	"4T1"	[8]
"4.4.126876815588249.2"	[8342708, 279510, -18843, -1, 1]	126876815588249	3356.18249193	"4T1"	[8]
"4.4.127240757548073.1"	[-25439476, 1336014, -18861, -1, 1]	127240757548073	3358.58668204	"4T1"	[2, 12]
"4.4.127240757548073.3"	[-5521864, 883341, -18861, -1, 1]	127240757548073	3358.58668204	"4T1"	[2, 12]
"4.4.127240757548073.4"	[714964, -675866, -18861, -1, 1]	127240757548073	3358.58668204	"4T1"	[2, 12]
"4.4.127240757548073.5"	[9768424, 78589, -18861, -1, 1]	127240757548073	3358.58668204	"4T1"	[2, 12]
"4.4.127935745754981.1"	[322704751, 863996, -45944, -1, 1]	127935745754981	3363.16346306	"4T1"	[4]
"4.4.127935745754981.2"	[502365635, 136624, -45944, -1, 1]	127935745754981	3363.16346306	"4T1"	[4]
"4.4.128823983785984.2"	[5798466, 0, -15908, 0, 1]	128823983785984	3368.98580656	"4T1"	[4, 12]
"4.4.128823983785984.3"	[16106850, 0, -15908, 0, 1]	128823983785984	3368.98580656	"4T1"	[4, 12]
"4.4.128823983785984.4"	[47159266, 0, -15908, 0, 1]	128823983785984	3368.98580656	"4T1"	[4, 12]
"4.4.128823983785984.5"	[57467650, 0, -15908, 0, 1]	128823983785984	3368.98580656	"4T1"	[4, 12]
"4.4.129815449708544.1"	[13039850, 0, -45356, 0, 1]	129815449708544	3375.4493495	"4T1"	[4, 4]
"4.4.129815449708544.2"	[188295434, 0, -45356, 0, 1]	129815449708544	3375.4493495	"4T1"	[4, 4]
"4.4.129815449708544.3"	[325996250, 0, -45356, 0, 1]	129815449708544	3375.4493495	"4T1"	[4, 4]
"4.4.129815449708544.4"	[501251834, 0, -45356, 0, 1]	129815449708544	3375.4493495	"4T1"	[4, 20]
"4.4.130239035232769.1"	[-29703952, -1416124, -19008, -1, 1]	130239035232769	3378.19949459	"4T1"	[2]
"4.4.130239035232769.2"	[-26916057, -1365435, -19008, -1, 1]	130239035232769	3378.19949459	"4T1"	[2]
"4.4.130576853510381.1"	[-4628125, -1394175, -40485, -1, 1]	130576853510381	3380.38798815	"4T1"	[2, 4]
"4.4.130576853510381.2"	[150917971, -1075433, -40485, -1, 1]	130576853510381	3380.38798815	"4T1"	[2, 4]
"4.4.130609375665553.1"	[-24242971, -1315991, -19026, -1, 1]	130609375665553	3380.59845278	"4T1"	[12]
"4.4.130609375665553.2"	[110789, 713489, -19026, -1, 1]	130609375665553	3380.59845278	"4T1"	[12]
"4.4.131065450227712.1"	[2620618, 0, -68068, 0, 1]	131065450227712	3383.54577207	"4T1"	[2, 2, 4, 4]
"4.4.131065450227712.2"	[212270058, 0, -68068, 0, 1]	131065450227712	3383.54577207	"4T1"	[2, 2, 4, 4]
"4.4.131065450227712.3"	[946043098, 0, -68068, 0, 1]	131065450227712	3383.54577207	"4T1"	[2, 2, 4, 4]
"4.4.131065450227712.4"	[1155692538, 0, -68068, 0, 1]	131065450227712	3383.54577207	"4T1"	[2, 2, 4, 4]
"4.4.131724607947841.1"	[-29778304, -1421488, -19080, -1, 1]	131724607947841	3387.79192613	"4T1"	[4, 4]
"4.4.131724607947841.2"	[-19195056, 1224324, -19080, -1, 1]	131724607947841	3387.79192613	"4T1"	[4, 4]
"4.4.131724607947841.3"	[-10240000, 1020800, -19080, -1, 1]	131724607947841	3387.79192613	"4T1"	[4, 4]
"4.4.131724607947841.4"	[6856016, -403868, -19080, -1, 1]	131724607947841	3387.79192613	"4T1"	[4, 4]
"4.4.133437675571200.5"	[130310230050, 0, -1021020, 0, 1]	133437675571200	3398.75310248	"4T1"	[2, 2, 2, 2, 2, 2]
"4.4.135258496866368.1"	[821312, 0, -25666, 0, 1]	135258496866368	3410.28864654	"4T1"	[2, 2, 4]
"4.4.135258496866368.2"	[160977152, 0, -25666, 0, 1]	135258496866368	3410.28864654	"4T1"	[2, 2, 4]
"4.4.135398192384000.1"	[108290, 0, -30940, 0, 1]	135398192384000	3411.16884565	"4T1"	[4, 4, 4]
"4.4.135398192384000.2"	[39092690, 0, -30940, 0, 1]	135398192384000	3411.16884565	"4T1"	[4, 4, 4]
"4.4.135398192384000.3"	[57285410, 0, -30940, 0, 1]	135398192384000	3411.16884565	"4T1"	[4, 4, 4]
"4.4.135398192384000.4"	[91071890, 0, -30940, 0, 1]	135398192384000	3411.16884565	"4T1"	[4, 4, 4]
"4.4.135398192384000.5"	[148249010, 0, -30940, 0, 1]	135398192384000	3411.16884565	"4T1"	[4, 4, 4]
"4.4.135398192384000.6"	[182035490, 0, -30940, 0, 1]	135398192384000	3411.16884565	"4T1"	[4, 4, 4]
"4.4.135398192384000.7"	[200228210, 0, -30940, 0, 1]	135398192384000	3411.16884565	"4T1"	[4, 4, 4]
"4.4.135398192384000.8"	[239212610, 0, -30940, 0, 1]	135398192384000	3411.16884565	"4T1"	[4, 4, 20]
"4.4.135746905237789.1"	[19994775, -1400975, -56383, -1, 1]	135746905237789	3413.36306127	"4T1"	[2, 4]
"4.4.135746905237789.2"	[186786927, 1289221, -56383, -1, 1]	135746905237789	3413.36306127	"4T1"	[2, 4]
"4.4.136481356173241.1"	[53429556, -1353551, -48805, -1, 1]	136481356173241	3417.97067515	"4T1"	[2, 4]
"4.4.136481356173241.2"	[565544812, 193625, -48805, -1, 1]	136481356173241	3417.97067515	"4T1"	[2, 4]
"4.4.137715851167721.1"	[-15726500, 1165150, -19365, -1, 1]	137715851167721	3425.67361478	"4T1"	[12]
"4.4.137715851167721.2"	[-440764, 752022, -19365, -1, 1]	137715851167721	3425.67361478	"4T1"	[12]
"4.4.138919553595077.1"	[-9010973, 1500208, -55908, -1, 1]	138919553595077	3433.13471062	"4T1"	[4]
"4.4.138919553595077.2"	[386108633, 1055754, -55908, -1, 1]	138919553595077	3433.13471062	"4T1"	[4]
"4.4.140616112156001.1"	[-27346229, 1407277, -19500, -1, 1]	140616112156001	3443.56885735	"4T1"	[2]
"4.4.140616112156001.2"	[-6285824, -932768, -19500, -1, 1]	140616112156001	3443.56885735	"4T1"	[2]
"4.4.142990030081088.2"	[163987712, 0, -26146, 0, 1]	142990030081088	3458.01154894	"4T1"	[4, 4, 4]
"4.4.148818018790657.1"	[-8161129, -1003555, -19872, -1, 1]	148818018790657	3492.72087312	"4T1"	[2]
"4.4.148818018790657.2"	[-2596864, 851200, -19872, -1, 1]	148818018790657	3492.72087312	"4T1"	[2]
"4.4.149155264186937.1"	[-13528594, -1136895, -19887, -1, 1]	149155264186937	3494.69795958	"4T1"	[2]
"4.4.149155264186937.2"	[-3452324, -871730, -19887, -1, 1]	149155264186937	3494.69795958	"4T1"	[2]
"4.4.150307158441536.2"	[1622147600, 0, -111106, 0, 1]	150307158441536	3501.42570846	"4T1"	[2, 2, 6]
"4.4.153343503399533.1"	[-9410419, 1576159, -58721, -1, 1]	153343503399533	3518.97632757	"4T1"	[4]
"4.4.153343503399533.2"	[426728353, 1109201, -58721, -1, 1]	153343503399533	3518.97632757	"4T1"	[4]
"4.4.153774000414029.1"	[-6395977, 1557105, -42753, -1, 1]	153774000414029	3521.44352787	"4T1"	[4]
"4.4.153774000414029.2"	[385404095, -462483, -42753, -1, 1]	153774000414029	3521.44352787	"4T1"	[4]
"4.4.159511091467337.1"	[-32562044, 1549030, -20337, -1, 1]	159511091467337	3553.83877632	"4T1"	[4]
"4.4.159511091467337.2"	[-9133388, -1054154, -20337, -1, 1]	159511091467337	3553.83877632	"4T1"	[4]
"4.4.160296779664173.1"	[100112281, 1489465, -55569, -1, 1]	160296779664173	3558.20691529	"4T1"	[164]
"4.4.160296779664173.2"	[322508329, -1158107, -55569, -1, 1]	160296779664173	3558.20691529	"4T1"	[4]
"4.4.160925326257589.1"	[475973895, 900166, -53386, -1, 1]	160925326257589	3561.68985757	"4T1"	[4]
"4.4.160925326257589.2"	[644951193, -370340, -53386, -1, 1]	160925326257589	3561.68985757	"4T1"	[4]
"4.4.162494245502009.1"	[-23851982, -1388099, -20463, -1, 1]	162494245502009	3570.3393497	"4T1"	[38]
"4.4.162494245502009.2"	[-18504220, 1285782, -20463, -1, 1]	162494245502009	3570.3393497	"4T1"	[38]
"4.4.163265715734773.1"	[49395233, -1483684, -48426, -1, 1]	163265715734773	3574.56953053	"4T1"	[2, 20]
"4.4.163265715734773.2"	[419332661, 814064, -48426, -1, 1]	163265715734773	3574.56953053	"4T1"	[2, 4]
"4.4.164503536215257.1"	[-11299558, 1126681, -20547, -1, 1]	164503536215257	3581.32561961	"4T1"	[2, 2]
"4.4.164503536215257.2"	[9412196, -352730, -20547, -1, 1]	164503536215257	3581.32561961	"4T1"	[2, 2]
"4.4.164936242345321.1"	[-13602496, 1182509, -20565, -1, 1]	164936242345321	3583.67835827	"4T1"	[2, 2]
"4.4.164936242345321.2"	[217436, 798622, -20565, -1, 1]	164936242345321	3583.67835827	"4T1"	[2, 2]
"4.4.165803929634953.1"	[4523504, 635209, -20601, -1, 1]	165803929634953	3588.38229188	"4T1"	[52]
"4.4.165803929634953.2"	[7819724, -463531, -20601, -1, 1]	165803929634953	3588.38229188	"4T1"	[4]
"4.4.166021325905681.1"	[-34422976, 1597304, -20610, -1, 1]	166021325905681	3589.55795409	"4T1"	[2, 4]
"4.4.166021325905681.2"	[-17275144, -1260668, -20610, -1, 1]	166021325905681	3589.55795409	"4T1"	[2, 4]
"4.4.166021325905681.3"	[-14801899, 1212577, -20610, -1, 1]	166021325905681	3589.55795409	"4T1"	[2, 4]
"4.4.166021325905681.4"	[6303125, -546175, -20610, -1, 1]	166021325905681	3589.55795409	"4T1"	[2, 52]
"4.4.171666400385033.1"	[-33077216, -1580471, -20841, -1, 1]	171666400385033	3619.68955984	"4T1"	[2]
"4.4.171666400385033.2"	[-3065636, 920494, -20841, -1, 1]	171666400385033	3619.68955984	"4T1"	[2]
"4.4.175926646987937.1"	[1281536, -780960, -21012, -1, 1]	175926646987937	3641.94100414	"4T1"	[12]
"4.4.175926646987937.2"	[10246816, 339700, -21012, -1, 1]	175926646987937	3641.94100414	"4T1"	[12]
"4.4.176692661354897.1"	[32047769, -1580609, -53192, -1, 1]	176692661354897	3645.89895413	"4T1"	[2, 4]
"4.4.176692661354897.2"	[534549673, -737485, -53192, -1, 1]	176692661354897	3645.89895413	"4T1"	[2, 4]
"4.4.177009161472000.1"	[368223570, 0, -145860, 0, 1]	177009161472000	3647.53053454	"4T1"	[2, 2, 2, 4, 4]
"4.4.177009161472000.2"	[2004772770, 0, -145860, 0, 1]	177009161472000	3647.53053454	"4T1"	[2, 4, 4, 4, 4]
"4.4.177009161472000.3"	[3314012130, 0, -145860, 0, 1]	177009161472000	3647.53053454	"4T1"	[2, 2, 2, 4, 4]
"4.4.177009161472000.4"	[4950561330, 0, -145860, 0, 1]	177009161472000	3647.53053454	"4T1"	[2, 2, 2, 4, 20]
"4.4.177059360293577.1"	[-33293684, 1603870, -21057, -1, 1]	177059360293577	3647.78911193	"4T1"	[4]
"4.4.177059360293577.2"	[-11281708, 1154646, -21057, -1, 1]	177059360293577	3647.78911193	"4T1"	[4]
"4.4.180008034370037.1"	[113159147, 1578376, -58862, -1, 1]	180008034370037	3662.88237389	"4T1"	[4]
"4.4.180008034370037.2"	[362860751, -1227260, -58862, -1, 1]	180008034370037	3662.88237389	"4T1"	[4]
"4.4.180078902045873.1"	[263426848, 1416256, -59406, -1, 1]	180078902045873	3663.24283231	"4T1"	[2, 2]
"4.4.180078902045873.2"	[715856101, 708229, -59406, -1, 1]	180078902045873	3663.24283231	"4T1"	[2, 2]
"4.4.180792853798729.1"	[72615998, -1557895, -56103, -1, 1]	180792853798729	3666.86832532	"4T1"	[2, 4]
"4.4.180792853798729.2"	[751067270, 222817, -56103, -1, 1]	180792853798729	3666.86832532	"4T1"	[2, 4]
"4.4.180837309802496.1"	[5566250, 0, -17812, 0, 1]	180837309802496	3667.0937204	"4T1"	[2, 4, 4]
"4.4.180837309802496.2"	[14970986, 0, -17812, 0, 1]	180837309802496	3667.0937204	"4T1"	[2, 4, 20]
"4.4.180837309802496.3"	[64345850, 0, -17812, 0, 1]	180837309802496	3667.0937204	"4T1"	[2, 2, 8, 8]
"4.4.180837309802496.4"	[73750586, 0, -17812, 0, 1]	180837309802496	3667.0937204	"4T1"	[2, 2, 2, 8]
"4.4.185944383747593.1"	[86256316, -1393690, -37769, -1, 1]	185944383747593	3692.71479454	"4T1"	[2, 4]
"4.4.185944383747593.2"	[310507124, -219602, -37769, -1, 1]	185944383747593	3692.71479454	"4T1"	[2, 20]
"4.4.188891976641633.1"	[-38779904, 1724896, -21516, -1, 1]	188891976641633	3707.26283824	"4T1"	[2, 6]
"4.4.188891976641633.2"	[11424971, -283299, -21516, -1, 1]	188891976641633	3707.26283824	"4T1"	[2, 6]
"4.4.192309854616361.1"	[11267996, -313858, -21645, -1, 1]	192309854616361	3723.92036281	"4T1"	[2, 2]
"4.4.192309854616361.2"	[12884184, 90189, -21645, -1, 1]	192309854616361	3723.92036281	"4T1"	[2, 10]
"4.4.192743309158400.15"	[1113762650, 0, -340340, 0, 1]	192743309158400	3726.0169632	"4T1"	[2, 2, 2, 2, 2, 4]
"4.4.192743309158400.16"	[27844066250, 0, -340340, 0, 1]	192743309158400	3726.0169632	"4T1"	[2, 2, 2, 2, 2, 4]
"4.4.193993930486369.1"	[-35594725, -1675163, -21708, -1, 1]	193993930486369	3732.04640816	"4T1"	[2, 2, 4]
"4.4.193993930486369.2"	[-29111157, 1566621, -21708, -1, 1]	193993930486369	3732.04640816	"4T1"	[2, 2, 4]
"4.4.193993930486369.3"	[-5666112, -1038384, -21708, -1, 1]	193993930486369	3732.04640816	"4T1"	[2, 2, 4]
"4.4.193993930486369.4"	[12858368, -112160, -21708, -1, 1]	193993930486369	3732.04640816	"4T1"	[2, 2, 4]
"4.4.194059335484237.1"	[273819989, -1267399, -51297, -1, 1]	194059335484237	3732.36093299	"4T1"	[2, 4]
"4.4.194059335484237.2"	[578877813, -456075, -51297, -1, 1]	194059335484237	3732.36093299	"4T1"	[2, 4]
"4.4.194718676594681.1"	[-30710500, 1597550, -21735, -1, 1]	194718676594681	3735.52719363	"4T1"	[6]
"4.4.194718676594681.2"	[12760250, 148525, -21735, -1, 1]	194718676594681	3735.52719363	"4T1"	[6]
"4.4.195053524098493.1"	[60313989, -1621727, -52879, -1, 1]	195053524098493	3737.13210663	"4T1"	[2, 4]
"4.4.195053524098493.2"	[502336581, 889765, -52879, -1, 1]	195053524098493	3737.13210663	"4T1"	[2, 20]
"4.4.199080212434693.1"	[85487591, 1605356, -46596, -1, 1]	199080212434693	3756.27192141	"4T1"	[2, 4]
"4.4.199080212434693.2"	[469583729, 504794, -46596, -1, 1]	199080212434693	3756.27192141	"4T1"	[2, 4]
"4.4.200828550012481.1"	[-17583169, -1343243, -21960, -1, 1]	200828550012481	3764.49186663	"4T1"	[2]
"4.4.200828550012481.2"	[12458624, 237904, -21960, -1, 1]	200828550012481	3764.49186663	"4T1"	[2]
"4.4.201604495687229.1"	[512084563, 1084529, -57551, -1, 1]	201604495687229	3768.1228474	"4T1"	[20]
"4.4.201604495687229.2"	[795140603, 171445, -57551, -1, 1]	201604495687229	3768.1228474	"4T1"	[4]
"4.4.206058543099625.1"	[-41318044, 1805174, -22149, -1, 1]	206058543099625	3788.76489044	"4T1"	[130]
"4.4.206561320555897.1"	[-41340538, 1806641, -22167, -1, 1]	206561320555897	3791.0739006	"4T1"	[]
"4.4.206980925974577.1"	[-20404319, -1415975, -22182, -1, 1]	206980925974577	3792.9977177	"4T1"	[2]
"4.4.206980925974577.2"	[8876416, -528680, -22182, -1, 1]	206980925974577	3792.9977177	"4T1"	[15, 30]
"4.4.207524788730341.1"	[615650597, 1022192, -60564, -1, 1]	207524788730341	3795.48688505	"4T1"	[4]
"4.4.207524788730341.2"	[833510075, -420586, -60564, -1, 1]	207524788730341	3795.48688505	"4T1"	[4]
"4.4.208580608797625.1"	[-41430334, 1812509, -22239, -1, 1]	208580608797625	3800.30525917	"4T1"	[2, 2, 4]
"4.4.208749474333161.1"	[-37878544, 1753677, -22245, -1, 1]	208749474333161	3801.0742015	"4T1"	[2, 2, 20]
"4.4.208749474333161.2"	[-4421500, 1041825, -22245, -1, 1]	208749474333161	3801.0742015	"4T1"	[2, 2, 20]
"4.4.212373421444097.1"	[277599803, 1598449, -66968, -1, 1]	212373421444097	3817.46479771	"4T1"	[2, 12]
"4.4.212373421444097.2"	[989359147, -532567, -66968, -1, 1]	212373421444097	3817.46479771	"4T1"	[2, 12]
"4.4.214717347294841.1"	[-4332250, -1044175, -22455, -1, 1]	214717347294841	3827.95464334	"4T1"	[4]
"4.4.214717347294841.2"	[1416326, 872017, -22455, -1, 1]	214717347294841	3827.95464334	"4T1"	[4]
"4.4.214945115777024.1"	[235850, 0, -18868, 0, 1]	214945115777024	3828.96939694	"4T1"	[2, 4, 4]
"4.4.214945115777024.2"	[20839706, 0, -18868, 0, 1]	214945115777024	3828.96939694	"4T1"	[2, 2, 4, 4]
"4.4.214945115777024.3"	[68160650, 0, -18868, 0, 1]	214945115777024	3828.96939694	"4T1"	[2, 4, 4]
"4.4.214945115777024.4"	[88764506, 0, -18868, 0, 1]	214945115777024	3828.96939694	"4T1"	[2, 2, 2, 8]
"4.4.216789359609017.1"	[-41786638, 1835981, -22527, -1, 1]	216789359609017	3837.15630722	"4T1"	[3, 6]
"4.4.220097236802633.1"	[4805396, -750939, -22641, -1, 1]	220097236802633	3851.71058934	"4T1"	[2]
"4.4.220097236802633.2"	[13499684, -207546, -22641, -1, 1]	220097236802633	3851.71058934	"4T1"	[2]
"4.4.220447378997929.1"	[-38316532, 1785841, -22653, -1, 1]	220447378997929	3853.24155198	"4T1"	[4]
"4.4.220447378997929.2"	[11702120, -388883, -22653, -1, 1]	220447378997929	3853.24155198	"4T1"	[4]
"4.4.222858588078437.1"	[141643597, 1756198, -65448, -1, 1]	222858588078437	3863.73510361	"4T1"	[4]
"4.4.222858588078437.2"	[450698233, -1365566, -65448, -1, 1]	222858588078437	3863.73510361	"4T1"	[4]
"4.4.223548106030400.1"	[635652500, 0, -51890, 0, 1]	223548106030400	3866.72021324	"4T1"	[2, 2]
"4.4.227796874596017.1"	[-44121664, 1897080, -22902, -1, 1]	227796874596017	3884.96347699	"4T1"	[24]
"4.4.227796874596017.2"	[-1065199, 980985, -22902, -1, 1]	227796874596017	3884.96347699	"4T1"	[24]
"4.4.230583212579161.1"	[-42355804, -1866458, -22995, -1, 1]	230583212579161	3896.78927628	"4T1"	[2, 2, 20]
"4.4.230583212579161.2"	[-19176466, -1437211, -22995, -1, 1]	230583212579161	3896.78927628	"4T1"	[2, 2, 4]
"4.4.230583212579161.3"	[9153836, 586382, -22995, -1, 1]	230583212579161	3896.78927628	"4T1"	[2, 2, 4]
"4.4.230583212579161.4"	[11238750, -456075, -22995, -1, 1]	230583212579161	3896.78927628	"4T1"	[2, 2, 4]
"4.4.230639982322793.1"	[2425792, 1884536, -47915, -1, 1]	230639982322793	3897.02910218	"4T1"	[2, 2, 4]
"4.4.230639982322793.2"	[331018064, -1130072, -47915, -1, 1]	230639982322793	3897.02910218	"4T1"	[2, 2, 4]
"4.4.231473518848000.1"	[31286970, 0, -145860, 0, 1]	231473518848000	3900.54532151	"4T1"	[2, 4, 4, 4, 4]
"4.4.231473518848000.2"	[1533061530, 0, -145860, 0, 1]	231473518848000	3900.54532151	"4T1"	[2, 4, 4, 4, 4]
"4.4.231473518848000.3"	[3785723370, 0, -145860, 0, 1]	231473518848000	3900.54532151	"4T1"	[2, 2, 2, 4, 4]
"4.4.231473518848000.4"	[5287497930, 0, -145860, 0, 1]	231473518848000	3900.54532151	"4T1"	[2, 2, 2, 4, 4]
"4.4.231842656616917.1"	[328603227, -1385324, -56014, -1, 1]	231842656616917	3902.09947158	"4T1"	[2, 4]
"4.4.231842656616917.2"	[693076383, -498528, -56014, -1, 1]	231842656616917	3902.09947158	"4T1"	[2, 4]
"4.4.232755913932697.1"	[-8610138, -1195659, -23067, -1, 1]	232755913932697	3905.9365231	"4T1"	[4]
"4.4.232755913932697.2"	[14764802, 34601, -23067, -1, 1]	232755913932697	3905.9365231	"4T1"	[20]
"4.4.233043541989229.1"	[692218323, 1083205, -64153, -1, 1]	233043541989229	3907.14265431	"4T1"	[4]
"4.4.233043541989229.2"	[936844563, -445709, -64153, -1, 1]	233043541989229	3907.14265431	"4T1"	[4]
"4.4.233756279864801.1"	[-30084629, 1667077, -23100, -1, 1]	233756279864801	3910.12662501	"4T1"	[2]
"4.4.233756279864801.2"	[-14992384, 1359072, -23100, -1, 1]	233756279864801	3910.12662501	"4T1"	[2]
"4.4.234059591634593.1"	[44638951, -1819229, -61146, -1, 1]	234059591634593	3911.39440996	"4T1"	[2, 4]
"4.4.234059591634593.2"	[710325119, -848841, -61146, -1, 1]	234059591634593	3911.39440996	"4T1"	[2, 4]
"4.4.237602221983953.1"	[8790941, 623241, -23226, -1, 1]	237602221983953	3926.11145661	"4T1"	[2, 8]
"4.4.237602221983953.2"	[12754909, -367751, -23226, -1, 1]	237602221983953	3926.11145661	"4T1"	[2, 40]
"4.4.238708758589937.1"	[-44582584, 1926900, -23262, -1, 1]	238708758589937	3930.67456578	"4T1"	[12, 12]
"4.4.238708758589937.2"	[-37138624, -1795080, -23262, -1, 1]	238708758589937	3930.67456578	"4T1"	[4, 4]
"4.4.238708758589937.3"	[-2896408, -1050684, -23262, -1, 1]	238708758589937	3930.67456578	"4T1"	[4, 4]
"4.4.238708758589937.4"	[14472832, 189976, -23262, -1, 1]	238708758589937	3930.67456578	"4T1"	[4, 4]
"4.4.242142196437289.1"	[-42806632, -1897139, -23373, -1, 1]	242142196437289	3944.7330558	"4T1"	[2]
"4.4.242142196437289.2"	[-13636660, -1336178, -23373, -1, 1]	242142196437289	3944.7330558	"4T1"	[2]
"4.4.243543456304849.1"	[-26982115, 1627577, -23418, -1, 1]	243543456304849	3950.42768596	"4T1"	[2]
"4.4.243543456304849.2"	[-17802112, -1432424, -23418, -1, 1]	243543456304849	3950.42768596	"4T1"	[2]
"4.4.243716746291200.1"	[4873050, 0, -92820, 0, 1]	243716746291200	3951.13021662	"4T1"	[2, 2, 2, 2, 4, 4]
"4.4.243716746291200.2"	[394717050, 0, -92820, 0, 1]	243716746291200	3951.13021662	"4T1"	[2, 2, 2, 2, 4, 4]
"4.4.243716746291200.3"	[1759171050, 0, -92820, 0, 1]	243716746291200	3951.13021662	"4T1"	[2, 2, 2, 2, 4, 8]
"4.4.243716746291200.4"	[2149015050, 0, -92820, 0, 1]	243716746291200	3951.13021662	"4T1"	[2, 2, 2, 2, 4, 104]
"4.4.245420197732529.1"	[-44855680, 1944792, -23478, -1, 1]	245420197732529	3958.01627287	"4T1"	[4]
"4.4.245420197732529.2"	[-30330392, 1694356, -23478, -1, 1]	245420197732529	3958.01627287	"4T1"	[4]
"4.4.245997887080973.1"	[157081181, 1845109, -68741, -1, 1]	245997887080973	3960.34339216	"4T1"	[4]
"4.4.245997887080973.2"	[498183293, -1434719, -68741, -1, 1]	245997887080973	3960.34339216	"4T1"	[4]
"4.4.246834063446489.1"	[-42983332, -1909314, -23523, -1, 1]	246834063446489	3963.70453156	"4T1"	[8]
"4.4.246834063446489.2"	[14100058, 286201, -23523, -1, 1]	246834063446489	3963.70453156	"4T1"	[8]
"4.4.247003439223929.1"	[225070988, 1729176, -62253, -1, 1]	247003439223929	3964.38432312	"4T1"	[2]
"4.4.250249473625913.1"	[-47016836, 1988974, -23631, -1, 1]	250249473625913	3977.3452682	"4T1"	[2, 212]
"4.4.250249473625913.2"	[-28741906, 1673889, -23631, -1, 1]	250249473625913	3977.3452682	"4T1"	[2, 4]
"4.4.250249473625913.3"	[-16390574, 1421821, -23631, -1, 1]	250249473625913	3977.3452682	"4T1"	[2, 4]
"4.4.250249473625913.4"	[11967076, 476566, -23631, -1, 1]	250249473625913	3977.3452682	"4T1"	[2, 4]
"4.4.250486998274112.1"	[712321088, 0, -162482, 0, 1]	250486998274112	3978.28870821	"4T1"	[2, 2, 2]
"4.4.251234757690629.1"	[-2314675, -1933980, -55908, -1, 1]	251234757690629	3981.25440951	"4T1"	[2, 4]
"4.4.251234757690629.2"	[297004627, -1491854, -55908, -1, 1]	251234757690629	3981.25440951	"4T1"	[2, 4]
"4.4.251777491773625.1"	[-43165774, 1929869, -23679, -1, 1]	251777491773625	3983.40281271	"4T1"	[2, 20]
"4.4.252048942745600.5"	[7665307650, 0, -340340, 0, 1]	252048942745600	3984.47604374	"4T1"	[2, 2, 2, 2, 4]
"4.4.252048942745600.6"	[21292521250, 0, -340340, 0, 1]	252048942745600	3984.47604374	"4T1"	[2, 2, 2, 2, 20]
"4.4.252064685855809.1"	[-33937792, -1764784, -23688, -1, 1]	252064685855809	3984.5382604	"4T1"	[52]
"4.4.252064685855809.2"	[-2669137, 1077821, -23688, -1, 1]	252064685855809	3984.5382604	"4T1"	[20]
"4.4.252268845141713.1"	[331000909, 1742113, -72954, -1, 1]	252268845141713	3985.34483265	"4T1"	[2, 12]
"4.4.252268845141713.2"	[1176415661, -580455, -72954, -1, 1]	252268845141713	3985.34483265	"4T1"	[2, 12]
"4.4.255238247603737.1"	[-10940458, 1304341, -23787, -1, 1]	255238247603737	3997.02107861	"4T1"	[2, 2]
"4.4.255238247603737.2"	[4156596, 860310, -23787, -1, 1]	255238247603737	3997.02107861	"4T1"	[2, 10]
"4.4.258921020664721.1"	[106869161, -1864411, -67050, -1, 1]	258921020664721	4011.36173684	"4T1"	[2, 4]
"4.4.258921020664721.2"	[1078612457, 266605, -67050, -1, 1]	258921020664721	4011.36173684	"4T1"	[2, 4]
"4.4.259983505067501.1"	[662519021, 1231551, -65289, -1, 1]	259983505067501	4015.47058293	"4T1"	[4]
"4.4.259983505067501.2"	[1027505005, 194659, -65289, -1, 1]	259983505067501	4015.47058293	"4T1"	[4]
"4.4.267668414919377.1"	[394815968, 1726624, -72338, -1, 1]	267668414919377	4044.82076463	"4T1"	[2, 2]
"4.4.267668414919377.2"	[1067257337, 863413, -72338, -1, 1]	267668414919377	4044.82076463	"4T1"	[2, 2]
"4.4.268698229507889.1"	[-254335, 1036497, -24198, -1, 1]	268698229507889	4048.70562643	"4T1"	[10]
"4.4.268698229507889.2"	[13103168, 455736, -24198, -1, 1]	268698229507889	4048.70562643	"4T1"	[2]
"4.4.271045278504000.3"	[16038182160, 0, -510510, 0, 1]	271045278504000	4057.51806063	"4T1"	[2, 2, 2, 2, 2, 4]
"4.4.271045278504000.4"	[64152728640, 0, -510510, 0, 1]	271045278504000	4057.51806063	"4T1"	[2, 2, 2, 2, 2, 4]
"4.4.275145002863921.1"	[-50077759, 2085377, -24390, -1, 1]	275145002863921	4072.77489882	"4T1"	[2, 8, 8]
"4.4.275145002863921.2"	[-126271, -1036591, -24390, -1, 1]	275145002863921	4072.77489882	"4T1"	[2, 2, 8]
"4.4.277180561315601.1"	[-24145000, 1634100, -24450, -1, 1]	277180561315601	4080.28681987	"4T1"	[4]
"4.4.277180561315601.2"	[-17885704, -1495548, -24450, -1, 1]	277180561315601	4080.28681987	"4T1"	[4]
"4.4.278274085316608.1"	[832842, 0, -20564, 0, 1]	278274085316608	4084.30523444	"4T1"	[2, 4, 8]
"4.4.278274085316608.2"	[38259322, 0, -20564, 0, 1]	278274085316608	4084.30523444	"4T1"	[2, 2, 4, 16]
"4.4.278274085316608.3"	[67460202, 0, -20564, 0, 1]	278274085316608	4084.30523444	"4T1"	[2, 4, 8]
"4.4.278274085316608.4"	[104886682, 0, -20564, 0, 1]	278274085316608	4084.30523444	"4T1"	[2, 2, 4, 80]
"4.4.280301135704400.2"	[494613125, 0, -136445, 0, 1]	280301135704400	4091.72289664	"4T1"	[2, 2, 2, 2]
"4.4.280664007978817.1"	[-20967984, -1567260, -24552, -1, 1]	280664007978817	4093.04652	"4T1"	[340]
"4.4.280664007978817.2"	[12554192, 527876, -24552, -1, 1]	280664007978817	4093.04652	"4T1"	[68]
"4.4.281487861809153.1"	[16777216, 4096, -24576, -1, 1]	281487861809153	4096.04687491	"4T1"	[21]
"4.4.281526519464000.1"	[268451840, 0, -32770, 0, 1]	281526519464000	4096.18749857	"4T1"	[2, 4, 4, 120]
"4.4.281590956753625.1"	[16764926, 36869, -24579, -1, 1]	281590956753625	4096.42186776	"4T1"	[2, 2]
"4.4.282519944240113.1"	[16752584, -61516, -24606, -1, 1]	282519944240113	4099.7962887	"4T1"	[]
"4.4.288519092552029.1"	[858812525, 1205231, -71331, -1, 1]	288519092552029	4121.38930146	"4T1"	[4]
"4.4.288519092552029.2"	[1161623633, -495955, -71331, -1, 1]	288519092552029	4121.38930146	"4T1"	[4]
"4.4.288765459894673.1"	[-46454056, -2044876, -24786, -1, 1]	288765459894673	4122.26883663	"4T1"	[2]
"4.4.288765459894673.2"	[10455461, -656839, -24786, -1, 1]	288765459894673	4122.26883663	"4T1"	[2]
"4.4.290972943159625.1"	[16340276, 236069, -24849, -1, 1]	290972943159625	4130.12457933	"4T1"	[2, 2, 12]
"4.4.291500187322625.1"	[-50723584, -2117616, -24864, -1, 1]	291500187322625	4131.99426001	"4T1"	[2, 2, 12]
"4.4.291500187322625.2"	[-12067769, 1396549, -24864, -1, 1]	291500187322625	4131.99426001	"4T1"	[2, 2, 12]
"4.4.291500187322625.3"	[198656, 1065024, -24864, -1, 1]	291500187322625	4131.99426001	"4T1"	[2, 2, 12]
"4.4.291500187322625.4"	[5967191, 866109, -24864, -1, 1]	291500187322625	4131.99426001	"4T1"	[2, 2, 12]
"4.4.291952962585269.1"	[744990625, 1305062, -69158, -1, 1]	291952962585269	4133.5978405	"4T1"	[4]
"4.4.291952962585269.2"	[1154841533, 206266, -69158, -1, 1]	291952962585269	4133.5978405	"4T1"	[68]
"4.4.295866937321061.1"	[-4539259, 2159724, -59040, -1, 1]	295866937321061	4147.38267391	"4T1"	[4]
"4.4.295866937321061.2"	[749027657, -641640, -59040, -1, 1]	295866937321061	4147.38267391	"4T1"	[4]
"4.4.298519612031537.1"	[-50989663, -2134479, -25062, -1, 1]	298519612031537	4156.64770039	"4T1"	[2, 2, 4]
"4.4.298519612031537.2"	[-38759224, -1933980, -25062, -1, 1]	298519612031537	4156.64770039	"4T1"	[2, 2, 20]
"4.4.298519612031537.3"	[-21048479, -1599815, -25062, -1, 1]	298519612031537	4156.64770039	"4T1"	[2, 2, 4]
"4.4.298519612031537.4"	[12033856, -597320, -25062, -1, 1]	298519612031537	4156.64770039	"4T1"	[2, 2, 4]
"4.4.298593107762881.1"	[312069600, 1540560, -52222, -1, 1]	298593107762881	4156.90351914	"4T1"	[2, 4]
"4.4.298593107762881.2"	[634056832, -102232, -52222, -1, 1]	298593107762881	4156.90351914	"4T1"	[2, 68]
"4.4.300150124250189.1"	[-1029425, -2113915, -61049, -1, 1]	300150124250189	4162.31200746	"4T1"	[2, 4]
"4.4.300150124250189.2"	[356578535, -1630661, -61049, -1, 1]	300150124250189	4162.31200746	"4T1"	[2, 20]
"4.4.302071191121673.1"	[-53285764, 2184846, -25161, -1, 1]	302071191121673	4168.9561488	"4T1"	[10, 170]
"4.4.302071191121673.2"	[-48991556, 2117749, -25161, -1, 1]	302071191121673	4168.9561488	"4T1"	[6, 30]
"4.4.304780455207073.1"	[-42876864, -2014704, -25236, -1, 1]	304780455207073	4178.27267132	"4T1"	[2, 26]
"4.4.304780455207073.2"	[-24370189, -1678219, -25236, -1, 1]	304780455207073	4178.27267132	"4T1"	[2, 26]
"4.4.307370446983637.1"	[99536013, -2035856, -66238, -1, 1]	307370446983637	4187.12115228	"4T1"	[2, 4]
"4.4.307370446983637.2"	[796288017, 1116868, -66238, -1, 1]	307370446983637	4187.12115228	"4T1"	[2, 4]
"4.4.307724602974697.1"	[-44999788, 2063366, -25317, -1, 1]	307724602974697	4188.32674456	"4T1"	[4]
"4.4.307724602974697.2"	[3609572, -974719, -25317, -1, 1]	307724602974697	4188.32674456	"4T1"	[4]
"4.4.309039175947529.1"	[-49230180, -2125458, -25353, -1, 1]	309039175947529	4192.79263938	"4T1"	[4, 4]
"4.4.309039175947529.2"	[-22727452, 1660646, -25353, -1, 1]	309039175947529	4192.79263938	"4T1"	[4, 4]
"4.4.309039175947529.3"	[1611788, -1043714, -25353, -1, 1]	309039175947529	4192.79263938	"4T1"	[4, 4]
"4.4.309039175947529.4"	[17837948, 38030, -25353, -1, 1]	309039175947529	4192.79263938	"4T1"	[4, 4]
"4.4.310577569846361.1"	[-2825500, 1189350, -25395, -1, 1]	310577569846361	4198.0008469	"4T1"	[4]
"4.4.310577569846361.2"	[17761684, 105814, -25395, -1, 1]	310577569846361	4198.0008469	"4T1"	[4]
"4.4.316224884910689.1"	[-31535477, 1843741, -25548, -1, 1]	316224884910689	4216.95542921	"4T1"	[4]
"4.4.316224884910689.2"	[17517403, 208645, -25548, -1, 1]	316224884910689	4216.95542921	"4T1"	[4]
"4.4.317951283420833.3"	[470442304, 1881808, -78804, -1, 1]	317951283420833	4222.69919634	"4T1"	[2, 2, 2]
"4.4.317951283420833.4"	[1269184051, 941005, -78804, -1, 1]	317951283420833	4222.69919634	"4T1"	[2, 2, 2]
"4.4.318475889855941.1"	[948839001, 1266244, -74920, -1, 1]	318475889855941	4224.4399393	"4T1"	[4]
"4.4.318475889855941.2"	[1283068215, -521078, -74920, -1, 1]	318475889855941	4224.4399393	"4T1"	[4]
"4.4.323973755065241.1"	[-54118750, 2236425, -25755, -1, 1]	323973755065241	4242.55476798	"4T1"	[2, 2]
"4.4.323973755065241.2"	[-41344084, 2030382, -25755, -1, 1]	323973755065241	4242.55476798	"4T1"	[2, 2]
"4.4.324086978166769.1"	[-39337600, -1987688, -25758, -1, 1]	324086978166769	4242.92539388	"4T1"	[10]
"4.4.324086978166769.2"	[17330825, -270463, -25758, -1, 1]	324086978166769	4242.92539388	"4T1"	[10]
"4.4.324993712793777.1"	[-51938863, -2195799, -25782, -1, 1]	324993712793777	4245.89001279	"4T1"	[2]
"4.4.324993712793777.2"	[-47607424, 2135640, -25782, -1, 1]	324993712793777	4245.89001279	"4T1"	[2]
"4.4.327709836470272.1"	[23985322, 0, -21716, 0, 1]	327709836470272	4254.73356433	"4T1"	[2, 20]
"4.4.327709836470272.2"	[43095402, 0, -21716, 0, 1]	327709836470272	4254.73356433	"4T1"	[2, 4]
"4.4.327709836470272.3"	[74800762, 0, -21716, 0, 1]	327709836470272	4254.73356433	"4T1"	[2, 20]
"4.4.327709836470272.4"	[93910842, 0, -21716, 0, 1]	327709836470272	4254.73356433	"4T1"	[2, 4]
"4.4.334024496237225.1"	[172454864, -354452, -32627, -1, 1]	334024496237225	4275.08328076	"4T1"	[2, 2, 2]
"4.4.334350638336000.1"	[267410, 0, -48620, 0, 1]	334350638336000	4276.12644857	"4T1"	[4, 4, 4]
"4.4.334350638336000.2"	[96535010, 0, -48620, 0, 1]	334350638336000	4276.12644857	"4T1"	[4, 4, 68]
"4.4.334350638336000.3"	[141459890, 0, -48620, 0, 1]	334350638336000	4276.12644857	"4T1"	[4, 4, 4]
"4.4.334350638336000.4"	[224891810, 0, -48620, 0, 1]	334350638336000	4276.12644857	"4T1"	[4, 4, 4]
"4.4.334350638336000.5"	[366084290, 0, -48620, 0, 1]	334350638336000	4276.12644857	"4T1"	[4, 4, 4]
"4.4.334350638336000.6"	[449516210, 0, -48620, 0, 1]	334350638336000	4276.12644857	"4T1"	[4, 4, 20]
"4.4.334350638336000.7"	[494441090, 0, -48620, 0, 1]	334350638336000	4276.12644857	"4T1"	[4, 4, 4]
"4.4.334350638336000.8"	[590708690, 0, -48620, 0, 1]	334350638336000	4276.12644857	"4T1"	[4, 4, 4]
"4.4.335206547654057.3"	[67343644, -2177159, -73077, -1, 1]	335206547654057	4278.8604558	"4T1"	[2, 2, 4]
"4.4.335206547654057.4"	[1020757808, -1015875, -73077, -1, 1]	335206547654057	4278.8604558	"4T1"	[2, 2, 4]
"4.4.349047497427929.1"	[-50498930, -2213483, -26403, -1, 1]	349047497427929	4322.36195714	"4T1"	[2, 2]
"4.4.349047497427929.2"	[16389620, -453258, -26403, -1, 1]	349047497427929	4322.36195714	"4T1"	[2, 2]
"4.4.351552007190033.1"	[-44062379, 2121721, -26466, -1, 1]	351552007190033	4330.09470909	"4T1"	[2, 4]
"4.4.351552007190033.2"	[-28253131, -1830591, -26466, -1, 1]	351552007190033	4330.09470909	"4T1"	[6, 12]
"4.4.351552007190033.3"	[-24653704, 1768836, -26466, -1, 1]	351552007190033	4330.09470909	"4T1"	[2, 4]
"4.4.351552007190033.4"	[13740184, 639604, -26466, -1, 1]	351552007190033	4330.09470909	"4T1"	[2, 4]
"4.4.353472182013101.1"	[-3377453, 2360597, -64469, -1, 1]	353472182013101	4335.9953742	"4T1"	[4]
"4.4.353472182013101.2"	[896837611, -701359, -64469, -1, 1]	353472182013101	4335.9953742	"4T1"	[4]
"4.4.354443825736000.4"	[3066123060, 0, -510510, 0, 1]	354443825736000	4338.97206301	"4T1"	[2, 2, 2, 2, 2, 4]
"4.4.354443825736000.6"	[27595107540, 0, -510510, 0, 1]	354443825736000	4338.97206301	"4T1"	[2, 2, 2, 2, 2, 4]
"4.4.361451783276069.1"	[924442583, 1452084, -76896, -1, 1]	361451783276069	4360.26206967	"4T1"	[4]
"4.4.361451783276069.2"	[1431823243, 229480, -76896, -1, 1]	361451783276069	4360.26206967	"4T1"	[4]
"4.4.365343724619053.1"	[522896457, -1739099, -70165, -1, 1]	365343724619053	4371.9522804	"4T1"	[2, 20]
"4.4.365343724619053.2"	[1097313849, -625887, -70165, -1, 1]	365343724619053	4371.9522804	"4T1"	[2, 4]
"4.4.371028478059793.1"	[-40262656, 2088344, -26946, -1, 1]	371028478059793	4388.86084579	"4T1"	[10]
"4.4.371028478059793.2"	[6085109, 1010489, -26946, -1, 1]	371028478059793	4388.86084579	"4T1"	[2]
"4.4.375441302972537.1"	[10741952, 2404296, -60909, -1, 1]	375441302972537	4401.85276611	"4T1"	[2, 2, 8]
"4.4.375441302972537.2"	[545367088, -1441928, -60909, -1, 1]	375441302972537	4401.85276611	"4T1"	[2, 2, 40]
"4.4.376632965442313.1"	[-55907524, -2342539, -27081, -1, 1]	376632965442313	4405.341521	"4T1"	[4]
"4.4.376632965442313.2"	[-51285636, 2279349, -27081, -1, 1]	376632965442313	4405.341521	"4T1"	[4]
"4.4.377675247222416.1"	[5491456256, 0, -150007, 0, 1]	377675247222416	4408.3861628	"4T1"	[2, 2, 2, 2]
"4.4.379141857446633.1"	[-60763036, -2420106, -27141, -1, 1]	379141857446633	4412.65966928	"4T1"	[2, 82]
"4.4.379141857446633.2"	[-4308976, -1334451, -27141, -1, 1]	379141857446633	4412.65966928	"4T1"	[2, 2]
"4.4.381535601691889.1"	[-58435992, -2388924, -27198, -1, 1]	381535601691889	4419.60816482	"4T1"	[2, 52]
"4.4.381535601691889.2"	[-36314647, -2026279, -27198, -1, 1]	381535601691889	4419.60816482	"4T1"	[2, 20]
"4.4.381535601691889.3"	[8290688, -938344, -27198, -1, 1]	381535601691889	4419.60816482	"4T1"	[2, 4]
"4.4.381535601691889.4"	[10103913, 874881, -27198, -1, 1]	381535601691889	4419.60816482	"4T1"	[2, 4]
"4.4.382546500711857.1"	[-21229199, -1737695, -27222, -1, 1]	382546500711857	4422.53275775	"4T1"	[6]
"4.4.382546500711857.2"	[-395008, -1229544, -27222, -1, 1]	382546500711857	4422.53275775	"4T1"	[6]
"4.4.383037786463837.1"	[173674559, 2226641, -64347, -1, 1]	383037786463837	4423.95198505	"4T1"	[2, 4]
"4.4.383037786463837.2"	[912542183, 700055, -64347, -1, 1]	383037786463837	4423.95198505	"4T1"	[2, 4]
"4.4.386353274033537.1"	[-36380368, 2043876, -27312, -1, 1]	386353274033537	4433.49424672	"4T1"	[2]
"4.4.386353274033537.2"	[-11398649, 1534045, -27312, -1, 1]	386353274033537	4433.49424672	"4T1"	[2]
"4.4.387883026621089.1"	[-58644317, -2402099, -27348, -1, 1]	387883026621089	4437.87631283	"4T1"	[4]
"4.4.387883026621089.2"	[14868115, -651803, -27348, -1, 1]	387883026621089	4437.87631283	"4T1"	[4]
"4.4.396376310402053.1"	[131072159, -2311942, -75144, -1, 1]	396376310402053	4461.97284299	"4T1"	[2, 4]
"4.4.396376310402053.2"	[1029705371, 1268270, -75144, -1, 1]	396376310402053	4461.97284299	"4T1"	[2, 4]
"4.4.396757526343641.1"	[-56523250, 2392725, -27555, -1, 1]	396757526343641	4463.04528476	"4T1"	[2]
"4.4.396757526343641.2"	[-47264644, -2236578, -27555, -1, 1]	396757526343641	4463.04528476	"4T1"	[2]
"4.4.398981146449101.1"	[1021422937, 1525595, -80765, -1, 1]	398981146449101	4469.28544857	"4T1"	[4]
"4.4.398981146449101.2"	[1581468425, 241087, -80765, -1, 1]	398981146449101	4469.28544857	"4T1"	[4]
"4.4.413710122523697.1"	[-54613663, -2379759, -27942, -1, 1]	413710122523697	4509.9739857	"4T1"	[10]
"4.4.413710122523697.2"	[21017032, 228196, -27942, -1, 1]	413710122523697	4509.9739857	"4T1"	[2]
"4.4.424262513076224.1"	[14496650, 0, -23668, 0, 1]	424262513076224	4538.46159801	"4T1"	[2, 4, 4]
"4.4.424262513076224.2"	[33241706, 0, -23668, 0, 1]	424262513076224	4538.46159801	"4T1"	[2, 4, 4]
"4.4.424262513076224.3"	[106801850, 0, -23668, 0, 1]	424262513076224	4538.46159801	"4T1"	[2, 2, 2, 8]
"4.4.424262513076224.4"	[125546906, 0, -23668, 0, 1]	424262513076224	4538.46159801	"4T1"	[2, 2, 16, 16]
"4.4.429224141207737.1"	[-47945038, 2305421, -28287, -1, 1]	429224141207737	4551.67280133	"4T1"	[2, 4, 20]
"4.4.429224141207737.2"	[-3590434, 1400225, -28287, -1, 1]	429224141207737	4551.67280133	"4T1"	[2, 2, 8]
"4.4.442468147548601.1"	[-68016834, 2633697, -28575, -1, 1]	442468147548601	4586.38494341	"4T1"	[16]
"4.4.442468147548601.2"	[22662356, -33338, -28575, -1, 1]	442468147548601	4586.38494341	"4T1"	[16]
"4.4.445117616559757.1"	[148456671, -2449985, -79597, -1, 1]	445117616559757	4593.23532005	"4T1"	[2, 4]
"4.4.445117616559757.2"	[1157648967, 1343971, -79597, -1, 1]	445117616559757	4593.23532005	"4T1"	[2, 4]
"4.4.450036234728137.1"	[-6200388, -1489554, -28737, -1, 1]	450036234728137	4605.872065	"4T1"	[2]
"4.4.450036234728137.2"	[4528232, 1192601, -28737, -1, 1]	450036234728137	4605.872065	"4T1"	[26]
"4.4.455129268177961.1"	[-68443164, 2658582, -28845, -1, 1]	455129268177961	4618.84822064	"4T1"	[2, 2, 4]
"4.4.455129268177961.2"	[-30905716, 2043214, -28845, -1, 1]	455129268177961	4618.84822064	"4T1"	[2, 2, 4]
"4.4.455129268177961.3"	[-445000, 1350925, -28845, -1, 1]	455129268177961	4618.84822064	"4T1"	[2, 2, 4]
"4.4.455129268177961.4"	[14631516, -802863, -28845, -1, 1]	455129268177961	4618.84822064	"4T1"	[2, 2, 4]
"4.4.457156667936641.1"	[195080087, -2477443, -88944, -1, 1]	457156667936641	4623.98338242	"4T1"	[2, 4]
"4.4.457156667936641.2"	[1911044231, 354181, -88944, -1, 1]	457156667936641	4623.98338242	"4T1"	[2, 4]
"4.4.457615181340517.1"	[209910267, 2433736, -70264, -1, 1]	457615181340517	4625.14237318	"4T1"	[2, 4]
"4.4.457615181340517.2"	[1092596493, 765142, -70264, -1, 1]	457615181340517	4625.14237318	"4T1"	[2, 4]
"4.4.461005719720113.1"	[16147456, 2664176, -67406, -1, 1]	461005719720113	4633.68576299	"4T1"	[2, 2, 8]
"4.4.461005719720113.2"	[672500384, -1597856, -67406, -1, 1]	461005719720113	4633.68576299	"4T1"	[2, 2, 40]
"4.4.463559029417457.1"	[-50978104, 2404020, -29022, -1, 1]	463559029417457	4640.08847144	"4T1"	[20]
"4.4.463559029417457.2"	[-41690944, -2239560, -29022, -1, 1]	463559029417457	4640.08847144	"4T1"	[4]
"4.4.468460819912025.1"	[213118720, 532880, -36521, -1, 1]	468460819912025	4652.30649638	"4T1"	[2, 2]
"4.4.471137023790557.1"	[677378207, -1974949, -79599, -1, 1]	471137023790557	4658.93668621	"4T1"	[2, 4]
"4.4.471137023790557.2"	[1418173623, -710793, -79599, -1, 1]	471137023790557	4658.93668621	"4T1"	[2, 4]
"4.4.472984419427301.1"	[4368625, -2653720, -76472, -1, 1]	472984419427301	4663.49707518	"4T1"	[2, 4]
"4.4.472984419427301.2"	[567935327, -2047082, -76472, -1, 1]	472984419427301	4663.49707518	"4T1"	[2, 4]
"4.4.478376898483329.1"	[10675223, 1021605, -29328, -1, 1]	478376898483329	4676.73271402	"4T1"	[2]
"4.4.478376898483329.2"	[18887168, -620784, -29328, -1, 1]	478376898483329	4676.73271402	"4T1"	[2]
"4.4.480582272005289.1"	[-69265172, -2697455, -29373, -1, 1]	480582272005289	4682.11349204	"4T1"	[2, 4]
"4.4.480582272005289.2"	[-69265172, 2707246, -29373, -1, 1]	480582272005289	4682.11349204	"4T1"	[2, 4]
"4.4.480582272005289.3"	[-44199892, 2315601, -29373, -1, 1]	480582272005289	4682.11349204	"4T1"	[2, 4]
"4.4.480582272005289.4"	[-12241660, -1679178, -29373, -1, 1]	480582272005289	4682.11349204	"4T1"	[2, 4]
"4.4.484124950614761.1"	[-48960604, -2389983, -29445, -1, 1]	484124950614761	4690.7184528	"4T1"	[4]
"4.4.484124950614761.2"	[23906884, 122689, -29445, -1, 1]	484124950614761	4690.7184528	"4T1"	[20]
"4.4.486057032731729.1"	[516002400, 1965420, -66384, -1, 1]	486057032731729	4695.39148269	"4T1"	[2, 4]
"4.4.486057032731729.2"	[1039996400, -130556, -66384, -1, 1]	486057032731729	4695.39148269	"4T1"	[2, 52]
"4.4.489620621764513.1"	[-46669824, -2359584, -29556, -1, 1]	489620621764513	4703.97413694	"4T1"	[2, 2]
"4.4.489620621764513.2"	[-24995149, -1965499, -29556, -1, 1]	489620621764513	4703.97413694	"4T1"	[2, 2]
"4.4.491860391402953.1"	[-59037784, -2560519, -29601, -1, 1]	491860391402953	4709.34451582	"4T1"	[4]
"4.4.491860391402953.2"	[-35356684, 2175701, -29601, -1, 1]	491860391402953	4709.34451582	"4T1"	[20]
"4.4.498249402133193.1"	[104743352, -2654399, -88985, -1, 1]	498249402133193	4724.56356645	"4T1"	[2, 116]
"4.4.498249402133193.2"	[1521971164, -1238587, -88985, -1, 1]	498249402133193	4724.56356645	"4T1"	[2, 4]
"4.4.507272227090777.1"	[-64657564, 2676710, -29907, -1, 1]	507272227090777	4745.80917252	"4T1"	[2]
"4.4.507272227090777.2"	[-39934134, 2277945, -29907, -1, 1]	507272227090777	4745.80917252	"4T1"	[2]
"4.4.510484697346961.1"	[9285509, 1123889, -29970, -1, 1]	510484697346961	4753.30499888	"4T1"	[10]
"4.4.510484697346961.2"	[22952000, 404600, -29970, -1, 1]	510484697346961	4753.30499888	"4T1"	[5, 10]
"4.4.511974414952000.1"	[104824720, 0, -170170, 0, 1]	511974414952000	4756.76903327	"4T1"	[2, 2, 2, 4, 4]
"4.4.511974414952000.2"	[943422480, 0, -170170, 0, 1]	511974414952000	4756.76903327	"4T1"	[2, 2, 2, 4, 4]
"4.4.511974414952000.3"	[3773689920, 0, -170170, 0, 1]	511974414952000	4756.76903327	"4T1"	[2, 2, 4, 4, 4]
"4.4.511974414952000.4"	[6708782080, 0, -170170, 0, 1]	511974414952000	4756.76903327	"4T1"	[2, 2, 4, 4, 4]
"4.4.519737856721201.1"	[-57079999, 2577857, -30150, -1, 1]	519737856721201	4774.69998071	"4T1"	[4, 4]
"4.4.519737856721201.2"	[-25000000, -2005000, -30150, -1, 1]	519737856721201	4774.69998071	"4T1"	[4, 20]
"4.4.519737856721201.3"	[-3774136, 1532644, -30150, -1, 1]	519737856721201	4774.69998071	"4T1"	[4, 4]
"4.4.519737856721201.4"	[20104961, -638183, -30150, -1, 1]	519737856721201	4774.69998071	"4T1"	[4, 4]
"4.4.520513961206121.1"	[-27031004, -2046218, -30165, -1, 1]	520513961206121	4776.48145225	"4T1"	[4]
"4.4.520513961206121.2"	[-15447500, 1814950, -30165, -1, 1]	520513961206121	4776.48145225	"4T1"	[4]
"4.4.529071449527333.1"	[762104961, -2092874, -84316, -1, 1]	529071449527333	4795.99345268	"4T1"	[2, 4]
"4.4.529071449527333.2"	[1594013949, -753246, -84316, -1, 1]	529071449527333	4795.99345268	"4T1"	[2, 4]
"4.4.534616265976281.1"	[-15357500, -1821050, -30435, -1, 1]	534616265976281	4808.51020485	"4T1"	[2, 6]
"4.4.534616265976281.2"	[6231326, -1252923, -30435, -1, 1]	534616265976281	4808.51020485	"4T1"	[2, 6]
"4.4.535723663845313.1"	[-24994849, 2035501, -30456, -1, 1]	535723663845313	4810.9983459	"4T1"	[4]
"4.4.535723663845313.2"	[19187199, 736029, -30456, -1, 1]	535723663845313	4810.9983459	"4T1"	[4]
"4.4.539139022702592.1"	[628082, 0, -25636, 0, 1]	539139022702592	4818.64788144	"4T1"	[2, 4, 4]
"4.4.539139022702592.2"	[17547842, 0, -25636, 0, 1]	539139022702592	4818.64788144	"4T1"	[2, 4, 4]
"4.4.539139022702592.3"	[28314962, 0, -25636, 0, 1]	539139022702592	4818.64788144	"4T1"	[2, 4, 4]
"4.4.539139022702592.4"	[75997922, 0, -25636, 0, 1]	539139022702592	4818.64788144	"4T1"	[2, 4, 4]
"4.4.539139022702592.5"	[88303202, 0, -25636, 0, 1]	539139022702592	4818.64788144	"4T1"	[2, 4, 4]
"4.4.539139022702592.6"	[135986162, 0, -25636, 0, 1]	539139022702592	4818.64788144	"4T1"	[2, 4, 4]
"4.4.539139022702592.7"	[146753282, 0, -25636, 0, 1]	539139022702592	4818.64788144	"4T1"	[2, 4, 4]
"4.4.539139022702592.8"	[163673042, 0, -25636, 0, 1]	539139022702592	4818.64788144	"4T1"	[2, 4, 4]
"4.4.541104590767217.1"	[273868672, -2377852, -63668, -1, 1]	541104590767217	4823.03379054	"4T1"	[2, 4]
"4.4.541104590767217.2"	[926799728, -374996, -63668, -1, 1]	541104590767217	4823.03379054	"4T1"	[2, 52]
"4.4.551076977772157.1"	[186458573, -2726071, -88503, -1, 1]	551076977772157	4845.10359157	"4T1"	[2, 4]
"4.4.551076977772157.2"	[1436005997, 1495373, -88503, -1, 1]	551076977772157	4845.10359157	"4T1"	[2, 4]
"4.4.556406095684249.1"	[-77229562, -2914699, -30843, -1, 1]	556406095684249	4856.77483727	"4T1"	[2, 4]
"4.4.556406095684249.2"	[-4850442, -1598715, -30843, -1, 1]	556406095684249	4856.77483727	"4T1"	[2, 4]
"4.4.557010713258309.1"	[1736665, 2963216, -80756, -1, 1]	557010713258309	4858.09370113	"4T1"	[4]
"4.4.557010713258309.2"	[1420073773, -880516, -80756, -1, 1]	557010713258309	4858.09370113	"4T1"	[4]
"4.4.561653607368704.1"	[2923650, 0, -25988, 0, 1]	561653607368704	4868.18572063	"4T1"	[4, 4, 4, 12]
"4.4.561653607368704.2"	[51573186, 0, -25988, 0, 1]	561653607368704	4868.18572063	"4T1"	[2, 2, 4, 12]
"4.4.561653607368704.4"	[117270850, 0, -25988, 0, 1]	561653607368704	4868.18572063	"4T1"	[2, 2, 4, 12]
"4.4.561653607368704.5"	[165920386, 0, -25988, 0, 1]	561653607368704	4868.18572063	"4T1"	[2, 2, 4, 24]
"4.4.570485967030953.1"	[-31373836, 2203014, -31101, -1, 1]	570485967030953	4887.21270908	"4T1"	[2]
"4.4.570485967030953.2"	[-15118184, -1860899, -31101, -1, 1]	570485967030953	4887.21270908	"4T1"	[10]
"4.4.580949658535121.1"	[-69261571, 2842209, -31290, -1, 1]	580949658535121	4909.47016549	"4T1"	[2, 2]
"4.4.580949658535121.2"	[20437504, 756184, -31290, -1, 1]	580949658535121	4909.47016549	"4T1"	[2, 2]
"4.4.583627323709009.1"	[-63726912, 2763000, -31338, -1, 1]	583627323709009	4915.11749497	"4T1"	[44]
"4.4.583627323709009.2"	[26527608, -245484, -31338, -1, 1]	583627323709009	4915.11749497	"4T1"	[44]
"4.4.596831170213321.1"	[637087500, 2177850, -73465, -1, 1]	596831170213321	4942.68432432	"4T1"	[2, 4]
"4.4.596831170213321.2"	[1280438836, -144718, -73465, -1, 1]	596831170213321	4942.68432432	"4T1"	[2, 4]
"4.4.601831149004800.1"	[12033450, 0, -145860, 0, 1]	601831149004800	4953.00384868	"4T1"	[2, 2, 2, 4, 4]
"4.4.601831149004800.2"	[974709450, 0, -145860, 0, 1]	601831149004800	4953.00384868	"4T1"	[2, 2, 2, 4, 4]
"4.4.601831149004800.3"	[4344075450, 0, -145860, 0, 1]	601831149004800	4953.00384868	"4T1"	[2, 2, 2, 4, 4]
"4.4.601831149004800.4"	[5306751450, 0, -145860, 0, 1]	601831149004800	4953.00384868	"4T1"	[2, 2, 2, 4, 4]
"4.4.608295032826853.1"	[207075963, -2864114, -92956, -1, 1]	608295032826853	4966.24987962	"4T1"	[2, 4]
"4.4.608295032826853.2"	[1586419431, 1571074, -92956, -1, 1]	608295032826853	4966.24987962	"4T1"	[2, 4]
"4.4.609947445794069.1"	[9252575, -3013590, -86754, -1, 1]	609947445794069	4969.61911204	"4T1"	[2, 4]
"4.4.609947445794069.2"	[736035745, -2324696, -86754, -1, 1]	609947445794069	4969.61911204	"4T1"	[2, 4]
"4.4.615708634284017.1"	[-81984119, 3067945, -31902, -1, 1]	615708634284017	4981.31276554	"4T1"	[4]
"4.4.615708634284017.2"	[-38426743, 2387361, -31902, -1, 1]	615708634284017	4981.31276554	"4T1"	[4]
"4.4.620061300241417.1"	[-79061728, 3032521, -31977, -1, 1]	620061300241417	4990.09319593	"4T1"	[2]
"4.4.620061300241417.2"	[28382252, 47966, -31977, -1, 1]	620061300241417	4990.09319593	"4T1"	[2]
"4.4.623207889206713.1"	[2340626, -1489459, -32031, -1, 1]	623207889206713	4996.41191796	"4T1"	[6, 30]
"4.4.623207889206713.2"	[22328204, -720706, -32031, -1, 1]	623207889206713	4996.41191796	"4T1"	[2, 2]
"4.4.631540376438336.1"	[214490000, 0, -42898, 0, 1]	631540376438336	5013.02973216	"4T1"	[2, 2, 52]
"4.4.649664405164529.1"	[-65016632, -2852684, -32478, -1, 1]	649664405164529	5048.6151727	"4T1"	[20]
"4.4.649664405164529.2"	[-53930680, 2690292, -32478, -1, 1]	649664405164529	5048.6151727	"4T1"	[4]
"4.4.650745165035393.1"	[-82974416, -3114236, -32496, -1, 1]	650745165035393	5050.71354075	"4T1"	[2, 8]
"4.4.650745165035393.2"	[-20581376, 2085184, -32496, -1, 1]	650745165035393	5050.71354075	"4T1"	[2, 8]
"4.4.655015853302933.1"	[946530227, -2328724, -93750, -1, 1]	655015853302933	5058.9798875	"4T1"	[2, 4]
"4.4.655015853302933.2"	[1976515479, -838152, -93750, -1, 1]	655015853302933	5058.9798875	"4T1"	[2, 4]
"4.4.656897038344208.1"	[3263245092, 0, -246991, 0, 1]	656897038344208	5062.60829009	"4T1"	[2]
"4.4.657436347445177.1"	[8643332, 1353206, -32607, -1, 1]	657436347445177	5063.6470642	"4T1"	[2, 2, 40]
"4.4.667188377856000.5"	[26062046010, 0, -1021020, 0, 1]	667188377856000	5082.32130947	"4T1"	[2, 2, 2, 2, 2, 4]
"4.4.667188377856000.6"	[234558414090, 0, -1021020, 0, 1]	667188377856000	5082.32130947	"4T1"	[2, 2, 2, 2, 2, 4]
"4.4.677044312016129.1"	[-90092377, 3254421, -32928, -1, 1]	677044312016129	5100.98766644	"4T1"	[2, 18]
"4.4.677044312016129.2"	[17473648, -1048220, -32928, -1, 1]	677044312016129	5100.98766644	"4T1"	[2, 18]
"4.4.680380679072177.1"	[-59846863, -2808999, -32982, -1, 1]	680380679072177	5107.26030153	"4T1"	[4]
"4.4.680380679072177.2"	[7701041, 1412745, -32982, -1, 1]	680380679072177	5107.26030153	"4T1"	[4]
"4.4.684110101898025.2"	[3346782114, 966753, -121187, -1, 1]	684110101898025	5114.24466585	"4T1"	[2, 2, 2, 2, 4]
"4.4.684951007852061.1"	[12080125, -3193525, -91895, -1, 1]	684951007852061	5115.81554525	"4T1"	[2, 4]
"4.4.684951007852061.2"	[828244721, -2463503, -91895, -1, 1]	684951007852061	5115.81554525	"4T1"	[2, 4]
"4.4.686152305984601.1"	[-22554994, 2166437, -33075, -1, 1]	686152305984601	5118.05715881	"4T1"	[4]
"4.4.686152305984601.2"	[16606250, 1108025, -33075, -1, 1]	686152305984601	5118.05715881	"4T1"	[4]
"4.4.696908899547225.1"	[13443976924, -1660022, -276747, -1, 1]	696908899547225	5137.99884884	"4T1"	[2, 2, 2]
"4.4.706895555318441.1"	[-75031604, 3078862, -33405, -1, 1]	706895555318441	5156.3075456	"4T1"	[2]
"4.4.706895555318441.2"	[-46525684, 2633457, -33405, -1, 1]	706895555318441	5156.3075456	"4T1"	[2]
"4.4.718305398396021.1"	[6503327, 3364962, -91614, -1, 1]	718305398396021	5176.9894815	"4T1"	[4]
"4.4.718305398396021.2"	[1835403131, -999954, -91614, -1, 1]	718305398396021	5176.9894815	"4T1"	[4]
"4.4.721121976571453.1"	[339137547, 3055021, -88015, -1, 1]	721121976571453	5182.0569652	"4T1"	[2, 4]
"4.4.721121976571453.2"	[1729963899, 960403, -88015, -1, 1]	721121976571453	5182.0569652	"4T1"	[2, 4]
"4.4.723025831341757.1"	[1046228739, -2446649, -98467, -1, 1]	723025831341757	5185.47390835	"4T1"	[2, 4]
"4.4.723025831341757.2"	[2183176683, -880605, -98467, -1, 1]	723025831341757	5185.47390835	"4T1"	[2, 20]
"4.4.727132799879168.1"	[14162, 0, -28324, 0, 1]	727132799879168	5192.82197369	"4T1"	[2, 2, 2, 4, 8]
"4.4.727132799879168.2"	[88385042, 0, -28324, 0, 1]	727132799879168	5192.82197369	"4T1"	[2, 2, 2, 4, 8]
"4.4.727132799879168.3"	[112177202, 0, -28324, 0, 1]	727132799879168	5192.82197369	"4T1"	[2, 2, 2, 4, 40]
"4.4.727132799879168.4"	[200548082, 0, -28324, 0, 1]	727132799879168	5192.82197369	"4T1"	[2, 2, 2, 4, 12, 24]
"4.4.746661031875361.1"	[2755296, -1627308, -34020, -1, 1]	746661031875361	5227.34147882	"4T1"	[20]
"4.4.746661031875361.2"	[14367584, 1275764, -34020, -1, 1]	746661031875361	5227.34147882	"4T1"	[20]
"4.4.749033867368513.1"	[-4109824, 1822016, -34056, -1, 1]	749033867368513	5231.48956829	"4T1"	[2]
"4.4.749033867368513.2"	[11783151, -1356579, -34056, -1, 1]	749033867368513	5231.48956829	"4T1"	[2]
"4.4.751411724678497.1"	[-92174773, -3358099, -34092, -1, 1]	751411724678497	5235.6365617	"4T1"	[12]
"4.4.751411724678497.2"	[-72810304, -3085360, -34092, -1, 1]	751411724678497	5235.6365617	"4T1"	[60]
"4.4.770353995653657.2"	[37353664, 3443816, -86897, -1, 1]	770353995653657	5268.32531997	"4T1"	[2, 2, 8]
"4.4.770353995653657.3"	[1133735408, -2065640, -86897, -1, 1]	770353995653657	5268.32531997	"4T1"	[2, 2, 8]
"4.4.792403248698153.1"	[-96681284, -3464354, -34701, -1, 1]	792403248698153	5305.62513343	"4T1"	[4, 4]
"4.4.792403248698153.2"	[-96681284, 3475921, -34701, -1, 1]	792403248698153	5305.62513343	"4T1"	[4, 4]
"4.4.792403248698153.3"	[16584004, -1243466, -34701, -1, 1]	792403248698153	5305.62513343	"4T1"	[4, 4]
"4.4.792403248698153.4"	[33240664, 144589, -34701, -1, 1]	792403248698153	5305.62513343	"4T1"	[4, 4]
"4.4.801273256233841.1"	[-34012224, 2513592, -34830, -1, 1]	801273256233841	5320.41074558	"4T1"	[2, 10]
"4.4.801273256233841.2"	[-3454375, 1863425, -34830, -1, 1]	801273256233841	5320.41074558	"4T1"	[2, 58]
"4.4.806633440257149.1"	[9293833, 3565835, -97043, -1, 1]	806633440257149	5329.28634367	"4T1"	[4]
"4.4.806633440257149.2"	[2063019385, -1059673, -97043, -1, 1]	806633440257149	5329.28634367	"4T1"	[4]
"4.4.815644441613737.2"	[-9089644, -2002970, -35037, -1, 1]	815644441613737	5344.10792551	"4T1"	[12]
"4.4.815644441613737.3"	[2122316, 1734350, -35037, -1, 1]	815644441613737	5344.10792551	"4T1"	[12]
"4.4.827433539716841.1"	[-52905244, -2857503, -35205, -1, 1]	827433539716841	5363.31469597	"4T1"	[32]
"4.4.827433539716841.2"	[14689076, 1367142, -35205, -1, 1]	827433539716841	5363.31469597	"4T1"	[160]
"4.4.848002229717261.1"	[18506375, -3553395, -102177, -1, 1]	848002229717261	5396.33930007	"4T1"	[2, 4]
"4.4.848002229717261.2"	[1028980207, -2741117, -102177, -1, 1]	848002229717261	5396.33930007	"4T1"	[2, 4]
"4.4.849197412746873.1"	[-98139014, -3545219, -35511, -1, 1]	849197412746873	5398.23970992	"4T1"	[2, 2, 4]
"4.4.849197412746873.2"	[-31472326, 2515389, -35511, -1, 1]	849197412746873	5398.23970992	"4T1"	[2, 2, 4]
"4.4.865441440763073.1"	[-24086689, 2388381, -35736, -1, 1]	865441440763073	5423.87187354	"4T1"	[4]
"4.4.865441440763073.2"	[14032111, -1423499, -35736, -1, 1]	865441440763073	5423.87187354	"4T1"	[20]
"4.4.870901795328473.1"	[-105927436, -3670666, -35811, -1, 1]	870901795328473	5432.40695371	"4T1"	[2, 116]
"4.4.870901795328473.2"	[-91602886, 3491609, -35811, -1, 1]	870901795328473	5432.40695371	"4T1"	[2, 4]
"4.4.870901795328473.3"	[-36596614, -2620199, -35811, -1, 1]	870901795328473	5432.40695371	"4T1"	[2, 4]
"4.4.870901795328473.4"	[6377036, 1677166, -35811, -1, 1]	870901795328473	5432.40695371	"4T1"	[2, 4]
"4.4.880823049655553.1"	[457302656, -3033960, -80934, -1, 1]	880823049655553	5447.81269918	"4T1"	[2, 4]
"4.4.880823049655553.2"	[1520335744, -478592, -80934, -1, 1]	880823049655553	5447.81269918	"4T1"	[2, 4]
"4.4.896092277345929.1"	[-59355180, -3030858, -36153, -1, 1]	896092277345929	5471.27045935	"4T1"	[2, 14]
"4.4.896092277345929.2"	[-21562852, -2355995, -36153, -1, 1]	896092277345929	5471.27045935	"4T1"	[2, 14]
"4.4.902576965102721.1"	[22565296, 1165732, -36240, -1, 1]	902576965102721	5481.14209979	"4T1"	[4]
"4.4.902576965102721.2"	[30296576, -767088, -36240, -1, 1]	902576965102721	5481.14209979	"4T1"	[4]
"4.4.903473852373217.1"	[-95839573, -3570859, -36252, -1, 1]	903473852373217	5482.50324016	"4T1"	[2]
"4.4.903473852373217.2"	[-28845184, 2519540, -36252, -1, 1]	903473852373217	5482.50324016	"4T1"	[2]
"4.4.921553946913600.13"	[29481952500, 0, -510510, 0, 1]	921553946913600	5509.72839846	"4T1"	[2, 2, 2, 2, 2, 2, 4]
"4.4.921553946913600.14"	[57784626900, 0, -510510, 0, 1]	921553946913600	5509.72839846	"4T1"	[2, 2, 2, 2, 2, 2, 4]
"4.4.929938682226157.1"	[442389197, 3469211, -99849, -1, 1]	929938682226157	5522.21839507	"4T1"	[2, 4]
"4.4.929938682226157.2"	[2235879233, 1090577, -99849, -1, 1]	929938682226157	5522.21839507	"4T1"	[2, 4]
"4.4.936049889524469.1"	[22105075, -3733330, -107318, -1, 1]	936049889524469	5531.26860817	"4T1"	[2, 4]
"4.4.936049889524469.2"	[1137506717, -2879924, -107318, -1, 1]	936049889524469	5531.26860817	"4T1"	[2, 4]
"4.4.957681397954009.1"	[14270558, -1521659, -36963, -1, 1]	957681397954009	5562.95136332	"4T1"	[12]
"4.4.957681397954009.2"	[35955738, 449721, -36963, -1, 1]	957681397954009	5562.95136332	"4T1"	[12]
"4.4.963716545792000.1"	[2004772770, 0, -340340, 0, 1]	963716545792000	5571.69492473	"4T1"	[2, 2, 2, 4, 4]
"4.4.963716545792000.2"	[10914873970, 0, -340340, 0, 1]	963716545792000	5571.69492473	"4T1"	[2, 2, 4, 4, 4]
"4.4.963716545792000.3"	[18042954930, 0, -340340, 0, 1]	963716545792000	5571.69492473	"4T1"	[2, 2, 2, 4, 4]
"4.4.963716545792000.4"	[26953056130, 0, -340340, 0, 1]	963716545792000	5571.69492473	"4T1"	[2, 2, 2, 4, 4]
"4.4.975984849142057.1"	[-31224484, -2622415, -37197, -1, 1]	975984849142057	5589.3430937	"4T1"	[2, 2, 4]
"4.4.975984849142057.2"	[35433212, 551761, -37197, -1, 1]	975984849142057	5589.3430937	"4T1"	[2, 4, 4]
"4.4.997322282646769.2"	[1076817600, 2815140, -94708, -1, 1]	997322282646769	5619.6449881	"4T1"	[2, 4]
"4.4.997322282646769.3"	[2151656752, -187204, -94708, -1, 1]	997322282646769	5619.6449881	"4T1"	[2, 4]
"4.4.998650922563949.1"	[15689195, 3967581, -107901, -1, 1]	998650922563949	5621.51568666	"4T1"	[4]
"4.4.998650922563949.2"	[2558155043, -1179111, -107901, -1, 1]	998650922563949	5621.51568666	"4T1"	[4]
"4.4.1010144108972753.1"	[-76664131, 3417729, -37626, -1, 1]	1010144108972753	5637.62044999	"4T1"	[2]
"4.4.1010144108972753.2"	[27184664, -1097436, -37626, -1, 1]	1010144108972753	5637.62044999	"4T1"	[2]
"4.4.1020465367685033.1"	[55649216, 3963576, -99891, -1, 1]	1020465367685033	5651.96635059	"4T1"	[2, 2, 8]
"4.4.1020465367685033.2"	[1507754704, -2377496, -99891, -1, 1]	1020465367685033	5651.96635059	"4T1"	[2, 2, 8]
"4.4.1026907798895369.1"	[-117652732, -3978810, -37833, -1, 1]	1026907798895369	5660.865848	"4T1"	[4]
"4.4.1026907798895369.2"	[15520748, -1557474, -37833, -1, 1]	1026907798895369	5660.865848	"4T1"	[4]
"4.4.1030569583931600.1"	[41469725, 0, -68545, 0, 1]	1030569583931600	5665.90554411	"4T1"	[2, 2]
"4.4.1044290687703733.1"	[499145061, 3676306, -105766, -1, 1]	1044290687703733	5684.6712138	"4T1"	[2, 4]
"4.4.1044290687703733.2"	[2513138019, 1155664, -105766, -1, 1]	1044290687703733	5684.6712138	"4T1"	[2, 4]
"4.4.1069249711968593.1"	[17837056, -1527464, -38346, -1, 1]	1069249711968593	5718.33751796	"4T1"	[8]
"4.4.1069249711968593.2"	[37163629, -607151, -38346, -1, 1]	1069249711968593	5718.33751796	"4T1"	[8]
"4.4.1081565775362297.1"	[566527372, -3362014, -89567, -1, 1]	1081565775362297	5734.73341452	"4T1"	[2, 20]
"4.4.1081565775362297.2"	[1871906036, -530390, -89567, -1, 1]	1081565775362297	5734.73341452	"4T1"	[2, 20]
"4.4.1089952999781696.1"	[76710578900, 0, -676162, 0, 1]	1089952999781696	5745.81902195	"4T1"	[2]
"4.4.1094542143126193.1"	[-123404719, -4115839, -38646, -1, 1]	1094542143126193	5751.85755205	"4T1"	[2, 8, 40]
"4.4.1094542143126193.2"	[-123404719, 4128721, -38646, -1, 1]	1094542143126193	5751.85755205	"4T1"	[2, 2, 8]
"4.4.1102340363009621.1"	[19294051, 4168454, -113330, -1, 1]	1102340363009621	5762.07527343	"4T1"	[4]
"4.4.1102340363009621.2"	[2825674447, -1238830, -113330, -1, 1]	1102340363009621	5762.07527343	"4T1"	[4]
"4.4.1102975339745161.1"	[-119507284, 4087637, -38745, -1, 1]	1102975339745161	5762.90487058	"4T1"	[2]
"4.4.1102975339745161.2"	[-15359716, -2421586, -38745, -1, 1]	1102975339745161	5762.90487058	"4T1"	[2]
"4.4.1127494335563441.1"	[-71029184, -3428168, -39030, -1, 1]	1127494335563441	5794.668449	"4T1"	[2, 4]
"4.4.1127494335563441.2"	[-17635631, 2504449, -39030, -1, 1]	1127494335563441	5794.668449	"4T1"	[2, 20]
"4.4.1127494335563441.3"	[35653841, -826143, -39030, -1, 1]	1127494335563441	5794.668449	"4T1"	[2, 4]
"4.4.1127494335563441.4"	[39713000, -513900, -39030, -1, 1]	1127494335563441	5794.668449	"4T1"	[2, 20]
"4.4.1136357065994977.1"	[-108149248, 3971936, -39132, -1, 1]	1136357065994977	5806.02236206	"4T1"	[4]
"4.4.1136357065994977.2"	[-28006144, 2719700, -39132, -1, 1]	1136357065994977	5806.02236206	"4T1"	[4]
"4.4.1145003425853113.1"	[-61054236, 3301974, -39231, -1, 1]	1145003425853113	5817.03526317	"4T1"	[4]
"4.4.1145003425853113.2"	[35193404, -882706, -39231, -1, 1]	1145003425853113	5817.03526317	"4T1"	[4]
"4.4.1145791626246721.1"	[-124654000, -4179100, -39240, -1, 1]	1145791626246721	5818.03609126	"4T1"	[16]
"4.4.1145791626246721.2"	[19227375, -1563075, -39240, -1, 1]	1145791626246721	5818.03609126	"4T1"	[3, 48]
"4.4.1151942433642000.1"	[235855620, 0, -255255, 0, 1]	1151942433642000	5825.82847789	"4T1"	[2, 2, 2, 2, 2, 4, 4]
"4.4.1151942433642000.2"	[2122700580, 0, -255255, 0, 1]	1151942433642000	5825.82847789	"4T1"	[2, 2, 2, 2, 2, 4, 4]
"4.4.1151942433642000.3"	[8490802320, 0, -255255, 0, 1]	1151942433642000	5825.82847789	"4T1"	[2, 2, 2, 2, 4, 4, 4]
"4.4.1151942433642000.4"	[15094759680, 0, -255255, 0, 1]	1151942433642000	5825.82847789	"4T1"	[2, 2, 2, 2, 2, 4, 4]
"4.4.1156864441622833.1"	[43046721, 6561, -39366, -1, 1]	1156864441622833	5832.04166662	"4T1"	[2, 2, 104]
"4.4.1161366498677897.1"	[-129253268, 4263646, -39417, -1, 1]	1161366498677897	5837.70740262	"4T1"	[4]
"4.4.1161366498677897.2"	[-120844228, -4145394, -39417, -1, 1]	1161366498677897	5837.70740262	"4T1"	[4]
"4.4.1173607064999641.1"	[-112888156, -4054426, -39555, -1, 1]	1173607064999641	5853.02903902	"4T1"	[2, 2, 24]
"4.4.1173607064999641.2"	[33941396, 1008662, -39555, -1, 1]	1173607064999641	5853.02903902	"4T1"	[2, 2, 12]
"4.4.1176546843935009.1"	[-108908032, -4005024, -39588, -1, 1]	1176546843935009	5856.69092737	"4T1"	[136]
"4.4.1176546843935009.2"	[-71431037, -3477179, -39588, -1, 1]	1176546843935009	5856.69092737	"4T1"	[8]
"4.4.1179589052049408.1"	[23585562, 0, -204204, 0, 1]	1179589052049408	5860.47318696	"4T1"	[2, 2, 2, 2, 4, 136]
"4.4.1179589052049408.2"	[1910430522, 0, -204204, 0, 1]	1179589052049408	5860.47318696	"4T1"	[2, 2, 2, 4, 4, 4]
"4.4.1179589052049408.3"	[8514387882, 0, -204204, 0, 1]	1179589052049408	5860.47318696	"4T1"	[2, 2, 2, 2, 4, 4]
"4.4.1179589052049408.4"	[10401232842, 0, -204204, 0, 1]	1179589052049408	5860.47318696	"4T1"	[2, 2, 2, 2, 4, 4]
"4.4.1207303232082641.1"	[-109469539, -4039623, -39930, -1, 1]	1207303232082641	5894.59662115	"4T1"	[2, 4]
"4.4.1207303232082641.2"	[-51543875, -3187775, -39930, -1, 1]	1207303232082641	5894.59662115	"4T1"	[2, 4]
"4.4.1217946916659257.1"	[-113744974, 4118205, -40047, -1, 1]	1217946916659257	5907.54570152	"4T1"	[2]
"4.4.1217946916659257.2"	[-14427484, 2516310, -40047, -1, 1]	1217946916659257	5907.54570152	"4T1"	[2]
"4.4.1218583731456000.1"	[974610, 0, -92820, 0, 1]	1218583731456000	5908.31775387	"4T1"	[2, 4, 4, 4]
"4.4.1218583731456000.2"	[351834210, 0, -92820, 0, 1]	1218583731456000	5908.31775387	"4T1"	[2, 4, 4, 4]
"4.4.1218583731456000.3"	[515568690, 0, -92820, 0, 1]	1218583731456000	5908.31775387	"4T1"	[2, 4, 4, 4]
"4.4.1218583731456000.4"	[819647010, 0, -92820, 0, 1]	1218583731456000	5908.31775387	"4T1"	[2, 4, 4, 4]
"4.4.1218583731456000.5"	[1334241090, 0, -92820, 0, 1]	1218583731456000	5908.31775387	"4T1"	[2, 4, 4, 4]
"4.4.1218583731456000.6"	[1638319410, 0, -92820, 0, 1]	1218583731456000	5908.31775387	"4T1"	[2, 4, 4, 4]
"4.4.1218583731456000.7"	[1802053890, 0, -92820, 0, 1]	1218583731456000	5908.31775387	"4T1"	[2, 4, 4, 4]
"4.4.1218583731456000.8"	[2152913490, 0, -92820, 0, 1]	1218583731456000	5908.31775387	"4T1"	[2, 4, 4, 4]
"4.4.1251088727846777.1"	[-98200444, -3926250, -40407, -1, 1]	1251088727846777	5947.32987525	"4T1"	[116]
"4.4.1251088727846777.2"	[45111046, -154895, -40407, -1, 1]	1251088727846777	5947.32987525	"4T1"	[4]
"4.4.1260244713728000.17"	[170340170, 0, -340340, 0, 1]	1260244713728000	5958.18139581	"4T1"	[2, 2, 2, 2, 4, 4]
"4.4.1260244713728000.18"	[8346668330, 0, -340340, 0, 1]	1260244713728000	5958.18139581	"4T1"	[2, 2, 4, 4, 4, 8]
"4.4.1260244713728000.19"	[20611160570, 0, -340340, 0, 1]	1260244713728000	5958.18139581	"4T1"	[2, 2, 2, 2, 4, 20]
"4.4.1260244713728000.20"	[28787488730, 0, -340340, 0, 1]	1260244713728000	5958.18139581	"4T1"	[2, 2, 2, 2, 4, 4]
"4.4.1267039489773329.1"	[-11504392, -2482044, -40578, -1, 1]	1267039489773329	5966.1962897	"4T1"	[12]
"4.4.1267039489773329.2"	[44764288, -317864, -40578, -1, 1]	1267039489773329	5966.1962897	"4T1"	[12]
"4.4.1292882003959333.1"	[622916867, 4090496, -117600, -1, 1]	1292882003959333	5996.38794786	"4T1"	[2, 4]
"4.4.1292882003959333.2"	[3116257829, 1285838, -117600, -1, 1]	1292882003959333	5996.38794786	"4T1"	[2, 4]
"4.4.1305357162504569.1"	[5098588, 2137966, -40983, -1, 1]	1305357162504569	6010.80084959	"4T1"	[14]
"4.4.1305357162504569.2"	[34606618, 1154365, -40983, -1, 1]	1305357162504569	6010.80084959	"4T1"	[14]
"4.4.1317695840536576.1"	[10791250, 0, -34532, 0, 1]	1317695840536576	6024.9548088	"4T1"	[2, 4, 4, 4, 8]
"4.4.1317695840536576.2"	[107757106, 0, -34532, 0, 1]	1317695840536576	6024.9548088	"4T1"	[2, 2, 2, 4, 16]
"4.4.1317695840536576.3"	[190357650, 0, -34532, 0, 1]	1317695840536576	6024.9548088	"4T1"	[2, 2, 2, 4, 16]
"4.4.1317695840536576.4"	[287323506, 0, -34532, 0, 1]	1317695840536576	6024.9548088	"4T1"	[2, 2, 2, 2, 4, 16]
"4.4.1321123607592961.3"	[1433700000, 3240000, -108870, -1, 1]	1321123607592961	6028.86922238	"4T1"	[2, 2, 4]
"4.4.1321123607592961.4"	[2857377536, -215528, -108870, -1, 1]	1321123607592961	6028.86922238	"4T1"	[2, 2, 4]
"4.4.1328613094856561.1"	[12935769800, 100, -227942, -1, 1]	1328613094856561	6037.3955754	"4T1"	[14]
"4.4.1329875017100209.1"	[-65370127, 3525881, -41238, -1, 1]	1329875017100209	6038.82865093	"4T1"	[4]
"4.4.1329875017100209.2"	[33931880, 1216532, -41238, -1, 1]	1329875017100209	6038.82865093	"4T1"	[3, 12]
"4.4.1335979296341353.1"	[-142300876, 4577569, -41301, -1, 1]	1335979296341353	6045.74648414	"4T1"	[2, 2, 28]
"4.4.1335979296341353.2"	[-107497584, 4137021, -41301, -1, 1]	1335979296341353	6045.74648414	"4T1"	[2, 2, 28]
"4.4.1347365318848849.1"	[-111836947, -4190159, -41418, -1, 1]	1347365318848849	6058.58689485	"4T1"	[4, 4]
"4.4.1347365318848849.2"	[-27012115, 2878577, -41418, -1, 1]	1347365318848849	6058.58689485	"4T1"	[4, 4]
"4.4.1347365318848849.3"	[11865933, 1994985, -41418, -1, 1]	1347365318848849	6058.58689485	"4T1"	[4, 4]
"4.4.1347365318848849.4"	[47209613, 227801, -41418, -1, 1]	1347365318848849	6058.58689485	"4T1"	[4, 4]
"4.4.1348829726860169.1"	[-124704532, -4357410, -41433, -1, 1]	1348829726860169	6060.2324451	"4T1"	[12]
"4.4.1348829726860169.2"	[21140948, -1705674, -41433, -1, 1]	1348829726860169	6060.2324451	"4T1"	[60]
"4.4.1354110381006137.1"	[-116175454, 4266285, -41487, -1, 1]	1354110381006137	6066.15519338	"4T1"	[18]
"4.4.1354110381006137.2"	[-18597148, -2703594, -41487, -1, 1]	1354110381006137	6066.15519338	"4T1"	[18]
"4.4.1378043919201041.1"	[-26853931, -2886351, -41730, -1, 1]	1378043919201041	6092.78375976	"4T1"	[12]
"4.4.1378043919201041.2"	[-5487979, 2455137, -41730, -1, 1]	1378043919201041	6092.78375976	"4T1"	[12]
"4.4.1412505614856601.1"	[-92226154, -3976123, -42075, -1, 1]	1412505614856601	6130.52327659	"4T1"	[2, 4]
"4.4.1412505614856601.2"	[10774364, -2068706, -42075, -1, 1]	1412505614856601	6130.52327659	"4T1"	[2, 4]
"4.4.1412505614856601.3"	[31643750, 1409525, -42075, -1, 1]	1412505614856601	6130.52327659	"4T1"	[6, 12]
"4.4.1412505614856601.4"	[36804996, -1171098, -42075, -1, 1]	1412505614856601	6130.52327659	"4T1"	[2, 4]
"4.4.1427121314737357.1"	[689932809, 4297591, -123517, -1, 1]	1427121314737357	6146.32078787	"4T1"	[2, 4]
"4.4.1427121314737357.2"	[3442118853, 1350925, -123517, -1, 1]	1427121314737357	6146.32078787	"4T1"	[2, 4]
"4.4.1430711531517241.1"	[-135228204, -4556538, -42255, -1, 1]	1430711531517241	6150.18272954	"4T1"	[52]
"4.4.1430711531517241.2"	[-126213724, 4457942, -42255, -1, 1]	1430711531517241	6150.18272954	"4T1"	[68]
"4.4.1452456476777249.1"	[-149673152, 4763536, -42468, -1, 1]	1452456476777249	6173.41939286	"4T1"	[4]
"4.4.1452456476777249.2"	[44548883, 799821, -42468, -1, 1]	1452456476777249	6173.41939286	"4T1"	[4]
"4.4.1472399745004109.1"	[9032860463, 3744885, -288201, -1, 1]	1472399745004109	6194.50251191	"4T1"	[]
"4.4.1480647456905833.1"	[-118198156, -4380991, -42741, -1, 1]	1480647456905833	6203.15904388	"4T1"	[4]
"4.4.1480647456905833.2"	[-77166436, -3811106, -42741, -1, 1]	1480647456905833	6203.15904388	"4T1"	[4]
"4.4.1518059813787089.1"	[-151139267, 4834201, -43098, -1, 1]	1518059813787089	6241.97781723	"4T1"	[12]
"4.4.1518059813787089.2"	[-114361987, -4360119, -43098, -1, 1]	1518059813787089	6241.97781723	"4T1"	[12]
"4.4.1536520620603457.1"	[-141962689, 4738325, -43272, -1, 1]	1536520620603457	6260.86873158	"4T1"	[4]
"4.4.1536520620603457.2"	[-123499809, -4493115, -43272, -1, 1]	1536520620603457	6260.86873158	"4T1"	[4]
"4.4.1573890019344161.1"	[-152337344, 4892752, -43620, -1, 1]	1573890019344161	6298.59371284	"4T1"	[2, 2]
"4.4.1573890019344161.2"	[-124071341, 4543789, -43620, -1, 1]	1573890019344161	6298.59371284	"4T1"	[2, 2]
"4.4.1585935770657113.1"	[-147721396, 4846894, -43731, -1, 1]	1585935770657113	6310.61083357	"4T1"	[6, 6]
"4.4.1585935770657113.2"	[46562526, -867339, -43731, -1, 1]	1585935770657113	6310.61083357	"4T1"	[2, 2]
"4.4.1620122935469849.1"	[40934188, -1225874, -44043, -1, 1]	1620122935469849	6344.34793688	"4T1"	[52]
"4.4.1620122935469849.2"	[50330108, 653310, -44043, -1, 1]	1620122935469849	6344.34793688	"4T1"	[52]
"4.4.1653119626671521.1"	[-144151021, -4840491, -44340, -1, 1]	1653119626671521	6376.40759673	"4T1"	[2]
"4.4.1653119626671521.2"	[-2616544, 2608692, -44340, -1, 1]	1653119626671521	6376.40759673	"4T1"	[2]
"4.4.1683502705937681.1"	[-90448000, -4156200, -44610, -1, 1]	1683502705937681	6405.50618239	"4T1"	[2, 40]
"4.4.1683502705937681.2"	[54208576, -349448, -44610, -1, 1]	1683502705937681	6405.50618239	"4T1"	[2, 8]
"4.4.1693840397401664.2"	[172130576, 0, -59602, 0, 1]	1693840397401664	6415.31700841	"4T1"	[2, 2, 2, 4]
"4.4.1734689782425600.15"	[10023863850, 0, -1021020, 0, 1]	1734689782425600	6453.65069012	"4T1"	[2, 2, 2, 2, 2, 2, 4]
"4.4.1734689782425600.16"	[250596596250, 0, -1021020, 0, 1]	1734689782425600	6453.65069012	"4T1"	[2, 2, 2, 2, 2, 4, 4]
"4.4.1744337620022633.1"	[-160827904, -5108499, -45141, -1, 1]	1744337620022633	6462.60536523	"4T1"	[4, 4]
"4.4.1744337620022633.2"	[-150716236, 5003169, -45141, -1, 1]	1744337620022633	6462.60536523	"4T1"	[4, 100]
"4.4.1744337620022633.3"	[-112677104, 4521661, -45141, -1, 1]	1744337620022633	6462.60536523	"4T1"	[4, 4]
"4.4.1744337620022633.4"	[-4337804, -2700959, -45141, -1, 1]	1744337620022633	6462.60536523	"4T1"	[4, 4]
"4.4.1801285897048217.1"	[-86992868, -4190114, -45627, -1, 1]	1801285897048217	6514.71861308	"4T1"	[4]
"4.4.1801285897048217.2"	[35653516, 1650190, -45627, -1, 1]	1801285897048217	6514.71861308	"4T1"	[4]
"4.4.1807327937532833.3"	[964232416, -4346176, -115466, -1, 1]	1807327937532833	6520.17482331	"4T1"	[2, 2, 4]
"4.4.1807327937532833.4"	[3145826048, -685784, -115466, -1, 1]	1807327937532833	6520.17482331	"4T1"	[2, 2, 4]
"4.4.1875109312225297.1"	[-147891304, 5063540, -46242, -1, 1]	1875109312225297	6580.46597132	"4T1"	[2]
"4.4.1875109312225297.2"	[54958581, 747585, -46242, -1, 1]	1875109312225297	6580.46597132	"4T1"	[2]
"4.4.1876934635707977.1"	[-96019228, 4386741, -46257, -1, 1]	1876934635707977	6582.06682423	"4T1"	[2]
"4.4.1876934635707977.2"	[-40757084, 3523270, -46257, -1, 1]	1876934635707977	6582.06682423	"4T1"	[2]
"4.4.1907039182132729.1"	[-174585780, 5402142, -46503, -1, 1]	1907039182132729	6608.30233447	"4T1"	[2]
"4.4.1907039182132729.2"	[17628170, 2301917, -46503, -1, 1]	1907039182132729	6608.30233447	"4T1"	[2]
"4.4.1941196242793625.1"	[-114637244, 4685734, -46779, -1, 1]	1941196242793625	6637.6960344	"4T1"	[4, 12]
"4.4.1941196242793625.2"	[59257286, -428811, -46779, -1, 1]	1941196242793625	6637.6960344	"4T1"	[4, 12]
"4.4.1977270698380697.1"	[-63004094, -3945815, -47067, -1, 1]	1977270698380697	6668.32153547	"4T1"	[4]
"4.4.1977270698380697.2"	[-40411754, 3584965, -47067, -1, 1]	1977270698380697	6668.32153547	"4T1"	[4]
"4.4.1993192787335049.1"	[-105796240, -4585623, -47193, -1, 1]	1993192787335049	6681.70545061	"4T1"	[2]
"4.4.1993192787335049.2"	[31630868, -1942794, -47193, -1, 1]	1993192787335049	6681.70545061	"4T1"	[2]
"4.4.2008435932884809.1"	[-187665052, 5622406, -47313, -1, 1]	2008435932884809	6694.44373343	"4T1"	[4]
"4.4.2008435932884809.2"	[-96823372, -4471114, -47313, -1, 1]	2008435932884809	6694.44373343	"4T1"	[4]
"4.4.2082294170837873.1"	[-130530776, 4988164, -47886, -1, 1]	2082294170837873	6755.15814649	"4T1"	[2]
"4.4.2082294170837873.2"	[61653209, 518769, -47886, -1, 1]	2082294170837873	6755.15814649	"4T1"	[2]
"4.4.2097987694980913.1"	[-92804824, 4488596, -48006, -1, 1]	2097987694980913	6767.85014901	"4T1"	[4]
"4.4.2097987694980913.2"	[-15994624, -3192424, -48006, -1, 1]	2097987694980913	6767.85014901	"4T1"	[4]
"4.4.2117715229887713.1"	[7784779, -2688731, -48156, -1, 1]	2117715229887713	6783.70400493	"4T1"	[4]
"4.4.2117715229887713.2"	[61206251, -634059, -48156, -1, 1]	2117715229887713	6783.70400493	"4T1"	[4]
"4.4.2153535717174353.1"	[-196361384, 5819236, -48426, -1, 1]	2153535717174353	6812.2098789	"4T1"	[2, 4]
"4.4.2153535717174353.2"	[-93051784, -4511724, -48426, -1, 1]	2153535717174353	6812.2098789	"4T1"	[2, 4]
"4.4.2153535717174353.3"	[-84141331, 4398729, -48426, -1, 1]	2153535717174353	6812.2098789	"4T1"	[2, 4]
"4.4.2153535717174353.4"	[60492109, -766751, -48426, -1, 1]	2153535717174353	6812.2098789	"4T1"	[2, 4]
"4.4.2205986123855233.1"	[-197413929, 5866101, -48816, -1, 1]	2205986123855233	6853.31500401	"4T1"	[2]
"4.4.2205986123855233.2"	[-102514896, -4678236, -48816, -1, 1]	2205986123855233	6853.31500401	"4T1"	[2]
"4.4.2268440484710400.13"	[68987768850, 0, -1021020, 0, 1]	2268440484710400	6901.3149493	"4T1"	[2, 2, 2, 2, 2, 2, 4]
"4.4.2268440484710400.14"	[191632691250, 0, -1021020, 0, 1]	2268440484710400	6901.3149493	"4T1"	[2, 2, 2, 2, 2, 2, 4]
"4.4.2328995685476377.1"	[-205784908, 6039446, -49707, -1, 1]	2328995685476377	6946.91797468	"4T1"	[2, 4]
"4.4.2328995685476377.2"	[-148787118, 5376681, -49707, -1, 1]	2328995685476377	6946.91797468	"4T1"	[2, 4]
"4.4.2328995685476377.3"	[44475156, 1797750, -49707, -1, 1]	2328995685476377	6946.91797468	"4T1"	[2, 4]
"4.4.2328995685476377.4"	[51102806, -1516075, -49707, -1, 1]	2328995685476377	6946.91797468	"4T1"	[2, 4]
"4.4.2376972045194993.1"	[-200678144, -5997224, -50046, -1, 1]	2376972045194993	6982.42080389	"4T1"	[8]
"4.4.2376972045194993.2"	[67436969, 542169, -50046, -1, 1]	2376972045194993	6982.42080389	"4T1"	[8]
"4.4.2394114366521777.1"	[1287728192, -5002284, -132732, -1, 1]	2394114366521777	6994.97591041	"4T1"	[2, 4]
"4.4.2394114366521777.2"	[4177780336, -789380, -132732, -1, 1]	2394114366521777	6994.97591041	"4T1"	[2, 20]
"4.4.2464368433634017.1"	[-178482613, 5816581, -50652, -1, 1]	2464368433634017	7045.73669667	"4T1"	[6]
"4.4.2464368433634017.2"	[-123778048, 5141216, -50652, -1, 1]	2464368433634017	7045.73669667	"4T1"	[6]
"4.4.2467873079016353.1"	[-155830381, -5532171, -50676, -1, 1]	2467873079016353	7048.24034533	"4T1"	[2, 2, 4]
"4.4.2467873079016353.2"	[-134208461, 5278789, -50676, -1, 1]	2467873079016353	7048.24034533	"4T1"	[2, 2, 4]
"4.4.2489411558640889.1"	[-208829542, -6158099, -50823, -1, 1]	2489411558640889	7063.56873211	"4T1"	[4]
"4.4.2489411558640889.2"	[59517878, -1279055, -50823, -1, 1]	2489411558640889	7063.56873211	"4T1"	[4]
"4.4.2502217659716081.1"	[-75848504, -4471628, -50910, -1, 1]	2502217659716081	7072.63541272	"4T1"	[2]
"4.4.2502217659716081.2"	[52445641, 1637617, -50910, -1, 1]	2502217659716081	7072.63541272	"4T1"	[2]
"4.4.2559715053069257.1"	[-185752604, 5959045, -51297, -1, 1]	2559715053069257	7112.91969624	"4T1"	[20, 20]
"4.4.2559715053069257.2"	[-38016164, 3907150, -51297, -1, 1]	2559715053069257	7112.91969624	"4T1"	[4, 4]
"4.4.2559715053069257.3"	[15606692, 2812806, -51297, -1, 1]	2559715053069257	7112.91969624	"4T1"	[4, 4]
"4.4.2559715053069257.4"	[70323892, -607019, -51297, -1, 1]	2559715053069257	7112.91969624	"4T1"	[4, 4]
"4.4.2575487901142928.1"	[6806244452, 0, -273431, 0, 1]	2575487901142928	7123.85183946	"4T1"	[2, 10]
"4.4.2580370503775457.3"	[179144192, 6302496, -158364, -1, 1]	2580370503775457	7127.2257863	"4T1"	[2, 2, 2, 8]
"4.4.2580370503775457.4"	[3849481408, -3780848, -158364, -1, 1]	2580370503775457	7127.2257863	"4T1"	[2, 2, 2, 8]
"4.4.2596756817427329.1"	[23841646720, 1254992, -313928, -1, 1]	2596756817427329	7138.51407443	"4T1"	[2, 20]
"4.4.2618542497388537.1"	[-186604884, 6004350, -51687, -1, 1]	2618542497388537	7153.43947013	"4T1"	[4]
"4.4.2618542497388537.2"	[-109418404, -5022290, -51687, -1, 1]	2618542497388537	7153.43947013	"4T1"	[4]
"4.4.2627588153376832.1"	[13052980368, 0, -493982, 0, 1]	2627588153376832	7159.60930483	"4T1"	[2]
"4.4.2659792770038377.1"	[-15107148, 3541761, -51957, -1, 1]	2659792770038377	7181.44684485	"4T1"	[2, 2]
"4.4.2659792770038377.2"	[74675196, -199170, -51957, -1, 1]	2659792770038377	7181.44684485	"4T1"	[2, 2]
"4.4.2745940857415937.1"	[-66796288, -4472304, -52512, -1, 1]	2745940857415937	7238.90362626	"4T1"	[4]
"4.4.2775696869834153.1"	[-164889976, 5841069, -52701, -1, 1]	2775696869834153	7258.43528213	"4T1"	[4]
"4.4.2775696869834153.2"	[29051084, -2591151, -52701, -1, 1]	2775696869834153	7258.43528213	"4T1"	[4]
"4.4.2812313919845161.1"	[3084281100, 4727010, -158437, -1, 1]	2812313919845161	7282.25611878	"4T1"	[2, 2, 4]
"4.4.2812313919845161.2"	[6114325972, -314662, -158437, -1, 1]	2812313919845161	7282.25611878	"4T1"	[2, 2, 4]
"4.4.2836333105319377.2"	[9757757, -3105319, -53082, -1, 1]	2836333105319377	7297.75549324	"4T1"	[108]
"4.4.2836333105319377.3"	[32406237, 2556801, -53082, -1, 1]	2836333105319377	7297.75549324	"4T1"	[108]
"4.4.2926722948217921.1"	[-148942000, -5712700, -53640, -1, 1]	2926722948217921	7355.21552702	"4T1"	[2, 88]
"4.4.2926722948217921.2"	[-32220544, -3996208, -53640, -1, 1]	2926722948217921	7355.21552702	"4T1"	[2, 88]
"4.4.2933603137042577.1"	[-236176168, -6719244, -53682, -1, 1]	2933603137042577	7359.53441219	"4T1"	[4, 4]
"4.4.2933603137042577.2"	[-222862939, 6593985, -53682, -1, 1]	2933603137042577	7359.53441219	"4T1"	[4, 4]
"4.4.2933603137042577.3"	[-172473083, -6003479, -53682, -1, 1]	2933603137042577	7359.53441219	"4T1"	[4, 4]
"4.4.2933603137042577.4"	[-75844808, 4732996, -53682, -1, 1]	2933603137042577	7359.53441219	"4T1"	[4, 4]
"4.4.3009155745024000.1"	[2406690, 0, -145860, 0, 1]	3009155745024000	7406.46826851	"4T1"	[2, 4, 4, 4]
"4.4.3009155745024000.2"	[868815090, 0, -145860, 0, 1]	3009155745024000	7406.46826851	"4T1"	[2, 4, 4, 4]
"4.4.3009155745024000.3"	[1273139010, 0, -145860, 0, 1]	3009155745024000	7406.46826851	"4T1"	[2, 4, 4, 4]
"4.4.3009155745024000.4"	[2024026290, 0, -145860, 0, 1]	3009155745024000	7406.46826851	"4T1"	[2, 4, 4, 68]
"4.4.3009155745024000.5"	[3294758610, 0, -145860, 0, 1]	3009155745024000	7406.46826851	"4T1"	[2, 4, 4, 4]
"4.4.3009155745024000.6"	[4045645890, 0, -145860, 0, 1]	3009155745024000	7406.46826851	"4T1"	[2, 4, 4, 4]
"4.4.3009155745024000.7"	[4449969810, 0, -145860, 0, 1]	3009155745024000	7406.46826851	"4T1"	[2, 4, 4, 4]
"4.4.3009155745024000.8"	[5316378210, 0, -145860, 0, 1]	3009155745024000	7406.46826851	"4T1"	[2, 4, 4, 4]
"4.4.3009497869310633.1"	[-19965196, 3835014, -54141, -1, 1]	3009497869310633	7406.67877811	"4T1"	[4]
"4.4.3009497869310633.2"	[55110844, -1940066, -54141, -1, 1]	3009497869310633	7406.67877811	"4T1"	[4]
"4.4.3054747368827673.1"	[-121804964, 5450206, -54411, -1, 1]	3054747368827673	7434.36406371	"4T1"	[2, 6]
"4.4.3054747368827673.2"	[74075986, -1079159, -54411, -1, 1]	3054747368827673	7434.36406371	"4T1"	[2, 6]
"4.4.3107086841064961.1"	[-186633529, -6265483, -54720, -1, 1]	3107086841064961	7466.00622882	"4T1"	[2, 12]
"4.4.3107086841064961.2"	[79526375, 738725, -54720, -1, 1]	3107086841064961	7466.00622882	"4T1"	[2, 12]
"4.4.3120905099393353.1"	[-193106916, -6347826, -54801, -1, 1]	3120905099393353	7474.29337977	"4T1"	[2, 2]
"4.4.3120905099393353.2"	[72862424, -1233031, -54801, -1, 1]	3120905099393353	7474.29337977	"4T1"	[2, 2]
"4.4.3161054523709081.1"	[-246994750, -6961975, -55035, -1, 1]	3161054523709081	7498.21685971	"4T1"	[2, 4, 4]
"4.4.3161054523709081.2"	[-206488714, 6540037, -55035, -1, 1]	3161054523709081	7498.21685971	"4T1"	[2, 2, 4, 4]
"4.4.3161054523709081.3"	[-100820794, -5200843, -55035, -1, 1]	3161054523709081	7498.21685971	"4T1"	[4, 4, 4, 4]
"4.4.3161054523709081.4"	[44179074, 2430729, -55035, -1, 1]	3161054523709081	7498.21685971	"4T1"	[2, 4, 4]
"4.4.3171922505723089.1"	[-162660160, 6033272, -55098, -1, 1]	3171922505723089	7504.65344846	"4T1"	[2]
"4.4.3171922505723089.2"	[13213853, -3223255, -55098, -1, 1]	3171922505723089	7504.65344846	"4T1"	[2]
"4.4.3247117585615441.1"	[-47617875, -4433175, -55530, -1, 1]	3247117585615441	7548.74063673	"4T1"	[10]
"4.4.3247117585615441.2"	[84322296, -434988, -55530, -1, 1]	3247117585615441	7548.74063673	"4T1"	[10]
"4.4.3276636255692800.1"	[65515450, 0, -340340, 0, 1]	3276636255692800	7565.83835133	"4T1"	[2, 2, 2, 4, 4]
"4.4.3276636255692800.2"	[5306751450, 0, -340340, 0, 1]	3276636255692800	7565.83835133	"4T1"	[2, 2, 2, 4, 4]
"4.4.3276636255692800.3"	[23651077450, 0, -340340, 0, 1]	3276636255692800	7565.83835133	"4T1"	[2, 2, 2, 4, 4]
"4.4.3276636255692800.4"	[28892313450, 0, -340340, 0, 1]	3276636255692800	7565.83835133	"4T1"	[2, 2, 2, 4, 4]
"4.4.3313880208391969.1"	[-242512477, 7016501, -55908, -1, 1]	3313880208391969	7587.2466285	"4T1"	[4, 4]
"4.4.3313880208391969.2"	[-228647200, 6867412, -55908, -1, 1]	3313880208391969	7587.2466285	"4T1"	[4, 4]
"4.4.3313880208391969.3"	[-176167872, 6271056, -55908, -1, 1]	3313880208391969	7587.2466285	"4T1"	[4, 4]
"4.4.3313880208391969.4"	[7957043, 3438365, -55908, -1, 1]	3313880208391969	7587.2466285	"4T1"	[4, 4]
"4.4.3428711491318073.1"	[1860510476, -5986446, -158631, -1, 1]	3428711491318073	7652.13698114	"4T1"	[2, 2, 4]
"4.4.3428711491318073.2"	[5999723188, -944774, -158631, -1, 1]	3428711491318073	7652.13698114	"4T1"	[2, 2, 4]
"4.4.3464405549621297.1"	[-259190303, 7272481, -56742, -1, 1]	3464405549621297	7671.97504308	"4T1"	[4]
"4.4.3464405549621297.2"	[-65509663, -4832559, -56742, -1, 1]	3464405549621297	7671.97504308	"4T1"	[4]
"4.4.3570983185216049.1"	[-260904287, -7327199, -57318, -1, 1]	3570983185216049	7730.31072999	"4T1"	[4]
"4.4.3570983185216049.2"	[3218785, -3658823, -57318, -1, 1]	3570983185216049	7730.31072999	"4T1"	[4]
"4.4.3652904369422729.1"	[-60165180, -4841658, -57753, -1, 1]	3652904369422729	7774.26921457	"4T1"	[4]
"4.4.3652904369422729.2"	[55649588, -2377514, -57753, -1, 1]	3652904369422729	7774.26921457	"4T1"	[4]
"4.4.3683157785100737.1"	[-262652528, 7422436, -57912, -1, 1]	3683157785100737	7790.31611966	"4T1"	[10]
"4.4.3683157785100737.2"	[-75016433, 5105941, -57912, -1, 1]	3683157785100737	7790.31611966	"4T1"	[2]
"4.4.3872333763954937.1"	[-214640188, -6978154, -58887, -1, 1]	3872333763954937	7888.47758326	"4T1"	[12]
"4.4.3872333763954937.2"	[42579866, 2914925, -58887, -1, 1]	3872333763954937	7888.47758326	"4T1"	[12]
"4.4.3902595313317121.1"	[-265918464, -7547328, -59040, -1, 1]	3902595313317121	7903.84435985	"4T1"	[14, 28]
"4.4.3902595313317121.2"	[-194282809, -6760123, -59040, -1, 1]	3902595313317121	7903.84435985	"4T1"	[2, 4]
"4.4.3902595313317121.3"	[-64393984, 5047952, -59040, -1, 1]	3902595313317121	7903.84435985	"4T1"	[2, 4]
"4.4.3902595313317121.4"	[95408631, -462483, -59040, -1, 1]	3902595313317121	7903.84435985	"4T1"	[2, 4]
"4.4.3981650529029473.1"	[-96029989, 5557301, -59436, -1, 1]	3981650529029473	7943.57105768	"4T1"	[12]
"4.4.3981650529029473.2"	[94166411, -782579, -59436, -1, 1]	3981650529029473	7943.57105768	"4T1"	[12]
"4.4.4152242679100489.1"	[-149865352, 6358841, -60273, -1, 1]	4152242679100489	8027.32195992	"4T1"	[2, 2, 4]
"4.4.4164655256675369.1"	[-90385052, 5560726, -60333, -1, 1]	4164655256675369	8033.3143995	"4T1"	[6]
"4.4.4164655256675369.2"	[83375068, -1679279, -60333, -1, 1]	4164655256675369	8033.3143995	"4T1"	[6]
"4.4.4198292724879161.1"	[-277810516, -7813986, -60495, -1, 1]	4198292724879161	8049.48655081	"4T1"	[20]
"4.4.4198292724879161.2"	[-162949964, -6523418, -60495, -1, 1]	4198292724879161	8049.48655081	"4T1"	[20]
"4.4.4392331313285609.1"	[-296509532, 8116801, -61413, -1, 1]	4392331313285609	8140.92535878	"4T1"	[3, 3, 6]
"4.4.4392331313285609.2"	[70333028, 2384886, -61413, -1, 1]	4392331313285609	8140.92535878	"4T1"	[6]
"4.4.4411670231852729.1"	[-313191202, 8292705, -61503, -1, 1]	4411670231852729	8149.87148592	"4T1"	[2, 4]
"4.4.4411670231852729.2"	[-296790302, -8108195, -61503, -1, 1]	4411670231852729	8149.87148592	"4T1"	[2, 4]
"4.4.4472632936243081.1"	[-265703500, -7815850, -61785, -1, 1]	4472632936243081	8177.88152249	"4T1"	[2, 4, 4]
"4.4.4472632936243081.2"	[-151029844, 6518357, -61785, -1, 1]	4472632936243081	8177.88152249	"4T1"	[2, 4, 4, 4]
"4.4.4472632936243081.3"	[7140716, 4046942, -61785, -1, 1]	4472632936243081	8177.88152249	"4T1"	[2, 4, 4]
"4.4.4472632936243081.4"	[94134524, -1390171, -61785, -1, 1]	4472632936243081	8177.88152249	"4T1"	[2, 2, 2, 40]
"4.4.4607769734568000.9"	[943422480, 0, -510510, 0, 1]	4607769734568000	8238.96564549	"4T1"	[2, 2, 2, 2, 2, 4, 4]
"4.4.4607769734568000.10"	[8490802320, 0, -510510, 0, 1]	4607769734568000	8238.96564549	"4T1"	[2, 2, 2, 2, 2, 4, 4]
"4.4.4607769734568000.11"	[33963209280, 0, -510510, 0, 1]	4607769734568000	8238.96564549	"4T1"	[2, 2, 2, 2, 2, 4, 4]
"4.4.4607769734568000.12"	[60379038720, 0, -510510, 0, 1]	4607769734568000	8238.96564549	"4T1"	[2, 2, 2, 2, 2, 4, 4]
"4.4.4668934784840353.1"	[-244542976, -7677856, -62676, -1, 1]	4668934784840353	8266.17227107	"4T1"	[2]
"4.4.4668934784840353.2"	[4658291, -4167979, -62676, -1, 1]	4668934784840353	8266.17227107	"4T1"	[2]
"4.4.5052411343464857.1"	[-340092634, -8826315, -64347, -1, 1]	5052411343464857	8430.9143126	"4T1"	[2, 4]
"4.4.5052411343464857.2"	[-89223668, -5909234, -64347, -1, 1]	5052411343464857	8430.9143126	"4T1"	[2, 4]
"4.4.5052411343464857.3"	[-55248254, -5394455, -64347, -1, 1]	5052411343464857	8430.9143126	"4T1"	[2, 4]
"4.4.5052411343464857.4"	[109824212, 954486, -64347, -1, 1]	5052411343464857	8430.9143126	"4T1"	[2, 4]
"4.4.5084277795740177.1"	[-146042504, -6695420, -64482, -1, 1]	5084277795740177	8444.17680243	"4T1"	[2, 10]
"4.4.5084277795740177.2"	[109307701, 1042465, -64482, -1, 1]	5084277795740177	8444.17680243	"4T1"	[2, 10]
"4.4.5234760382227137.1"	[-60034288, -5545404, -65112, -1, 1]	5234760382227137	8505.97695446	"4T1"	[2, 2, 12]
"4.4.5234760382227137.2"	[-18362368, 4872576, -65112, -1, 1]	5234760382227137	8505.97695446	"4T1"	[2, 2, 12]
"4.4.5316218237037889.1"	[-352941952, 9086416, -65448, -1, 1]	5316218237037889	8538.87586979	"4T1"	[4, 4]
"4.4.5316218237037889.2"	[-266550097, -8191955, -65448, -1, 1]	5316218237037889	8538.87586979	"4T1"	[4, 4]
"4.4.5316218237037889.3"	[-174398785, 7166597, -65448, -1, 1]	5316218237037889	8538.87586979	"4T1"	[4, 4]
"4.4.5316218237037889.4"	[-17846272, -4875904, -65448, -1, 1]	5316218237037889	8538.87586979	"4T1"	[4, 4]
"4.4.5554354736091673.1"	[-113425786, 6475109, -66411, -1, 1]	5554354736091673	8632.93365391	"4T1"	[12]
"4.4.5554354736091673.2"	[24709874, -4150711, -66411, -1, 1]	5554354736091673	8632.93365391	"4T1"	[12]
"4.4.5767021628028289.1"	[-378115897, 9515645, -67248, -1, 1]	5767021628028289	8714.40811479	"4T1"	[2]
"4.4.5767021628028289.2"	[-14974672, 5032420, -67248, -1, 1]	5767021628028289	8714.40811479	"4T1"	[10]
"4.4.5836764096657649.1"	[-341677440, 9193752, -67518, -1, 1]	5836764096657649	8740.63601229	"4T1"	[4]
"4.4.5836764096657649.2"	[-305667640, -8811148, -67518, -1, 1]	5836764096657649	8740.63601229	"4T1"	[4]
"4.4.6130195097665913.1"	[-373601324, -9596954, -68631, -1, 1]	6130195097665913	8848.47797303	"4T1"	[2, 2]
"4.4.6130195097665913.2"	[-126528374, -6851699, -68631, -1, 1]	6130195097665913	8848.47797303	"4T1"	[2, 2]
"4.4.6154343296875593.1"	[102548756, -2279259, -68721, -1, 1]	6154343296875593	8857.1791598	"4T1"	[4]
"4.4.6154343296875593.2"	[120874456, 1385881, -68721, -1, 1]	6154343296875593	8857.1791598	"4T1"	[4]
"4.4.6175085980598225.2"	[5946324184, 8644868, -309242, -1, 1]	6175085980598225	8864.63283543	"4T1"	[2, 2, 2]
"4.4.6193112184043721.1"	[-374427500, -9629675, -68865, -1, 1]	6193112184043721	8871.09513594	"4T1"	[2, 4]
"4.4.6193112184043721.2"	[-282607000, 8734425, -68865, -1, 1]	6193112184043721	8871.09513594	"4T1"	[2, 4]
"4.4.6530080336550497.1"	[75909312, 3376116, -70092, -1, 1]	6530080336550497	8989.37775834	"4T1"	[4, 4, 4]
"4.4.6530080336550497.2"	[135721472, -362144, -70092, -1, 1]	6530080336550497	8989.37775834	"4T1"	[2, 2, 4]
"4.4.6882527950948313.1"	[-186264796, 7905894, -71331, -1, 1]	6882527950948313	9108.29306683	"4T1"	[4, 4]
"4.4.6882527950948313.2"	[-2515174, -5219079, -71331, -1, 1]	6882527950948313	9108.29306683	"4T1"	[4, 116]
"4.4.6882527950948313.3"	[89549854, 3150469, -71331, -1, 1]	6882527950948313	9108.29306683	"4T1"	[4, 4]
"4.4.6882527950948313.4"	[140908444, 297214, -71331, -1, 1]	6882527950948313	9108.29306683	"4T1"	[4, 4]
"4.4.7287422892609600.1"	[13885185600, 0, -239070, 0, 1]	7287422892609600	9239.39412353	"4T1"	[2, 2, 2, 2, 4]
"4.4.7310533367033441.1"	[-398036629, -10274163, -72780, -1, 1]	7310533367033441	9246.71060978	"4T1"	[2]
"4.4.7310533367033441.2"	[84254656, -3481328, -72780, -1, 1]	7310533367033441	9246.71060978	"4T1"	[2]
"4.4.7348567911909713.1"	[-246047624, 8760916, -72906, -1, 1]	7348567911909713	9258.71419168	"4T1"	[2, 2, 8]
"4.4.7348567911909713.2"	[103902976, -2904104, -72906, -1, 1]	7348567911909713	9258.71419168	"4T1"	[2, 2, 8]
"4.4.7748404581948841.1"	[-351690964, -9980623, -74205, -1, 1]	7748404581948841	9382.16512732	"4T1"	[4]
"4.4.7748404581948841.2"	[-140354056, -7606051, -74205, -1, 1]	7748404581948841	9382.16512732	"4T1"	[4]
"4.4.8105217942738617.1"	[-461123588, 11161006, -75327, -1, 1]	8105217942738617	9488.36044339	"4T1"	[2, 4]
"4.4.8105217942738617.2"	[-334573598, -9930659, -75327, -1, 1]	8105217942738617	9488.36044339	"4T1"	[2, 4]
"4.4.8105217942738617.3"	[102927796, -3301850, -75327, -1, 1]	8105217942738617	9488.36044339	"4T1"	[2, 4]
"4.4.8105217942738617.4"	[157163506, -288755, -75327, -1, 1]	8105217942738617	9488.36044339	"4T1"	[2, 4]
"4.4.8639480390324057.1"	[-2200214, 5860825, -76947, -1, 1]	8639480390324057	9640.99606949	"4T1"	[2, 2, 4]
"4.4.8639480390324057.2"	[149642606, 1756965, -76947, -1, 1]	8639480390324057	9640.99606949	"4T1"	[2, 2, 4]
"4.4.8673448912128000.17"	[18042954930, 0, -1021020, 0, 1]	8673448912128000	9650.45869391	"4T1"	[2, 2, 2, 2, 2, 4, 4]
"4.4.8673448912128000.18"	[98233865730, 0, -1021020, 0, 1]	8673448912128000	9650.45869391	"4T1"	[2, 2, 2, 2, 2, 4, 4]
"4.4.8673448912128000.19"	[162386594370, 0, -1021020, 0, 1]	8673448912128000	9650.45869391	"4T1"	[2, 2, 2, 2, 2, 4, 4]
"4.4.8673448912128000.20"	[242577505170, 0, -1021020, 0, 1]	8673448912128000	9650.45869391	"4T1"	[2, 2, 2, 2, 2, 4, 4]
"4.4.9260752389680025.2"	[28351103784, 2764233, -346097, -1, 1]	9260752389680025	9809.8319601	"4T1"	[2, 2, 2, 2, 4]
"4.4.10301951604571712.1"	[27224977808, 0, -546862, 0, 1]	10301951604571712	10074.6478877	"4T1"	[2, 10]
"4.4.10493246618579089.1"	[-549252667, -12684199, -82098, -1, 1]	10493246618579089	10121.0942705	"4T1"	[6, 12]
"4.4.10493246618579089.2"	[-427747072, 11616920, -82098, -1, 1]	10493246618579089	10121.0942705	"4T1"	[2, 4]
"4.4.10493246618579089.3"	[-65857435, -7429903, -82098, -1, 1]	10493246618579089	10121.0942705	"4T1"	[2, 4]
"4.4.10493246618579089.4"	[123954008, 3735476, -82098, -1, 1]	10493246618579089	10121.0942705	"4T1"	[2, 4]
"4.4.11342202423552000.17"	[1533061530, 0, -1021020, 0, 1]	11342202423552000	10319.8728983	"4T1"	[2, 2, 2, 2, 2, 4, 4]
"4.4.11342202423552000.18"	[75120014970, 0, -1021020, 0, 1]	11342202423552000	10319.8728983	"4T1"	[2, 2, 2, 2, 2, 4, 4]
"4.4.11342202423552000.19"	[185500445130, 0, -1021020, 0, 1]	11342202423552000	10319.8728983	"4T1"	[2, 2, 2, 2, 2, 4, 20]
"4.4.11342202423552000.20"	[259087398570, 0, -1021020, 0, 1]	11342202423552000	10319.8728983	"4T1"	[2, 2, 2, 2, 2, 4, 4]
"4.4.11471478429142625.1"	[10275660571, 12839579, -583874, -1, 1]	11471478429142625	10349.1539694	"4T1"	[2, 2, 2]
"4.4.11471478429142625.2"	[78238357856, -3501536, -583874, -1, 1]	11471478429142625	10349.1539694	"4T1"	[2, 2, 2]
"4.4.13145759849348729.1"	[-646274692, -14263794, -88503, -1, 1]	13145759849348729	10707.7056359	"4T1"	[2, 4]
"4.4.13145759849348729.2"	[-360703802, -11667695, -88503, -1, 1]	13145759849348729	10707.7056359	"4T1"	[2, 4]
"4.4.13145759849348729.3"	[-229010780, 10281142, -88503, -1, 1]	13145759849348729	10707.7056359	"4T1"	[2, 4]
"4.4.13145759849348729.4"	[167956358, 3436881, -88503, -1, 1]	13145759849348729	10707.7056359	"4T1"	[2, 4]
"4.4.16383181278464000.1"	[13103090, 0, -340340, 0, 1]	16383181278464000	11313.5671576	"4T1"	[2, 4, 4, 20]
"4.4.16383181278464000.2"	[4730215490, 0, -340340, 0, 1]	16383181278464000	11313.5671576	"4T1"	[2, 4, 4, 4]
"4.4.16383181278464000.3"	[6931534610, 0, -340340, 0, 1]	16383181278464000	11313.5671576	"4T1"	[2, 4, 4, 4]
"4.4.16383181278464000.4"	[11019698690, 0, -340340, 0, 1]	16383181278464000	11313.5671576	"4T1"	[2, 4, 4, 4]
"4.4.16383181278464000.5"	[17938130210, 0, -340340, 0, 1]	16383181278464000	11313.5671576	"4T1"	[2, 4, 4, 4]
"4.4.16383181278464000.6"	[22026294290, 0, -340340, 0, 1]	16383181278464000	11313.5671576	"4T1"	[2, 4, 12, 12]
"4.4.16383181278464000.7"	[24227613410, 0, -340340, 0, 1]	16383181278464000	11313.5671576	"4T1"	[2, 4, 4, 4]
"4.4.16383181278464000.8"	[28944725810, 0, -340340, 0, 1]	16383181278464000	11313.5671576	"4T1"	[2, 4, 4, 4]
"4.4.17739555924198464.2"	[1669145600, 0, -130402, 0, 1]	17739555924198464	11540.7939181	"4T1"	[2, 2, 4]
"4.4.17739555924198464.3"	[2019666176, 0, -130402, 0, 1]	17739555924198464	11540.7939181	"4T1"	[2, 2, 4]
"4.4.18228200463126233.1"	[-454828454, 13833241, -98691, -1, 1]	18228200463126233	11619.4601013	"4T1"	[4, 4]
"4.4.18901234508524633.1"	[-763362604, -16631914, -99891, -1, 1]	18901234508524633	11725.2616448	"4T1"	[4, 4]
"4.4.18901234508524633.2"	[-603536404, 15333326, -99891, -1, 1]	18901234508524633	11725.2616448	"4T1"	[4, 4]
"4.4.18901234508524633.3"	[-181595236, 11071294, -99891, -1, 1]	18901234508524633	11725.2616448	"4T1"	[4, 20]
"4.4.18901234508524633.4"	[276573204, 416214, -99891, -1, 1]	18901234508524633	11725.2616448	"4T1"	[4, 4]
"4.4.23822488927824553.1"	[-949038676, 19152494, -107901, -1, 1]	23822488927824553	12423.5806445	"4T1"	[2, 4]
"4.4.23822488927824553.2"	[-764886996, 17713809, -107901, -1, 1]	23822488927824553	12423.5806445	"4T1"	[2, 4]
"4.4.23822488927824553.3"	[-81223884, -10772154, -107901, -1, 1]	23822488927824553	12423.5806445	"4T1"	[2, 4]
"4.4.23822488927824553.4"	[321607916, -701359, -107901, -1, 1]	23822488927824553	12423.5806445	"4T1"	[2, 4]
"4.4.24470077978746161.1"	[-974009944, 19469652, -108870, -1, 1]	24470077978746161	12507.1638205	"4T1"	[2, 4, 4, 20]
"4.4.24470077978746161.2"	[-258659000, -13046300, -108870, -1, 1]	24470077978746161	12507.1638205	"4T1"	[2, 2, 4, 4]
"4.4.24470077978746161.3"	[-112337216, 11340664, -108870, -1, 1]	24470077978746161	12507.1638205	"4T1"	[2, 4, 4]
"4.4.24470077978746161.4"	[315015296, 2050392, -108870, -1, 1]	24470077978746161	12507.1638205	"4T1"	[2, 4, 4]
"4.4.27248824994542400.2"	[1917764472500, 0, -3380810, 0, 1]	27248824994542400	12848.0419195	"4T1"	[2, 2, 2]
"4.4.29489726301235200.1"	[589639050, 0, -1021020, 0, 1]	29489726301235200	13104.4164264	"4T1"	[2, 2, 2, 2, 2, 4, 8]
"4.4.29489726301235200.2"	[47760763050, 0, -1021020, 0, 1]	29489726301235200	13104.4164264	"4T1"	[2, 2, 2, 4, 4, 4, 4]
"4.4.29489726301235200.3"	[212859697050, 0, -1021020, 0, 1]	29489726301235200	13104.4164264	"4T1"	[2, 2, 2, 2, 2, 12, 12]
"4.4.29489726301235200.4"	[260030821050, 0, -1021020, 0, 1]	29489726301235200	13104.4164264	"4T1"	[2, 2, 2, 2, 2, 4, 4]
"4.4.30650485445147177.1"	[-688429364, 18327310, -117357, -1, 1]	30650485445147177	13231.5078663	"4T1"	[4, 4]
"4.4.30841274491820801.1"	[-1108894361, 21658069, -117600, -1, 1]	30841274491820801	13252.0504074	"4T1"	[2, 2, 2, 88]
"4.4.30841274491820801.2"	[-463817104, 16326852, -117600, -1, 1]	30841274491820801	13252.0504074	"4T1"	[2, 4, 44]
"4.4.30841274491820801.3"	[-45159769, 11622837, -117600, -1, 1]	30841274491820801	13252.0504074	"4T1"	[2, 4, 4, 220]
"4.4.30841274491820801.4"	[384160000, 19600, -117600, -1, 1]	30841274491820801	13252.0504074	"4T1"	[2, 4, 44]
"4.4.36809993625102725.2"	[226239087469, 18724148, -1440452, -1, 1]	36809993625102725	13851.3287034	"4T1"	[2, 2]
"4.4.42075926236491328.1"	[6245312272, 0, -173906, 0, 1]	42075926236491328	14322.1567065	"4T1"	[2, 2, 2, 40]
"4.4.44344196789854177.1"	[-1448863744, -26170400, -132732, -1, 1]	44344196789854177	14511.3961516	"4T1"	[4, 4]
"4.4.44344196789854177.2"	[-542744064, -19091340, -132732, -1, 1]	44344196789854177	14511.3961516	"4T1"	[4, 4]
"4.4.44344196789854177.3"	[-21725248, 13472336, -132732, -1, 1]	44344196789854177	14511.3961516	"4T1"	[4, 4]
"4.4.44344196789854177.4"	[318069632, -7764844, -132732, -1, 1]	44344196789854177	14511.3961516	"4T1"	[4, 20]
"4.4.85031238070819904.2"	[829346177600, 0, -1821938, 0, 1]	85031238070819904	17076.3334083	"4T1"	[2, 4, 28]
"4.4.104274952918831241.1"	[-1032514156, -29858826, -176505, -1, 1]	104274952918831241	17969.8727026	"4T1"	[2]
"4.4.147448631506176000.1"	[117927810, 0, -1021020, 0, 1]	147448631506176000	19595.6731318	"4T1"	[2, 2, 4, 4, 4]
"4.4.147448631506176000.2"	[42571939410, 0, -1021020, 0, 1]	147448631506176000	19595.6731318	"4T1"	[2, 2, 4, 4, 20]
"4.4.147448631506176000.3"	[62383811490, 0, -1021020, 0, 1]	147448631506176000	19595.6731318	"4T1"	[2, 2, 4, 4, 100]
"4.4.147448631506176000.4"	[99177288210, 0, -1021020, 0, 1]	147448631506176000	19595.6731318	"4T1"	[2, 2, 4, 4, 4]
"4.4.147448631506176000.5"	[161443171890, 0, -1021020, 0, 1]	147448631506176000	19595.6731318	"4T1"	[2, 2, 4, 4, 4]
"4.4.147448631506176000.6"	[198236648610, 0, -1021020, 0, 1]	147448631506176000	19595.6731318	"4T1"	[2, 2, 4, 4, 4]
"4.4.147448631506176000.7"	[218048520690, 0, -1021020, 0, 1]	147448631506176000	19595.6731318	"4T1"	[2, 2, 4, 4, 4]
"4.4.147448631506176000.8"	[260502532290, 0, -1021020, 0, 1]	147448631506176000	19595.6731318	"4T1"	[2, 2, 4, 4, 20]
"4.4.166192436315349056.1"	[1527952846400, 0, -2509778, 0, 1]	166192436315349056	20190.7668385	"4T1"	[2, 2, 2, 20]
"4.4.175740214874619968.2"	[10360201472, 0, -280066, 0, 1]	175740214874619968	20474.7113699	"4T1"	[4, 4, 40]
"4.4.250295938866219329.1"	[-4378221937, 61169661, -236328, -1, 1]	250295938866219329	22367.2942337	"4T1"	[2, 4, 4]
"4.4.250295938866219329.2"	[-3218637377, -54788795, -236328, -1, 1]	250295938866219329	22367.2942337	"4T1"	[2, 4, 4]
"4.4.250295938866219329.3"	[-2583386705, 51086317, -236328, -1, 1]	250295938866219329	22367.2942337	"4T1"	[2, 4, 4]
"4.4.250295938866219329.4"	[1218033983, -14455419, -236328, -1, 1]	250295938866219329	22367.2942337	"4T1"	[2, 4, 4]
"4.4.265743531462431296.1"	[9885476416, 0, -321458, 0, 1]	265743531462431296	22704.6951705	"4T1"	[2, 2, 2, 4]
"4.4.1166604829640078912.1"	[23058516032, 0, -526354, 0, 1]	1166604829640078912	32864.7961256	"4T1"	[2, 4, 4]
"4.4.1284028785264667625.1"	[-10647903044, 128866174, -407589, -1, 1]	1284028785264667625	33662.2925459	"4T1"	[2, 2, 4]
"4.4.1284028785264667625.2"	[-9634907584, -124382691, -407589, -1, 1]	1284028785264667625	33662.2925459	"4T1"	[2, 2, 100]
"4.4.1961631068489419328.1"	[29687973392, 0, -625906, 0, 1]	1961631068489419328	37424.3557502	"4T1"	[2, 2, 4, 4]
"4.4.2446976682154903625.1"	[-19130301524, -187898306, -505329, -1, 1]	2446976682154903625	39550.9990097	"4T1"	[2, 2, 4]
"4.4.2446976682154903625.2"	[-10883326124, 155725669, -505329, -1, 1]	2446976682154903625	39550.9990097	"4T1"	[2, 2, 4]
"4.4.2606873822970781025.2"	[22499653120, -149411800, -647186, -1, 1]	2606873822970781025	40181.8569101	"4T1"	[2, 2, 4]
"4.4.3018505506041264329.1"	[-16832219380, -189954658, -541953, -1, 1]	3018505506041264329	41681.9466217	"4T1"	[2, 4]
"4.4.75462637651031608225.1"	[35131715424, -950134592, -1987162, -1, 1]	75462637651031608225	93203.6660805	"4T1"	[2, 4, 4]
"4.4.91252938578164807625.1"	[-145714725944, 1006501849, -1688289, -1, 1]	91252938578164807625	97737.6099475	"4T1"	[2, 2, 4, 4]
"4.4.91252938578164807625.2"	[77463623116, -87509666, -1688289, -1, 1]	91252938578164807625	97737.6099475	"4T1"	[2, 2, 4, 100]
"4.4.117268013145811452625.1"	[-212332627939, 1223982169, -1835514, -1, 1]	117268013145811452625	104062.652531	"4T1"	[2, 2, 8, 16]
"4.4.117268013145811452625.2"	[78779951936, -268902856, -1835514, -1, 1]	117268013145811452625	104062.652531	"4T1"	[2, 2, 4, 16]
"4.4.255738443899305487121.1"	[-376436996875, -1840361175, -2380290, -1, 1]	255738443899305487121	126458.784918	"4T1"	[2, 6]
"4.4.3246494651470145770577.1"	[-1743106438024, -6203271660, -5552682, -1, 1]	3246494651470145770577	238700.689191	"4T1"	[4, 60]
"4.4.6393461097482637178025.1"	[-606690419150, -9203392735, -8727731, -1, 1]	6393461097482637178025	282770.439429	"4T1"	[2, 2, 4, 12]
"4.4.6632279269999049472625.1"	[-3412579798264, -9486919756, -7045614, -1, 1]	6632279269999049472625	285374.853315	"4T1"	[2, 4, 4, 104]
"4.4.6632279269999049472625.2"	[-2596697653639, 8643794569, -7045614, -1, 1]	6632279269999049472625	285374.853315	"4T1"	[2, 4, 4, 8]
"4.4.8408028035795115083201.1"	[-3468413440000, -10165929600, -7625400, -1, 1]	8408028035795115083201	302812.318055	"4T1"	[4, 52]
"4.4.37404148897201563382625.1"	[-9804310384469, 21773551549, -12541164, -1, 1]	37404148897201563382625	439774.399527	"4T1"	[2, 2, 2, 4, 4]
"4.4.37404148897201563382625.2"	[-9415132971584, -21468383216, -12541164, -1, 1]	37404148897201563382625	439774.399527	"4T1"	[2, 2, 2, 2, 8]
"4.4.207775657694089329316928.1"	[52780748383232, 0, -29614306, 0, 1]	207775657694089329316928	675147.504003	"4T1"	[2, 2, 4, 60]
"4.4.478306162939638658423625.1"	[-56757494265224, 79422212569, -29326929, -1, 1]	478306162939638658423625	831623.004184	"4T1"	[2, 2, 4, 8]
"4.4.478306162939638658423625.2"	[18624445000276, -20289347306, -29326929, -1, 1]	478306162939638658423625	831623.004184	"4T1"	[2, 2, 2, 4, 8]
"4.4.538113794290887365324864.2"	[87974752486400, 0, -40668802, 0, 1]	538113794290887365324864	856482.574093	"4T1"	[2, 2, 4, 52]
"4.4.754938414848748801365729.1"	[-76591137431680, -99608488908, -34145628, -1, 1]	754938414848748801365729	932132.995261	"4T1"	[4, 4]
"4.4.1443260525647794419197169.1"	[-120806882848000, -138881598888, -42378558, -1, 1]	1443260525647794419197169	1096064.68066	"4T1"	[4, 4, 12]
"4.4.10171870672385463713743625.1"	[-457242474582124, -372551804106, -81251529, -1, 1]	10171870672385463713743625	1785871.50352	"4T1"	[2, 2, 2, 4, 24]
"4.4.10171870672385463713743625.2"	[-340868617442624, 337044885769, -81251529, -1, 1]	10171870672385463713743625	1785871.50352	"4T1"	[2, 2, 2, 4, 24]
"4.4.48316058550319923287406656.1"	[1314834329960000, 0, -182110018, 0, 1]	48316058550319923287406656	2636470.24767	"4T1"	[2, 4, 4, 4]
"4.4.92368673641458842828618816.2"	[1844495675662400, 0, -226018978, 0, 1]	92368673641458842828618816	3100139.07326	"4T1"	[2, 2, 4, 4, 12]


# Label --
#    Each (global) number field has a unique label of the form d.r.D.i where
#    <ul>
#    <li>\(d\) is the degree;
#    <li>\(r\) is the real signature;  the full signature is therefore \([r,(d-r)/2]\);
#    <li>\(D\) is the absolute value of the discriminant;
#    <li>\(i\) is the index, counting from 1.  This is in case there is more than one
#      field with the same signature and absolute value of the
#      discriminant: for example <a href="/NumberField/4.0.1008.1">4.0.1008.1</a> and <a href="/NumberField/4.0.1008.2">4.0.1008.2</a>.
#    </ul>
#    The discriminant portion of the label can take the form \(a_1\) e \(\epsilon_1\) _ \(a_2\) e \(\epsilon_2\) _ \(\cdots\) _ \(a_k\) e \(\epsilon_k\) to mean the absolute value of the
#    discriminant equals \(a_1^{\epsilon_1}a_2^{\epsilon_2}\cdots a_k^{\epsilon_k}\).  The separators are the letter e and the underscore symbol.


#Polynomial (coeffs) --
#    A **defining polynomial** of a number field $K$ is an irreducible polynomial $f\in\Q[x]$ such that $K\cong \mathbb{Q}(a)$, where $a$ is a root of $f(x)$. Equivalently, it is a polynomial $f\in \Q[x]$ such that $K \cong \Q[x]/(f)$.

#    A root \(a \in K\) of the defining polynomial is a generator of \(K\).




#Discriminant (disc) --
#    The **discriminant** of a number field $K$ is the square of the determinant of the matrix
#    \[
#    \left( \begin{array}{ccc}
#     \sigma_1(\beta_1) & \cdots & \sigma_1(\beta_n) \\
#    \vdots & & \vdots \\
#    \sigma_n(\beta_1) & \cdots & \sigma_n(\beta_n) \\
#    \end{array} \right)
#    \]
#    where $\sigma_1,..., \sigma_n$ are the embeddings of $K$ into the complex numbers $\mathbb{C}$, and $\{\beta_1, \ldots, \beta_n\}$ is an integral basis for the ring of integers of $K$.

#    The discriminant of $K$ is a non-zero integer divisible exactly by the primes which ramify in $K$.



#Root discriminant (rd) --
#    If $K$ is a number field of degree $n$ and discriminant $D$, then the **root discriminant** of $K$ is
#    \[ \textrm{rd}(K) = |D|^{1/n}.\]
#    It gives a measure of the discriminant of a number field which is normalized for the degree.  For example, if $K\subseteq L$ are number fields and $L/K$ is unramified, then $\textrm{rd}(K)=\textrm{rd}(L)$.


#Galois group (galois_label) --
#    Let $K$ be a finite degree $n$ separable extension of a field $F$, and $K^{gal}$ be its
#    Galois (or normal) closure.
#    The **Galois group** for $K/F$ is the automorphism group $\Aut(K^{gal}/F)$.

#    This automorphism group acts on the $n$ embeddings $K\hookrightarrow K^{gal}$ via composition.  As a result, we get an injection $\Aut(K^{gal}/F)\hookrightarrow S_n$, which is well-defined up to the labelling of the $n$ embeddings, which corresponds to being well-defined up to conjugation in $S_n$.

#    We use the notation $\Gal(K/F)$ for $\Aut(K/F)$ when $K=K^{gal}$.

#    There is a naming convention for Galois groups up to degree $47$.





#Class group (class_group) --
#    The **ideal class group** of a number field $K$ with ring of integers $O_K$ is the group of equivalence classes of ideals, given by the quotient of the multiplicative group of all fractional ideals of $O_K$ by the subgroup of principal fractional ideals.

#    Since $K$ is a number field, the ideal class group of $K$ is a finite abelian group, and so has the structure of a product of cyclic groups encoded by a finite list $[a_1,\dots,a_n]$, where the $a_i$ are positive integers with $a_i\mid a_{i+1}$ for $1\leq i < n$.


